game_id,season,week,team,def_value_pre,def_value_post
1999_01_ARI_PHI,1999,1,ARI,0.0,0.635
1999_02_ARI_MIA,1999,2,ARI,0.635,0.221
1999_03_SF_ARI,1999,3,ARI,0.221,0.299
1999_04_ARI_DAL,1999,4,ARI,0.299,-1.706
1999_05_NYG_ARI,1999,5,ARI,-1.706,-1.535
1999_06_WAS_ARI,1999,6,ARI,-1.535,-1.526
1999_08_NE_ARI,1999,8,ARI,-1.526,-2.731
1999_09_ARI_NYJ,1999,9,ARI,-2.731,-3.721
1999_10_DET_ARI,1999,10,ARI,-3.721,-5.636
1999_11_DAL_ARI,1999,11,ARI,-5.636,-5.641
1999_12_ARI_NYG,1999,12,ARI,-5.641,-5.332
1999_13_PHI_ARI,1999,13,ARI,-5.332,-6.846
1999_14_ARI_WAS,1999,14,ARI,-6.846,-5.931
1999_15_BUF_ARI,1999,15,ARI,-5.931,-6.316
1999_16_ARI_ATL,1999,16,ARI,-6.316,-7.938
1999_17_ARI_GB,1999,17,ARI,-7.938,-9.492
2000_01_ARI_NYG,2000,1,ARI,-6.084,-5.686
2000_02_DAL_ARI,2000,2,ARI,-5.686,-8.549
2000_04_GB_ARI,2000,4,ARI,-8.549,-10.162
2000_05_ARI_SF,2000,5,ARI,-10.162,-10.87
2000_06_CLE_ARI,2000,6,ARI,-10.87,-10.934
2000_07_PHI_ARI,2000,7,ARI,-10.934,-12.304
2000_08_ARI_DAL,2000,8,ARI,-12.304,-13.142
2000_09_NO_ARI,2000,9,ARI,-13.142,-12.546
2000_10_WAS_ARI,2000,10,ARI,-12.546,-10.915
2000_11_ARI_MIN,2000,11,ARI,-10.915,-13.343
2000_12_ARI_PHI,2000,12,ARI,-13.343,-14.141
2000_13_NYG_ARI,2000,13,ARI,-14.141,-14.658
2000_14_ARI_CIN,2000,14,ARI,-14.658,-14.122
2000_15_ARI_JAX,2000,15,ARI,-14.122,-15.838
2000_16_BAL_ARI,2000,16,ARI,-15.838,-13.316
2000_17_ARI_WAS,2000,17,ARI,-13.316,-12.184
2001_02_DEN_ARI,2001,2,ARI,-7.81,-8.907
2001_03_ATL_ARI,2001,3,ARI,-8.907,-11.551
2001_04_ARI_PHI,2001,4,ARI,-11.551,-12.381
2001_05_ARI_CHI,2001,5,ARI,-12.381,-11.291
2001_06_KC_ARI,2001,6,ARI,-11.291,-11.399
2001_07_ARI_DAL,2001,7,ARI,-11.399,-10.616
2001_08_PHI_ARI,2001,8,ARI,-10.616,-10.682
2001_09_NYG_ARI,2001,9,ARI,-10.682,-9.574
2001_10_DET_ARI,2001,10,ARI,-9.574,-11.325
2001_11_ARI_LAC,2001,11,ARI,-11.325,-14.22
2001_12_ARI_OAK,2001,12,ARI,-14.22,-14.754
2001_13_WAS_ARI,2001,13,ARI,-14.754,-15.642
2001_14_ARI_NYG,2001,14,ARI,-15.642,-15.514
2001_15_DAL_ARI,2001,15,ARI,-15.514,-15.044
2001_16_ARI_CAR,2001,16,ARI,-15.044,-15.467
2001_17_ARI_WAS,2001,17,ARI,-15.467,-15.126
2002_01_ARI_WAS,2002,1,ARI,-9.696,-11.907
2002_02_ARI_SEA,2002,2,ARI,-11.907,-13.473
2002_03_LAC_ARI,2002,3,ARI,-13.473,-12.924
2002_04_NYG_ARI,2002,4,ARI,-12.924,-11.304
2002_05_ARI_CAR,2002,5,ARI,-11.304,-10.73
2002_07_DAL_ARI,2002,7,ARI,-10.73,-8.908
2002_08_ARI_SF,2002,8,ARI,-8.908,-10.334
2002_09_LAR_ARI,2002,9,ARI,-10.334,-10.521
2002_10_SEA_ARI,2002,10,ARI,-10.521,-12.038
2002_11_ARI_PHI,2002,11,ARI,-12.038,-13.189
2002_12_OAK_ARI,2002,12,ARI,-13.189,-13.119
2002_13_ARI_KC,2002,13,ARI,-13.119,-13.777
2002_14_DET_ARI,2002,14,ARI,-13.777,-14.015
2002_15_ARI_LAR,2002,15,ARI,-14.015,-13.898
2002_16_SF_ARI,2002,16,ARI,-13.898,-12.762
2002_17_ARI_DEN,2002,17,ARI,-12.762,-13.637
2003_01_ARI_DET,2003,1,ARI,-8.741,-10.623
2003_02_SEA_ARI,2003,2,ARI,-10.623,-10.85
2003_03_GB_ARI,2003,3,ARI,-10.85,-11.569
2003_04_ARI_LAR,2003,4,ARI,-11.569,-12.814
2003_05_ARI_DAL,2003,5,ARI,-12.814,-13.949
2003_06_BAL_ARI,2003,6,ARI,-13.949,-13.156
2003_08_SF_ARI,2003,8,ARI,-13.156,-12.926
2003_09_CIN_ARI,2003,9,ARI,-12.926,-11.463
2003_10_ARI_PIT,2003,10,ARI,-11.463,-11.999
2003_11_ARI_CLE,2003,11,ARI,-11.999,-16.053
2003_12_LAR_ARI,2003,12,ARI,-16.053,-14.46
2003_13_ARI_CHI,2003,13,ARI,-14.46,-16.143
2003_14_ARI_SF,2003,14,ARI,-16.143,-19.772
2003_15_CAR_ARI,2003,15,ARI,-19.772,-19.765
2003_16_ARI_SEA,2003,16,ARI,-19.765,-18.401
2003_17_MIN_ARI,2003,17,ARI,-18.401,-17.598
2004_01_ARI_LAR,2004,1,ARI,-11.28,-12.157
2004_02_NE_ARI,2004,2,ARI,-12.157,-10.794
2004_03_ARI_ATL,2004,3,ARI,-10.794,-8.665
2004_04_NO_ARI,2004,4,ARI,-8.665,-8.509
2004_05_ARI_SF,2004,5,ARI,-8.509,-10.46
2004_07_SEA_ARI,2004,7,ARI,-10.46,-6.969
2004_08_ARI_BUF,2004,8,ARI,-6.969,-7.618
2004_09_ARI_MIA,2004,9,ARI,-7.618,-7.631
2004_10_NYG_ARI,2004,10,ARI,-7.631,-7.02
2004_11_ARI_CAR,2004,11,ARI,-7.02,-6.634
2004_12_NYJ_ARI,2004,12,ARI,-6.634,-7.243
2004_13_ARI_DET,2004,13,ARI,-7.243,-7.108
2004_14_SF_ARI,2004,14,ARI,-7.108,-8.75
2004_15_LAR_ARI,2004,15,ARI,-8.75,-6.631
2004_16_ARI_SEA,2004,16,ARI,-6.631,-5.042
2004_17_TB_ARI,2004,17,ARI,-5.042,-3.73
2005_01_ARI_NYG,2005,1,ARI,-2.391,-1.31
2005_02_LAR_ARI,2005,2,ARI,-1.31,-0.171
2005_03_ARI_SEA,2005,3,ARI,-0.171,-0.714
2005_04_SF_ARI,2005,4,ARI,-0.714,0.614
2005_05_CAR_ARI,2005,5,ARI,0.614,-0.326
2005_07_TEN_ARI,2005,7,ARI,-0.326,0.528
2005_08_ARI_DAL,2005,8,ARI,0.528,-0.139
2005_09_SEA_ARI,2005,9,ARI,-0.139,-0.508
2005_10_ARI_DET,2005,10,ARI,-0.508,-3.267
2005_11_ARI_LAR,2005,11,ARI,-3.267,-3.855
2005_12_JAX_ARI,2005,12,ARI,-3.855,-2.793
2005_13_ARI_SF,2005,13,ARI,-2.793,-1.526
2005_14_WAS_ARI,2005,14,ARI,-1.526,0.194
2005_15_ARI_HOU,2005,15,ARI,0.194,0.603
2005_16_PHI_ARI,2005,16,ARI,0.603,0.191
2005_17_ARI_IND,2005,17,ARI,0.191,-0.929
2006_01_SF_ARI,2006,1,ARI,-0.596,-2.407
2006_02_ARI_SEA,2006,2,ARI,-2.407,-0.126
2006_03_LAR_ARI,2006,3,ARI,-0.126,-1.56
2006_04_ARI_ATL,2006,4,ARI,-1.56,-2.016
2006_05_KC_ARI,2006,5,ARI,-2.016,-3.834
2006_06_CHI_ARI,2006,6,ARI,-3.834,0.554
2006_07_ARI_OAK,2006,7,ARI,0.554,0.309
2006_08_ARI_GB,2006,8,ARI,0.309,-0.686
2006_10_DAL_ARI,2006,10,ARI,-0.686,-3.688
2006_11_DET_ARI,2006,11,ARI,-3.688,-2.459
2006_12_ARI_MIN,2006,12,ARI,-2.459,-4.712
2006_13_ARI_LAR,2006,13,ARI,-4.712,-3.604
2006_14_SEA_ARI,2006,14,ARI,-3.604,-5.532
2006_15_DEN_ARI,2006,15,ARI,-5.532,-6.91
2006_16_ARI_SF,2006,16,ARI,-6.91,-5.785
2006_17_ARI_LAC,2006,17,ARI,-5.785,-6.595
2007_01_ARI_SF,2007,1,ARI,-4.227,-3.921
2007_02_SEA_ARI,2007,2,ARI,-3.921,-4.869
2007_03_ARI_BAL,2007,3,ARI,-4.869,-5.447
2007_04_PIT_ARI,2007,4,ARI,-5.447,-4.556
2007_05_ARI_LAR,2007,5,ARI,-4.556,-4.333
2007_06_CAR_ARI,2007,6,ARI,-4.333,-4.82
2007_07_ARI_WAS,2007,7,ARI,-4.82,-3.672
2007_09_ARI_TB,2007,9,ARI,-3.672,-3.367
2007_10_DET_ARI,2007,10,ARI,-3.367,-3.583
2007_11_ARI_CIN,2007,11,ARI,-3.583,-3.176
2007_12_SF_ARI,2007,12,ARI,-3.176,-4.823
2007_13_CLE_ARI,2007,13,ARI,-4.823,-4.626
2007_14_ARI_SEA,2007,14,ARI,-4.626,-6.665
2007_15_ARI_NO,2007,15,ARI,-6.665,-7.835
2007_16_ATL_ARI,2007,16,ARI,-7.835,-9.481
2007_17_LAR_ARI,2007,17,ARI,-9.481,-7.943
2008_01_ARI_SF,2008,1,ARI,-5.091,-4.836
2008_02_MIA_ARI,2008,2,ARI,-4.836,-3.511
2008_03_ARI_WAS,2008,3,ARI,-3.511,-4.75
2008_04_ARI_NYJ,2008,4,ARI,-4.75,-7.023
2008_05_BUF_ARI,2008,5,ARI,-7.023,-6.106
2008_06_DAL_ARI,2008,6,ARI,-6.106,-6.899
2008_08_ARI_CAR,2008,8,ARI,-6.899,-7.973
2008_09_ARI_LAR,2008,9,ARI,-7.973,-7.672
2008_10_SF_ARI,2008,10,ARI,-7.672,-7.887
2008_11_ARI_SEA,2008,11,ARI,-7.887,-6.298
2008_12_NYG_ARI,2008,12,ARI,-6.298,-8.228
2008_13_ARI_PHI,2008,13,ARI,-8.228,-10.631
2008_14_LAR_ARI,2008,14,ARI,-10.631,-11.007
2008_15_MIN_ARI,2008,15,ARI,-11.007,-11.778
2008_16_ARI_NE,2008,16,ARI,-11.778,-13.825
2008_17_SEA_ARI,2008,17,ARI,-13.825,-13.557
2008_18_ATL_ARI,2008,18,ARI,-13.557,-12.389
2008_19_ARI_CAR,2008,19,ARI,-12.389,-8.938
2008_20_PHI_ARI,2008,20,ARI,-8.938,-10.26
2008_21_PIT_ARI,2008,21,ARI,-10.26,-10.265
2009_01_SF_ARI,2009,1,ARI,-6.58,-6.014
2009_02_ARI_JAX,2009,2,ARI,-6.014,-5.797
2009_03_IND_ARI,2009,3,ARI,-5.797,-7.574
2009_05_HOU_ARI,2009,5,ARI,-7.574,-9.41
2009_06_ARI_SEA,2009,6,ARI,-9.41,-5.532
2009_07_ARI_NYG,2009,7,ARI,-5.532,-3.072
2009_08_CAR_ARI,2009,8,ARI,-3.072,-2.908
2009_09_ARI_CHI,2009,9,ARI,-2.908,-3.984
2009_10_SEA_ARI,2009,10,ARI,-3.984,-2.504
2009_11_ARI_LAR,2009,11,ARI,-2.504,-1.581
2009_12_ARI_TEN,2009,12,ARI,-1.581,-2.611
2009_13_MIN_ARI,2009,13,ARI,-2.611,-1.653
2009_14_ARI_SF,2009,14,ARI,-1.653,-0.923
2009_15_ARI_DET,2009,15,ARI,-0.923,0.631
2009_16_LAR_ARI,2009,16,ARI,0.631,1.671
2009_17_GB_ARI,2009,17,ARI,1.671,0.393
2009_18_GB_ARI,2009,18,ARI,0.393,-1.223
2009_19_ARI_NO,2009,19,ARI,-1.223,-1.835
2010_01_ARI_LAR,2010,1,ARI,-1.176,-0.096
2010_02_ARI_ATL,2010,2,ARI,-0.096,-1.605
2010_03_OAK_ARI,2010,3,ARI,-1.605,-1.3
2010_04_ARI_LAC,2010,4,ARI,-1.3,-2.013
2010_05_NO_ARI,2010,5,ARI,-2.013,-0.53
2010_07_ARI_SEA,2010,7,ARI,-0.53,0.315
2010_08_TB_ARI,2010,8,ARI,0.315,-1.281
2010_09_ARI_MIN,2010,9,ARI,-1.281,-3.337
2010_10_SEA_ARI,2010,10,ARI,-3.337,-5.276
2010_11_ARI_KC,2010,11,ARI,-5.276,-6.339
2010_12_SF_ARI,2010,12,ARI,-6.339,-5.557
2010_13_LAR_ARI,2010,13,ARI,-5.557,-4.388
2010_14_DEN_ARI,2010,14,ARI,-4.388,-1.27
2010_15_ARI_CAR,2010,15,ARI,-1.27,-2.368
2010_16_DAL_ARI,2010,16,ARI,-2.368,0.135
2010_17_ARI_SF,2010,17,ARI,0.135,-0.819
2011_01_CAR_ARI,2011,1,ARI,-0.525,-2.558
2011_02_ARI_WAS,2011,2,ARI,-2.558,-2.856
2011_03_ARI_SEA,2011,3,ARI,-2.856,-2.547
2011_04_NYG_ARI,2011,4,ARI,-2.547,-4.096
2011_05_ARI_MIN,2011,5,ARI,-4.096,-3.682
2011_07_PIT_ARI,2011,7,ARI,-3.682,-5.65
2011_08_ARI_BAL,2011,8,ARI,-5.65,-5.696
2011_09_LAR_ARI,2011,9,ARI,-5.696,-5.077
2011_10_ARI_PHI,2011,10,ARI,-5.077,-3.039
2011_11_ARI_SF,2011,11,ARI,-3.039,-3.869
2011_12_ARI_LAR,2011,12,ARI,-3.869,-4.254
2011_13_DAL_ARI,2011,13,ARI,-4.254,-3.616
2011_14_SF_ARI,2011,14,ARI,-3.616,-1.402
2011_15_CLE_ARI,2011,15,ARI,-1.402,-1.907
2011_16_ARI_CIN,2011,16,ARI,-1.907,-2.844
2011_17_SEA_ARI,2011,17,ARI,-2.844,-2.243
2012_01_SEA_ARI,2012,1,ARI,-1.438,-0.653
2012_02_ARI_NE,2012,2,ARI,-0.653,0.694
2012_03_PHI_ARI,2012,3,ARI,0.694,3.045
2012_04_MIA_ARI,2012,4,ARI,3.045,2.38
2012_05_ARI_LAR,2012,5,ARI,2.38,2.881
2012_06_BUF_ARI,2012,6,ARI,2.881,3.81
2012_07_ARI_MIN,2012,7,ARI,3.81,6.393
2012_08_SF_ARI,2012,8,ARI,6.393,4.708
2012_09_ARI_GB,2012,9,ARI,4.708,4.772
2012_11_ARI_ATL,2012,11,ARI,4.772,7.681
2012_12_LAR_ARI,2012,12,ARI,7.681,7.582
2012_13_ARI_NYJ,2012,13,ARI,7.582,10.197
2012_14_ARI_SEA,2012,14,ARI,10.197,10.587
2012_15_DET_ARI,2012,15,ARI,10.587,13.449
2012_16_CHI_ARI,2012,16,ARI,13.449,13.198
2012_17_ARI_SF,2012,17,ARI,13.198,11.725
2013_01_ARI_LAR,2013,1,ARI,7.516,5.511
2013_02_DET_ARI,2013,2,ARI,5.511,4.433
2013_03_ARI_NO,2013,3,ARI,4.433,3.57
2013_04_ARI_TB,2013,4,ARI,3.57,4.441
2013_05_CAR_ARI,2013,5,ARI,4.441,7.524
2013_06_ARI_SF,2013,6,ARI,7.524,7.291
2013_07_SEA_ARI,2013,7,ARI,7.291,6.396
2013_08_ATL_ARI,2013,8,ARI,6.396,9.455
2013_10_HOU_ARI,2013,10,ARI,9.455,8.541
2013_11_ARI_JAX,2013,11,ARI,8.541,8.015
2013_12_IND_ARI,2013,12,ARI,8.015,8.435
2013_13_ARI_PHI,2013,13,ARI,8.435,8.145
2013_14_LAR_ARI,2013,14,ARI,8.145,9.368
2013_15_ARI_TEN,2013,15,ARI,9.368,7.174
2013_16_ARI_SEA,2013,16,ARI,7.174,9.54
2013_17_SF_ARI,2013,17,ARI,9.54,7.912
2014_01_LAC_ARI,2014,1,ARI,5.071,4.994
2014_02_ARI_NYG,2014,2,ARI,4.994,4.468
2014_03_SF_ARI,2014,3,ARI,4.468,2.542
2014_05_ARI_DEN,2014,5,ARI,2.542,0.915
2014_06_WAS_ARI,2014,6,ARI,0.915,0.534
2014_07_ARI_OAK,2014,7,ARI,0.534,0.922
2014_08_PHI_ARI,2014,8,ARI,0.922,-0.213
2014_09_ARI_DAL,2014,9,ARI,-0.213,0.653
2014_10_LAR_ARI,2014,10,ARI,0.653,2.538
2014_11_DET_ARI,2014,11,ARI,2.538,4.318
2014_12_ARI_SEA,2014,12,ARI,4.318,4.546
2014_13_ARI_ATL,2014,13,ARI,4.546,2.929
2014_14_KC_ARI,2014,14,ARI,2.929,2.97
2014_15_ARI_LAR,2014,15,ARI,2.97,3.883
2014_16_SEA_ARI,2014,16,ARI,3.883,0.196
2014_17_ARI_SF,2014,17,ARI,0.196,-1.555
2014_18_ARI_CAR,2014,18,ARI,-1.555,-1.581
2015_01_NO_ARI,2015,1,ARI,-1.014,-0.498
2015_02_ARI_CHI,2015,2,ARI,-0.498,-0.503
2015_03_SF_ARI,2015,3,ARI,-0.503,2.413
2015_04_LAR_ARI,2015,4,ARI,2.413,1.615
2015_05_ARI_DET,2015,5,ARI,1.615,3.082
2015_06_ARI_PIT,2015,6,ARI,3.082,4.028
2015_07_BAL_ARI,2015,7,ARI,4.028,4.452
2015_08_ARI_CLE,2015,8,ARI,4.452,3.57
2015_10_ARI_SEA,2015,10,ARI,3.57,3.84
2015_11_CIN_ARI,2015,11,ARI,3.84,3.417
2015_12_ARI_SF,2015,12,ARI,3.417,1.569
2015_13_ARI_LAR,2015,13,ARI,1.569,3.008
2015_14_MIN_ARI,2015,14,ARI,3.008,1.505
2015_15_ARI_PHI,2015,15,ARI,1.505,0.455
2015_16_GB_ARI,2015,16,ARI,0.455,3.859
2015_17_SEA_ARI,2015,17,ARI,3.859,3.465
2015_19_GB_ARI,2015,19,ARI,3.465,3.089
2015_20_ARI_CAR,2015,20,ARI,3.089,0.746
2016_01_NE_ARI,2016,1,ARI,0.478,-1.117
2016_02_TB_ARI,2016,2,ARI,-1.117,2.043
2016_03_ARI_BUF,2016,3,ARI,2.043,2.825
2016_04_LAR_ARI,2016,4,ARI,2.825,1.297
2016_05_ARI_SF,2016,5,ARI,1.297,2.126
2016_06_NYJ_ARI,2016,6,ARI,2.126,3.105
2016_07_SEA_ARI,2016,7,ARI,3.105,3.576
2016_08_ARI_CAR,2016,8,ARI,3.576,3.766
2016_10_SF_ARI,2016,10,ARI,3.766,2.738
2016_11_ARI_MIN,2016,11,ARI,2.738,2.922
2016_12_ARI_ATL,2016,12,ARI,2.922,2.912
2016_13_WAS_ARI,2016,13,ARI,2.912,3.969
2016_14_ARI_MIA,2016,14,ARI,3.969,2.712
2016_15_NO_ARI,2016,15,ARI,2.712,0.679
2016_16_ARI_SEA,2016,16,ARI,0.679,-0.798
2016_17_ARI_LAR,2016,17,ARI,-0.798,0.945
2017_01_ARI_DET,2017,1,ARI,0.605,-1.394
2017_02_ARI_IND,2017,2,ARI,-1.394,0.043
2017_03_DAL_ARI,2017,3,ARI,0.043,-0.903
2017_04_SF_ARI,2017,4,ARI,-0.903,0.883
2017_05_ARI_PHI,2017,5,ARI,0.883,-1.155
2017_06_TB_ARI,2017,6,ARI,-1.155,0.33
2017_07_ARI_LAR,2017,7,ARI,0.33,-0.682
2017_09_ARI_SF,2017,9,ARI,-0.682,0.048
2017_10_SEA_ARI,2017,10,ARI,0.048,0.67
2017_11_ARI_HOU,2017,11,ARI,0.67,-0.967
2017_12_JAX_ARI,2017,12,ARI,-0.967,-1.382
2017_13_LAR_ARI,2017,13,ARI,-1.382,-1.663
2017_14_TEN_ARI,2017,14,ARI,-1.663,0.989
2017_15_ARI_WAS,2017,15,ARI,0.989,0.723
2017_16_NYG_ARI,2017,16,ARI,0.723,1.911
2017_17_ARI_SEA,2017,17,ARI,1.911,1.692
2018_01_WAS_ARI,2018,1,ARI,1.085,0.724
2018_02_ARI_LAR,2018,2,ARI,0.724,-0.164
2018_03_CHI_ARI,2018,3,ARI,-0.164,0.445
2018_04_SEA_ARI,2018,4,ARI,0.445,0.748
2018_05_ARI_SF,2018,5,ARI,0.748,-0.403
2018_06_ARI_MIN,2018,6,ARI,-0.403,0.308
2018_07_DEN_ARI,2018,7,ARI,0.308,1.336
2018_08_SF_ARI,2018,8,ARI,1.336,2.155
2018_10_ARI_KC,2018,10,ARI,2.155,2.671
2018_11_OAK_ARI,2018,11,ARI,2.671,3.146
2018_12_ARI_LAC,2018,12,ARI,3.146,1.788
2018_13_ARI_GB,2018,13,ARI,1.788,1.384
2018_14_DET_ARI,2018,14,ARI,1.384,2.146
2018_15_ARI_ATL,2018,15,ARI,2.146,1.687
2018_16_LAR_ARI,2018,16,ARI,1.687,0.837
2018_17_ARI_SEA,2018,17,ARI,0.837,3.937
2019_01_DET_ARI,2019,1,ARI,2.524,0.672
2019_02_ARI_BAL,2019,2,ARI,0.672,-2.173
2019_03_CAR_ARI,2019,3,ARI,-2.173,-4.511
2019_04_SEA_ARI,2019,4,ARI,-4.511,-3.704
2019_05_ARI_CIN,2019,5,ARI,-3.704,-5.25
2019_06_ATL_ARI,2019,6,ARI,-5.25,-7.528
2019_07_ARI_NYG,2019,7,ARI,-7.528,-5.727
2019_08_ARI_NO,2019,8,ARI,-5.727,-7.626
2019_09_SF_ARI,2019,9,ARI,-7.626,-10.303
2019_10_ARI_TB,2019,10,ARI,-10.303,-10.114
2019_11_ARI_SF,2019,11,ARI,-10.114,-12.475
2019_13_LAR_ARI,2019,13,ARI,-12.475,-15.021
2019_14_PIT_ARI,2019,14,ARI,-15.021,-15.241
2019_15_CLE_ARI,2019,15,ARI,-15.241,-15.74
2019_16_ARI_SEA,2019,16,ARI,-15.74,-12.759
2019_17_ARI_LAR,2019,17,ARI,-12.759,-13.98
2020_01_ARI_SF,2020,1,ARI,-8.961,-8.992
2020_02_WAS_ARI,2020,2,ARI,-8.992,-8.405
2020_03_DET_ARI,2020,3,ARI,-8.405,-8.247
2020_04_ARI_CAR,2020,4,ARI,-8.247,-10.126
2020_05_ARI_NYJ,2020,5,ARI,-10.126,-9.492
2020_06_ARI_DAL,2020,6,ARI,-9.492,-8.23
2020_07_SEA_ARI,2020,7,ARI,-8.23,-9.303
2020_09_MIA_ARI,2020,9,ARI,-9.303,-10.273
2020_10_BUF_ARI,2020,10,ARI,-10.273,-10.225
2020_11_ARI_SEA,2020,11,ARI,-10.225,-10.122
2020_12_ARI_NE,2020,12,ARI,-10.122,-6.836
2020_13_LAR_ARI,2020,13,ARI,-6.836,-8.918
2020_14_ARI_NYG,2020,14,ARI,-8.918,-6.112
2020_15_PHI_ARI,2020,15,ARI,-6.112,-7.837
2020_16_SF_ARI,2020,16,ARI,-7.837,-8.304
2020_17_ARI_LAR,2020,17,ARI,-8.304,-8.649
2021_01_ARI_TEN,2021,1,ARI,-5.544,-3.778
2021_02_MIN_ARI,2021,2,ARI,-3.778,-5.225
2021_03_ARI_JAX,2021,3,ARI,-5.225,-4.241
2021_04_ARI_LAR,2021,4,ARI,-4.241,-4.625
2021_05_SF_ARI,2021,5,ARI,-4.625,-4.041
2021_06_ARI_CLE,2021,6,ARI,-4.041,-3.132
2021_07_HOU_ARI,2021,7,ARI,-3.132,-2.721
2021_08_GB_ARI,2021,8,ARI,-2.721,-1.934
2021_09_ARI_SF,2021,9,ARI,-1.934,-2.07
2021_10_CAR_ARI,2021,10,ARI,-2.07,-2.675
2021_11_ARI_SEA,2021,11,ARI,-2.675,-0.623
2021_13_ARI_CHI,2021,13,ARI,-0.623,1.1
2021_14_LAR_ARI,2021,14,ARI,1.1,0.224
2021_15_ARI_DET,2021,15,ARI,0.224,-1.124
2021_16_IND_ARI,2021,16,ARI,-1.124,-1.478
2021_17_ARI_DAL,2021,17,ARI,-1.478,-2.032
2021_18_SEA_ARI,2021,18,ARI,-2.032,-2.637
2021_19_ARI_LAR,2021,19,ARI,-2.637,-3.773
2022_01_KC_ARI,2022,1,ARI,-2.419,-5.036
2022_02_ARI_OAK,2022,2,ARI,-5.036,-5.786
2022_03_LAR_ARI,2022,3,ARI,-5.786,-5.622
2022_04_ARI_CAR,2022,4,ARI,-5.622,-4.414
2022_05_PHI_ARI,2022,5,ARI,-4.414,-5.741
2022_06_ARI_SEA,2022,6,ARI,-5.741,-4.652
2022_07_NO_ARI,2022,7,ARI,-4.652,-6.362
2022_08_ARI_MIN,2022,8,ARI,-6.362,-6.963
2022_09_SEA_ARI,2022,9,ARI,-6.963,-8.016
2022_10_ARI_LAR,2022,10,ARI,-8.016,-7.809
2022_11_SF_ARI,2022,11,ARI,-7.809,-9.432
2022_12_LAC_ARI,2022,12,ARI,-9.432,-10.598
2022_14_NE_ARI,2022,14,ARI,-10.598,-9.782
2022_15_ARI_DEN,2022,15,ARI,-9.782,-8.684
2022_16_TB_ARI,2022,16,ARI,-8.684,-7.765
2022_17_ARI_ATL,2022,17,ARI,-7.765,-7.874
2022_18_ARI_SF,2022,18,ARI,-7.874,-8.074
2023_01_ARI_WAS,2023,1,ARI,-5.176,-4.363
2023_02_NYG_ARI,2023,2,ARI,-4.363,-6.408
2023_03_DAL_ARI,2023,3,ARI,-6.408,-5.602
2023_04_ARI_SF,2023,4,ARI,-5.602,-7.364
2023_05_CIN_ARI,2023,5,ARI,-7.364,-8.658
2023_06_ARI_LAR,2023,6,ARI,-8.658,-7.879
2023_07_ARI_SEA,2023,7,ARI,-7.879,-7.599
2023_08_BAL_ARI,2023,8,ARI,-7.599,-5.58
2023_09_ARI_CLE,2023,9,ARI,-5.58,-6.36
2023_10_ATL_ARI,2023,10,ARI,-6.36,-5.049
2023_11_ARI_HOU,2023,11,ARI,-5.049,-4.26
2023_12_LAR_ARI,2023,12,ARI,-4.26,-6.175
2023_13_ARI_PIT,2023,13,ARI,-6.175,-5.451
2023_15_SF_ARI,2023,15,ARI,-5.451,-6.494
2023_16_ARI_CHI,2023,16,ARI,-6.494,-7.694
2023_17_ARI_PHI,2023,17,ARI,-7.694,-7.541
2023_18_SEA_ARI,2023,18,ARI,-7.541,-7.924
2024_01_ARI_BUF,2024,1,ARI,-5.079,-6.584
2024_02_LAR_ARI,2024,2,ARI,-6.584,-4.885
2024_03_DET_ARI,2024,3,ARI,-4.885,-4.515
2024_04_WAS_ARI,2024,4,ARI,-4.515,-6.596
2024_05_ARI_SF,2024,5,ARI,-6.596,-5.065
2024_06_ARI_GB,2024,6,ARI,-5.065,-6.256
2024_07_LAC_ARI,2024,7,ARI,-6.256,-6.616
2024_08_ARI_MIA,2024,8,ARI,-6.616,-7.376
2024_09_CHI_ARI,2024,9,ARI,-7.376,-5.158
2024_10_NYJ_ARI,2024,10,ARI,-5.158,-3.27
2024_12_ARI_SEA,2024,12,ARI,-3.27,-1.932
2024_13_ARI_MIN,2024,13,ARI,-1.932,-1.938
2024_14_SEA_ARI,2024,14,ARI,-1.938,-3.019
2024_15_NE_ARI,2024,15,ARI,-3.019,-3.493
2024_16_ARI_CAR,2024,16,ARI,-3.493,-5.611
2024_17_ARI_LAR,2024,17,ARI,-5.611,-4.642
2024_18_SF_ARI,2024,18,ARI,-4.642,-5.817
2025_01_ARI_NO,2025,1,ARI,-3.729,-4.303
2025_02_CAR_ARI,2025,2,ARI,-4.303,-5.245
2025_03_ARI_SF,2025,3,ARI,-5.245,-5.506
2025_04_SEA_ARI,2025,4,ARI,-5.506,-5.693
2025_05_TEN_ARI,2025,5,ARI,-5.693,-4.708
2025_06_ARI_IND,2025,6,ARI,-4.708,-5.557
2025_07_GB_ARI,2025,7,ARI,-5.557,-5.233
2025_09_ARI_DAL,2025,9,ARI,-5.233,-3.442
2025_10_ARI_SEA,2025,10,ARI,-3.442,-2.284
2025_11_SF_ARI,2025,11,ARI,-2.284,-2.796
2025_12_JAX_ARI,2025,12,ARI,-2.796,-2.218
2025_13_ARI_TB,2025,13,ARI,-2.218,-1.975
2025_14_LAR_ARI,2025,14,ARI,-1.975,-3.346
2025_15_ARI_HOU,2025,15,ARI,-3.346,-5.186
2025_16_ATL_ARI,2025,16,ARI,-5.186,-4.893
2025_17_ARI_CIN,2025,17,ARI,-4.893,-5.3
2025_18_ARI_LAR,2025,18,ARI,-5.3,-6.056
2026_01_ARI_LAC,2026,1,ARI,-3.882,-3.098
1999_01_MIN_ATL,1999,1,ATL,0.0,-1.774
1999_02_ATL_DAL,1999,2,ATL,-1.774,0.22
1999_03_ATL_LAR,1999,3,ATL,0.22,-3.92
1999_04_BAL_ATL,1999,4,ATL,-3.92,-3.701
1999_05_ATL_NO,1999,5,ATL,-3.701,-4.453
1999_06_LAR_ATL,1999,6,ATL,-4.453,-4.036
1999_07_ATL_PIT,1999,7,ATL,-4.036,-4.964
1999_08_CAR_ATL,1999,8,ATL,-4.964,-3.407
1999_09_JAX_ATL,1999,9,ATL,-3.407,-4.577
1999_11_ATL_TB,1999,11,ATL,-4.577,-3.238
1999_12_ATL_CAR,1999,12,ATL,-3.238,-5.092
1999_13_NO_ATL,1999,13,ATL,-5.092,-3.66
1999_14_ATL_SF,1999,14,ATL,-3.66,-3.931
1999_15_ATL_TEN,1999,15,ATL,-3.931,-5.881
1999_16_ARI_ATL,1999,16,ATL,-5.881,-6.265
1999_17_SF_ATL,1999,17,ATL,-6.265,-10.456
2000_01_SF_ATL,2000,1,ATL,-6.702,-8.202
2000_02_ATL_DEN,2000,2,ATL,-8.202,-9.53
2000_03_ATL_CAR,2000,3,ATL,-9.53,-7.611
2000_04_LAR_ATL,2000,4,ATL,-7.611,-8.124
2000_05_ATL_PHI,2000,5,ATL,-8.124,-11.038
2000_06_NYG_ATL,2000,6,ATL,-11.038,-9.57
2000_07_ATL_LAR,2000,7,ATL,-9.57,-9.203
2000_08_NO_ATL,2000,8,ATL,-9.203,-9.131
2000_09_CAR_ATL,2000,9,ATL,-9.131,-5.361
2000_10_TB_ATL,2000,10,ATL,-5.361,-5.312
2000_11_ATL_DET,2000,11,ATL,-5.312,-4.068
2000_12_ATL_SF,2000,12,ATL,-4.068,-3.625
2000_13_ATL_OAK,2000,13,ATL,-3.625,-5.35
2000_14_SEA_ATL,2000,14,ATL,-5.35,-7.513
2000_16_ATL_NO,2000,16,ATL,-7.513,-8.755
2000_17_KC_ATL,2000,17,ATL,-8.755,-7.861
2001_01_ATL_SF,2001,1,ATL,-5.039,-5.809
2001_02_CAR_ATL,2001,2,ATL,-5.809,-7.7
2001_03_ATL_ARI,2001,3,ATL,-7.7,-6.945
2001_04_CHI_ATL,2001,4,ATL,-6.945,-6.593
2001_05_SF_ATL,2001,5,ATL,-6.593,-9.809
2001_06_ATL_NO,2001,6,ATL,-9.809,-8.881
2001_08_NE_ATL,2001,8,ATL,-8.881,-10.403
2001_09_DAL_ATL,2001,9,ATL,-10.403,-9.344
2001_10_ATL_GB,2001,10,ATL,-9.344,-8.15
2001_11_ATL_CAR,2001,11,ATL,-8.15,-7.444
2001_12_LAR_ATL,2001,12,ATL,-7.444,-9.591
2001_13_NO_ATL,2001,13,ATL,-9.591,-10.047
2001_14_ATL_IND,2001,14,ATL,-10.047,-11.619
2001_15_BUF_ATL,2001,15,ATL,-11.619,-12.416
2001_16_ATL_MIA,2001,16,ATL,-12.416,-11.607
2001_17_ATL_LAR,2001,17,ATL,-11.607,-11.42
2002_01_ATL_GB,2002,1,ATL,-7.32,-8.577
2002_02_CHI_ATL,2002,2,ATL,-8.577,-7.637
2002_03_CIN_ATL,2002,3,ATL,-7.637,-5.257
2002_05_TB_ATL,2002,5,ATL,-5.257,-4.951
2002_06_ATL_NYG,2002,6,ATL,-4.951,-4.334
2002_07_CAR_ATL,2002,7,ATL,-4.334,-2.903
2002_08_ATL_NO,2002,8,ATL,-2.903,-2.599
2002_09_BAL_ATL,2002,9,ATL,-2.599,-1.352
2002_10_ATL_PIT,2002,10,ATL,-1.352,-5.198
2002_11_NO_ATL,2002,11,ATL,-5.198,-6.0
2002_12_ATL_CAR,2002,12,ATL,-6.0,-3.302
2002_13_ATL_MIN,2002,13,ATL,-3.302,-1.472
2002_14_ATL_TB,2002,14,ATL,-1.472,-4.134
2002_15_SEA_ATL,2002,15,ATL,-4.134,-5.475
2002_16_DET_ATL,2002,16,ATL,-5.475,-3.853
2002_17_ATL_CLE,2002,17,ATL,-3.853,-1.935
2002_18_ATL_GB,2002,18,ATL,-1.935,-0.486
2002_19_ATL_PHI,2002,19,ATL,-0.486,-0.944
2003_01_ATL_DAL,2003,1,ATL,-0.605,-0.365
2003_02_WAS_ATL,2003,2,ATL,-0.365,-1.619
2003_03_TB_ATL,2003,3,ATL,-1.619,-2.253
2003_04_ATL_CAR,2003,4,ATL,-2.253,-3.511
2003_05_MIN_ATL,2003,5,ATL,-3.511,-3.995
2003_06_ATL_LAR,2003,6,ATL,-3.995,-5.938
2003_07_NO_ATL,2003,7,ATL,-5.938,-8.628
2003_09_PHI_ATL,2003,9,ATL,-8.628,-10.187
2003_10_ATL_NYG,2003,10,ATL,-10.187,-8.32
2003_11_ATL_NO,2003,11,ATL,-8.32,-5.765
2003_12_TEN_ATL,2003,12,ATL,-5.765,-5.223
2003_13_ATL_HOU,2003,13,ATL,-5.223,-3.863
2003_14_CAR_ATL,2003,14,ATL,-3.863,-2.576
2003_15_ATL_IND,2003,15,ATL,-2.576,-5.225
2003_16_ATL_TB,2003,16,ATL,-5.225,-6.681
2003_17_JAX_ATL,2003,17,ATL,-6.681,-7.451
2004_01_ATL_SF,2004,1,ATL,-4.776,-4.969
2004_02_LAR_ATL,2004,2,ATL,-4.969,-4.998
2004_03_ARI_ATL,2004,3,ATL,-4.998,-4.962
2004_04_ATL_CAR,2004,4,ATL,-4.962,-4.57
2004_05_DET_ATL,2004,5,ATL,-4.57,-4.181
2004_06_LAC_ATL,2004,6,ATL,-4.181,-4.893
2004_07_ATL_KC,2004,7,ATL,-4.893,-5.731
2004_08_ATL_DEN,2004,8,ATL,-5.731,-7.865
2004_10_TB_ATL,2004,10,ATL,-7.865,-6.427
2004_11_ATL_NYG,2004,11,ATL,-6.427,-4.85
2004_12_NO_ATL,2004,12,ATL,-4.85,-3.481
2004_13_ATL_TB,2004,13,ATL,-3.481,-1.963
2004_14_OAK_ATL,2004,14,ATL,-1.963,-0.643
2004_15_CAR_ATL,2004,15,ATL,-0.643,-1.465
2004_16_ATL_NO,2004,16,ATL,-1.465,-0.49
2004_17_ATL_SEA,2004,17,ATL,-0.49,-0.899
2004_19_LAR_ATL,2004,19,ATL,-0.899,-0.964
2004_20_ATL_PHI,2004,20,ATL,-0.964,-1.659
2005_01_PHI_ATL,2005,1,ATL,-1.063,0.008
2005_02_ATL_SEA,2005,2,ATL,0.008,-1.221
2005_03_ATL_BUF,2005,3,ATL,-1.221,0.876
2005_04_MIN_ATL,2005,4,ATL,0.876,3.492
2005_05_NE_ATL,2005,5,ATL,3.492,1.18
2005_06_ATL_NO,2005,6,ATL,1.18,-0.369
2005_07_NYJ_ATL,2005,7,ATL,-0.369,-0.095
2005_09_ATL_MIA,2005,9,ATL,-0.095,0.374
2005_10_GB_ATL,2005,10,ATL,0.374,0.352
2005_11_TB_ATL,2005,11,ATL,0.352,0.451
2005_12_ATL_DET,2005,12,ATL,0.451,2.069
2005_13_ATL_CAR,2005,13,ATL,2.069,1.639
2005_14_NO_ATL,2005,14,ATL,1.639,1.051
2005_15_ATL_CHI,2005,15,ATL,1.051,1.305
2005_16_ATL_TB,2005,16,ATL,1.305,-0.156
2005_17_CAR_ATL,2005,17,ATL,-0.156,-0.895
2006_01_ATL_CAR,2006,1,ATL,-0.574,1.356
2006_02_TB_ATL,2006,2,ATL,1.356,1.937
2006_03_ATL_NO,2006,3,ATL,1.937,1.802
2006_04_ARI_ATL,2006,4,ATL,1.802,3.729
2006_06_NYG_ATL,2006,6,ATL,3.729,4.381
2006_07_PIT_ATL,2006,7,ATL,4.381,2.83
2006_08_ATL_CIN,2006,8,ATL,2.83,1.627
2006_09_ATL_DET,2006,9,ATL,1.627,0.898
2006_10_CLE_ATL,2006,10,ATL,0.898,0.437
2006_11_ATL_BAL,2006,11,ATL,0.437,0.232
2006_12_NO_ATL,2006,12,ATL,0.232,-0.762
2006_13_ATL_WAS,2006,13,ATL,-0.762,-0.292
2006_14_ATL_TB,2006,14,ATL,-0.292,-0.684
2006_15_DAL_ATL,2006,15,ATL,-0.684,-1.671
2006_16_CAR_ATL,2006,16,ATL,-1.671,-0.882
2006_17_ATL_PHI,2006,17,ATL,-0.882,-4.212
2007_01_ATL_MIN,2007,1,ATL,-2.7,-3.349
2007_02_ATL_JAX,2007,2,ATL,-3.349,-3.94
2007_03_CAR_ATL,2007,3,ATL,-3.94,-3.146
2007_04_HOU_ATL,2007,4,ATL,-3.146,-5.445
2007_05_ATL_TEN,2007,5,ATL,-5.445,-3.885
2007_06_NYG_ATL,2007,6,ATL,-3.885,-4.959
2007_07_ATL_NO,2007,7,ATL,-4.959,-5.477
2007_09_SF_ATL,2007,9,ATL,-5.477,-2.923
2007_10_ATL_CAR,2007,10,ATL,-2.923,-2.162
2007_11_TB_ATL,2007,11,ATL,-2.162,-1.92
2007_12_IND_ATL,2007,12,ATL,-1.92,-1.934
2007_13_ATL_LAR,2007,13,ATL,-1.934,-3.677
2007_14_NO_ATL,2007,14,ATL,-3.677,-5.4
2007_15_ATL_TB,2007,15,ATL,-5.4,-4.156
2007_16_ATL_ARI,2007,16,ATL,-4.156,-7.367
2007_17_SEA_ATL,2007,17,ATL,-7.367,-6.541
2008_01_DET_ATL,2008,1,ATL,-4.193,-4.854
2008_02_ATL_TB,2008,2,ATL,-4.854,-4.469
2008_03_KC_ATL,2008,3,ATL,-4.469,-2.507
2008_04_ATL_CAR,2008,4,ATL,-2.507,-4.616
2008_05_ATL_GB,2008,5,ATL,-4.616,-6.124
2008_06_CHI_ATL,2008,6,ATL,-6.124,-7.387
2008_08_ATL_PHI,2008,8,ATL,-7.387,-7.396
2008_09_ATL_OAK,2008,9,ATL,-7.396,-5.143
2008_10_NO_ATL,2008,10,ATL,-5.143,-4.255
2008_11_DEN_ATL,2008,11,ATL,-4.255,-4.352
2008_12_CAR_ATL,2008,12,ATL,-4.352,-5.796
2008_13_ATL_LAC,2008,13,ATL,-5.796,-4.093
2008_14_ATL_NO,2008,14,ATL,-4.093,-3.817
2008_15_TB_ATL,2008,15,ATL,-3.817,-4.014
2008_16_ATL_MIN,2008,16,ATL,-4.014,-6.038
2008_17_LAR_ATL,2008,17,ATL,-6.038,-6.63
2008_18_ATL_ARI,2008,18,ATL,-6.63,-6.611
2009_01_MIA_ATL,2009,1,ATL,-4.238,-3.056
2009_02_CAR_ATL,2009,2,ATL,-3.056,-4.028
2009_03_ATL_NE,2009,3,ATL,-4.028,-3.961
2009_05_ATL_SF,2009,5,ATL,-3.961,-2.89
2009_06_CHI_ATL,2009,6,ATL,-2.89,-3.203
2009_07_ATL_DAL,2009,7,ATL,-3.203,-5.433
2009_08_ATL_NO,2009,8,ATL,-5.433,-5.577
2009_09_WAS_ATL,2009,9,ATL,-5.577,-5.031
2009_10_ATL_CAR,2009,10,ATL,-5.031,-6.551
2009_11_ATL_NYG,2009,11,ATL,-6.551,-8.563
2009_12_TB_ATL,2009,12,ATL,-8.563,-10.386
2009_13_PHI_ATL,2009,13,ATL,-10.386,-10.101
2009_14_NO_ATL,2009,14,ATL,-10.101,-11.306
2009_15_ATL_NYJ,2009,15,ATL,-11.306,-10.456
2009_16_BUF_ATL,2009,16,ATL,-10.456,-8.776
2009_17_ATL_TB,2009,17,ATL,-8.776,-7.54
2010_01_ATL_PIT,2010,1,ATL,-4.833,-4.763
2010_02_ARI_ATL,2010,2,ATL,-4.763,-3.184
2010_03_ATL_NO,2010,3,ATL,-3.184,-3.952
2010_04_SF_ATL,2010,4,ATL,-3.952,-3.708
2010_05_ATL_CLE,2010,5,ATL,-3.708,-3.52
2010_06_ATL_PHI,2010,6,ATL,-3.52,-5.977
2010_07_CIN_ATL,2010,7,ATL,-5.977,-8.694
2010_09_TB_ATL,2010,9,ATL,-8.694,-8.119
2010_10_BAL_ATL,2010,10,ATL,-8.119,-8.551
2010_11_ATL_LAR,2010,11,ATL,-8.551,-9.762
2010_12_GB_ATL,2010,12,ATL,-9.762,-11.675
2010_13_ATL_TB,2010,13,ATL,-11.675,-10.745
2010_14_ATL_CAR,2010,14,ATL,-10.745,-9.06
2010_15_ATL_SEA,2010,15,ATL,-9.06,-6.891
2010_16_NO_ATL,2010,16,ATL,-6.891,-6.231
2010_17_CAR_ATL,2010,17,ATL,-6.231,-6.233
2010_19_GB_ATL,2010,19,ATL,-6.233,-8.96
2011_01_ATL_CHI,2011,1,ATL,-5.744,-5.793
2011_02_PHI_ATL,2011,2,ATL,-5.793,-6.292
2011_03_ATL_TB,2011,3,ATL,-6.292,-6.055
2011_04_ATL_SEA,2011,4,ATL,-6.055,-8.202
2011_05_GB_ATL,2011,5,ATL,-8.202,-7.942
2011_06_CAR_ATL,2011,6,ATL,-7.942,-7.204
2011_07_ATL_DET,2011,7,ATL,-7.204,-5.692
2011_09_ATL_IND,2011,9,ATL,-5.692,-3.853
2011_10_NO_ATL,2011,10,ATL,-3.853,-4.95
2011_11_TEN_ATL,2011,11,ATL,-4.95,-3.777
2011_12_MIN_ATL,2011,12,ATL,-3.777,-3.822
2011_13_ATL_HOU,2011,13,ATL,-3.822,-3.64
2011_14_ATL_CAR,2011,14,ATL,-3.64,-2.766
2011_15_JAX_ATL,2011,15,ATL,-2.766,-1.591
2011_16_ATL_NO,2011,16,ATL,-1.591,-0.919
2011_17_TB_ATL,2011,17,ATL,-0.919,-0.956
2011_18_ATL_NYG,2011,18,ATL,-0.956,-2.88
2012_01_ATL_KC,2012,1,ATL,-1.846,-2.19
2012_02_DEN_ATL,2012,2,ATL,-2.19,0.326
2012_03_ATL_LAC,2012,3,ATL,0.326,2.432
2012_04_CAR_ATL,2012,4,ATL,2.432,0.355
2012_05_ATL_WAS,2012,5,ATL,0.355,1.844
2012_06_OAK_ATL,2012,6,ATL,1.844,1.301
2012_08_ATL_PHI,2012,8,ATL,1.301,1.29
2012_09_DAL_ATL,2012,9,ATL,1.29,-0.072
2012_10_ATL_NO,2012,10,ATL,-0.072,-0.333
2012_11_ARI_ATL,2012,11,ATL,-0.333,0.556
2012_12_ATL_TB,2012,12,ATL,0.556,0.803
2012_13_NO_ATL,2012,13,ATL,0.803,3.909
2012_14_ATL_CAR,2012,14,ATL,3.909,0.032
2012_15_NYG_ATL,2012,15,ATL,0.032,2.148
2012_16_ATL_DET,2012,16,ATL,2.148,0.677
2012_17_TB_ATL,2012,17,ATL,0.677,0.591
2012_19_SEA_ATL,2012,19,ATL,0.591,-2.13
2012_20_SF_ATL,2012,20,ATL,-2.13,-2.749
2013_01_ATL_NO,2013,1,ATL,-1.762,-2.092
2013_02_LAR_ATL,2013,2,ATL,-2.092,-4.174
2013_03_ATL_MIA,2013,3,ATL,-4.174,-3.986
2013_04_NE_ATL,2013,4,ATL,-3.986,-4.86
2013_05_NYJ_ATL,2013,5,ATL,-4.86,-6.36
2013_07_TB_ATL,2013,7,ATL,-6.36,-7.283
2013_08_ATL_ARI,2013,8,ATL,-7.283,-7.106
2013_09_ATL_CAR,2013,9,ATL,-7.106,-6.857
2013_10_SEA_ATL,2013,10,ATL,-6.857,-8.197
2013_11_ATL_TB,2013,11,ATL,-8.197,-9.735
2013_12_NO_ATL,2013,12,ATL,-9.735,-9.218
2013_13_ATL_BUF,2013,13,ATL,-9.218,-10.026
2013_14_ATL_GB,2013,14,ATL,-10.026,-10.983
2013_15_WAS_ATL,2013,15,ATL,-10.983,-12.782
2013_16_ATL_SF,2013,16,ATL,-12.782,-13.131
2013_17_CAR_ATL,2013,17,ATL,-13.131,-12.907
2014_01_NO_ATL,2014,1,ATL,-8.273,-8.239
2014_02_ATL_CIN,2014,2,ATL,-8.239,-8.577
2014_03_TB_ATL,2014,3,ATL,-8.577,-5.853
2014_04_ATL_MIN,2014,4,ATL,-5.853,-8.161
2014_05_ATL_NYG,2014,5,ATL,-8.161,-8.163
2014_06_CHI_ATL,2014,6,ATL,-8.163,-9.023
2014_07_ATL_BAL,2014,7,ATL,-9.023,-8.669
2014_08_DET_ATL,2014,8,ATL,-8.669,-9.294
2014_10_ATL_TB,2014,10,ATL,-9.294,-9.155
2014_11_ATL_CAR,2014,11,ATL,-9.155,-9.481
2014_12_CLE_ATL,2014,12,ATL,-9.481,-8.674
2014_13_ARI_ATL,2014,13,ATL,-8.674,-9.267
2014_14_ATL_GB,2014,14,ATL,-9.267,-10.188
2014_15_PIT_ATL,2014,15,ATL,-10.188,-10.523
2014_16_ATL_NO,2014,16,ATL,-10.523,-7.835
2014_17_CAR_ATL,2014,17,ATL,-7.835,-8.345
2015_01_PHI_ATL,2015,1,ATL,-5.349,-6.176
2015_02_ATL_NYG,2015,2,ATL,-6.176,-7.698
2015_03_ATL_DAL,2015,3,ATL,-7.698,-7.958
2015_04_HOU_ATL,2015,4,ATL,-7.958,-6.779
2015_05_WAS_ATL,2015,5,ATL,-6.779,-5.993
2015_06_ATL_NO,2015,6,ATL,-5.993,-6.7
2015_07_ATL_TEN,2015,7,ATL,-6.7,-6.079
2015_08_TB_ATL,2015,8,ATL,-6.079,-6.431
2015_09_ATL_SF,2015,9,ATL,-6.431,-7.393
2015_11_IND_ATL,2015,11,ATL,-7.393,-7.18
2015_12_MIN_ATL,2015,12,ATL,-7.18,-6.545
2015_13_ATL_TB,2015,13,ATL,-6.545,-7.295
2015_14_ATL_CAR,2015,14,ATL,-7.295,-7.707
2015_15_ATL_JAX,2015,15,ATL,-7.707,-8.71
2015_16_CAR_ATL,2015,16,ATL,-8.71,-7.529
2015_17_NO_ATL,2015,17,ATL,-7.529,-8.048
2016_01_TB_ATL,2016,1,ATL,-5.159,-6.909
2016_02_ATL_OAK,2016,2,ATL,-6.909,-9.22
2016_03_ATL_NO,2016,3,ATL,-9.22,-9.675
2016_04_CAR_ATL,2016,4,ATL,-9.675,-8.957
2016_05_ATL_DEN,2016,5,ATL,-8.957,-7.702
2016_06_ATL_SEA,2016,6,ATL,-7.702,-7.315
2016_07_LAC_ATL,2016,7,ATL,-7.315,-6.43
2016_08_GB_ATL,2016,8,ATL,-6.43,-8.324
2016_09_ATL_TB,2016,9,ATL,-8.324,-9.243
2016_10_ATL_PHI,2016,10,ATL,-9.243,-9.252
2016_12_ARI_ATL,2016,12,ATL,-9.252,-8.963
2016_13_KC_ATL,2016,13,ATL,-8.963,-9.758
2016_14_ATL_LAR,2016,14,ATL,-9.758,-8.633
2016_15_SF_ATL,2016,15,ATL,-8.633,-8.856
2016_16_ATL_CAR,2016,16,ATL,-8.856,-6.614
2016_17_NO_ATL,2016,17,ATL,-6.614,-5.712
2016_19_SEA_ATL,2016,19,ATL,-5.712,-4.939
2016_20_GB_ATL,2016,20,ATL,-4.939,-4.909
2016_21_NE_ATL,2016,21,ATL,-4.909,-5.299
2017_01_ATL_CHI,2017,1,ATL,-3.397,-3.299
2017_02_GB_ATL,2017,2,ATL,-3.299,-3.29
2017_03_ATL_DET,2017,3,ATL,-3.29,-3.008
2017_04_BUF_ATL,2017,4,ATL,-3.008,-1.924
2017_06_MIA_ATL,2017,6,ATL,-1.924,-1.931
2017_07_ATL_NE,2017,7,ATL,-1.931,-1.765
2017_08_ATL_NYJ,2017,8,ATL,-1.765,-2.985
2017_09_ATL_CAR,2017,9,ATL,-2.985,-4.015
2017_10_DAL_ATL,2017,10,ATL,-4.015,-1.927
2017_11_ATL_SEA,2017,11,ATL,-1.927,-3.244
2017_12_TB_ATL,2017,12,ATL,-3.244,-3.794
2017_13_MIN_ATL,2017,13,ATL,-3.794,-4.437
2017_14_NO_ATL,2017,14,ATL,-4.437,-4.111
2017_15_ATL_TB,2017,15,ATL,-4.111,-6.52
2017_16_ATL_NO,2017,16,ATL,-6.52,-5.391
2017_17_CAR_ATL,2017,17,ATL,-5.391,-2.85
2017_18_ATL_LAR,2017,18,ATL,-2.85,-2.013
2017_19_ATL_PHI,2017,19,ATL,-2.013,-2.898
2018_01_ATL_PHI,2018,1,ATL,-1.858,0.399
2018_02_CAR_ATL,2018,2,ATL,0.399,-1.966
2018_03_NO_ATL,2018,3,ATL,-1.966,-5.485
2018_04_CIN_ATL,2018,4,ATL,-5.485,-6.71
2018_05_ATL_PIT,2018,5,ATL,-6.71,-7.388
2018_06_TB_ATL,2018,6,ATL,-7.388,-9.604
2018_07_NYG_ATL,2018,7,ATL,-9.604,-10.494
2018_09_ATL_WAS,2018,9,ATL,-10.494,-10.393
2018_10_ATL_CLE,2018,10,ATL,-10.393,-12.53
2018_11_DAL_ATL,2018,11,ATL,-12.53,-12.241
2018_12_ATL_NO,2018,12,ATL,-12.241,-10.496
2018_13_BAL_ATL,2018,13,ATL,-10.496,-10.817
2018_14_ATL_GB,2018,14,ATL,-10.817,-10.518
2018_15_ARI_ATL,2018,15,ATL,-10.518,-7.761
2018_16_ATL_CAR,2018,16,ATL,-7.761,-7.823
2018_17_ATL_TB,2018,17,ATL,-7.823,-9.77
2019_01_ATL_MIN,2019,1,ATL,-6.263,-5.528
2019_02_PHI_ATL,2019,2,ATL,-5.528,-3.697
2019_03_ATL_IND,2019,3,ATL,-3.697,-5.793
2019_04_TEN_ATL,2019,4,ATL,-5.793,-7.742
2019_05_ATL_HOU,2019,5,ATL,-7.742,-12.717
2019_06_ATL_ARI,2019,6,ATL,-12.717,-15.34
2019_07_LAR_ATL,2019,7,ATL,-15.34,-16.426
2019_08_SEA_ATL,2019,8,ATL,-16.426,-15.071
2019_10_ATL_NO,2019,10,ATL,-15.071,-12.868
2019_11_ATL_CAR,2019,11,ATL,-12.868,-10.658
2019_12_TB_ATL,2019,12,ATL,-10.658,-11.948
2019_13_NO_ATL,2019,13,ATL,-11.948,-10.572
2019_14_CAR_ATL,2019,14,ATL,-10.572,-10.687
2019_15_ATL_SF,2019,15,ATL,-10.687,-10.252
2019_16_JAX_ATL,2019,16,ATL,-10.252,-9.12
2019_17_ATL_TB,2019,17,ATL,-9.12,-7.89
2020_01_SEA_ATL,2020,1,ATL,-5.057,-7.839
2020_02_ATL_DAL,2020,2,ATL,-7.839,-11.386
2020_03_CHI_ATL,2020,3,ATL,-11.386,-10.503
2020_04_ATL_GB,2020,4,ATL,-10.503,-12.352
2020_05_CAR_ATL,2020,5,ATL,-12.352,-13.801
2020_06_ATL_MIN,2020,6,ATL,-13.801,-13.912
2020_07_DET_ATL,2020,7,ATL,-13.912,-14.562
2020_08_ATL_CAR,2020,8,ATL,-14.562,-12.935
2020_09_DEN_ATL,2020,9,ATL,-12.935,-14.37
2020_12_OAK_ATL,2020,12,ATL,-14.37,-11.894
2020_14_ATL_LAC,2020,14,ATL,-11.894,-12.611
2020_15_TB_ATL,2020,15,ATL,-12.611,-12.952
2020_16_ATL_KC,2020,16,ATL,-12.952,-11.611
2020_17_ATL_TB,2020,17,ATL,-11.611,-12.415
2021_01_PHI_ATL,2021,1,ATL,-7.958,-10.965
2021_02_ATL_TB,2021,2,ATL,-10.965,-11.656
2021_03_ATL_NYG,2021,3,ATL,-11.656,-11.855
2021_04_WAS_ATL,2021,4,ATL,-11.855,-14.515
2021_05_NYJ_ATL,2021,5,ATL,-14.515,-13.135
2021_07_ATL_MIA,2021,7,ATL,-13.135,-15.134
2021_08_CAR_ATL,2021,8,ATL,-15.134,-15.255
2021_09_ATL_NO,2021,9,ATL,-15.255,-16.313
2021_10_ATL_DAL,2021,10,ATL,-16.313,-17.283
2021_11_NE_ATL,2021,11,ATL,-17.283,-16.147
2021_12_ATL_JAX,2021,12,ATL,-16.147,-15.851
2021_13_TB_ATL,2021,13,ATL,-15.851,-17.318
2021_14_ATL_CAR,2021,14,ATL,-17.318,-16.833
2021_15_ATL_SF,2021,15,ATL,-16.833,-17.205
2021_16_DET_ATL,2021,16,ATL,-17.205,-17.451
2021_17_ATL_BUF,2021,17,ATL,-17.451,-14.997
2021_18_NO_ATL,2021,18,ATL,-14.997,-14.324
2022_01_NO_ATL,2022,1,ATL,-9.181,-9.17
2022_02_ATL_LAR,2022,2,ATL,-9.17,-9.729
2022_03_ATL_SEA,2022,3,ATL,-9.729,-10.8
2022_04_CLE_ATL,2022,4,ATL,-10.8,-10.441
2022_05_ATL_TB,2022,5,ATL,-10.441,-10.884
2022_06_SF_ATL,2022,6,ATL,-10.884,-11.523
2022_07_ATL_CIN,2022,7,ATL,-11.523,-15.003
2022_08_CAR_ATL,2022,8,ATL,-15.003,-15.619
2022_09_LAC_ATL,2022,9,ATL,-15.619,-14.922
2022_10_ATL_CAR,2022,10,ATL,-14.922,-14.506
2022_11_CHI_ATL,2022,11,ATL,-14.506,-13.83
2022_12_ATL_WAS,2022,12,ATL,-13.83,-13.375
2022_13_PIT_ATL,2022,13,ATL,-13.375,-13.34
2022_15_ATL_NO,2022,15,ATL,-13.34,-12.555
2022_16_ATL_BAL,2022,16,ATL,-12.555,-12.566
2022_17_ARI_ATL,2022,17,ATL,-12.566,-12.853
2022_18_TB_ATL,2022,18,ATL,-12.853,-12.333
2023_01_CAR_ATL,2023,1,ATL,-7.905,-5.949
2023_02_GB_ATL,2023,2,ATL,-5.949,-6.381
2023_03_ATL_DET,2023,3,ATL,-6.381,-6.406
2023_04_ATL_JAX,2023,4,ATL,-6.406,-6.874
2023_05_HOU_ATL,2023,5,ATL,-6.874,-7.039
2023_06_WAS_ATL,2023,6,ATL,-7.039,-6.508
2023_07_ATL_TB,2023,7,ATL,-6.508,-6.796
2023_08_ATL_TEN,2023,8,ATL,-6.796,-8.584
2023_09_MIN_ATL,2023,9,ATL,-8.584,-8.199
2023_10_ATL_ARI,2023,10,ATL,-8.199,-7.543
2023_12_NO_ATL,2023,12,ATL,-7.543,-7.215
2023_13_ATL_NYJ,2023,13,ATL,-7.215,-6.263
2023_14_TB_ATL,2023,14,ATL,-6.263,-6.345
2023_15_ATL_CAR,2023,15,ATL,-6.345,-6.519
2023_16_IND_ATL,2023,16,ATL,-6.519,-4.05
2023_17_ATL_CHI,2023,17,ATL,-4.05,-4.973
2023_18_ATL_NO,2023,18,ATL,-4.973,-6.743
2024_01_PIT_ATL,2024,1,ATL,-4.322,-4.176
2024_02_ATL_PHI,2024,2,ATL,-4.176,-5.514
2024_03_KC_ATL,2024,3,ATL,-5.514,-5.197
2024_04_NO_ATL,2024,4,ATL,-5.197,-4.884
2024_05_TB_ATL,2024,5,ATL,-4.884,-6.594
2024_06_ATL_CAR,2024,6,ATL,-6.594,-7.054
2024_07_SEA_ATL,2024,7,ATL,-7.054,-7.171
2024_08_ATL_TB,2024,8,ATL,-7.171,-8.573
2024_09_DAL_ATL,2024,9,ATL,-8.573,-7.784
2024_10_ATL_NO,2024,10,ATL,-7.784,-8.817
2024_11_ATL_DEN,2024,11,ATL,-8.817,-11.601
2024_13_LAC_ATL,2024,13,ATL,-11.601,-8.907
2024_14_ATL_MIN,2024,14,ATL,-8.907,-11.087
2024_15_ATL_OAK,2024,15,ATL,-11.087,-9.609
2024_16_NYG_ATL,2024,16,ATL,-9.609,-7.6
2024_17_ATL_WAS,2024,17,ATL,-7.6,-8.476
2024_18_CAR_ATL,2024,18,ATL,-8.476,-12.293
2025_01_TB_ATL,2025,1,ATL,-7.88,-8.037
2025_02_ATL_MIN,2025,2,ATL,-8.037,-4.719
2025_03_ATL_CAR,2025,3,ATL,-4.719,-4.531
2025_04_WAS_ATL,2025,4,ATL,-4.531,-3.919
2025_06_BUF_ATL,2025,6,ATL,-3.919,-1.302
2025_07_ATL_SF,2025,7,ATL,-1.302,-0.21
2025_08_MIA_ATL,2025,8,ATL,-0.21,-1.98
2025_09_ATL_NE,2025,9,ATL,-1.98,-0.481
2025_10_ATL_IND,2025,10,ATL,-0.481,0.496
2025_11_CAR_ATL,2025,11,ATL,0.496,-1.857
2025_12_ATL_NO,2025,12,ATL,-1.857,-1.083
2025_13_ATL_NYJ,2025,13,ATL,-1.083,-1.889
2025_14_SEA_ATL,2025,14,ATL,-1.889,-2.728
2025_15_ATL_TB,2025,15,ATL,-2.728,-1.441
2025_16_ATL_ARI,2025,16,ATL,-1.441,-0.014
2025_17_LAR_ATL,2025,17,ATL,-0.014,2.446
2025_18_NO_ATL,2025,18,ATL,2.446,1.788
2026_01_ATL_PIT,2026,1,ATL,1.146,2.087
1999_02_PIT_BAL,1999,2,BAL,0.0,-1.206
1999_03_CLE_BAL,1999,3,BAL,-1.206,-0.257
1999_04_BAL_ATL,1999,4,BAL,-0.257,-0.518
1999_05_BAL_TEN,1999,5,BAL,-0.518,-2.179
1999_07_KC_BAL,1999,7,BAL,-2.179,-3.065
1999_08_BUF_BAL,1999,8,BAL,-3.065,-1.3
1999_09_BAL_CLE,1999,9,BAL,-1.3,0.756
1999_10_BAL_JAX,1999,10,BAL,0.756,1.765
1999_11_BAL_CIN,1999,11,BAL,1.765,0.135
1999_12_JAX_BAL,1999,12,BAL,0.135,-0.494
1999_13_TEN_BAL,1999,13,BAL,-0.494,0.271
1999_14_BAL_PIT,1999,14,BAL,0.271,-0.5
1999_15_NO_BAL,1999,15,BAL,-0.5,0.815
1999_16_CIN_BAL,1999,16,BAL,0.815,3.21
1999_17_BAL_NE,1999,17,BAL,3.21,3.259
2000_01_BAL_PIT,2000,1,BAL,2.089,2.13
2000_02_JAX_BAL,2000,2,BAL,2.13,1.35
2000_03_BAL_MIA,2000,3,BAL,1.35,0.542
2000_04_CIN_BAL,2000,4,BAL,0.542,1.098
2000_05_BAL_CLE,2000,5,BAL,1.098,2.161
2000_06_BAL_JAX,2000,6,BAL,2.161,2.74
2000_07_BAL_WAS,2000,7,BAL,2.74,3.462
2000_08_TEN_BAL,2000,8,BAL,3.462,3.797
2000_09_PIT_BAL,2000,9,BAL,3.797,4.093
2000_10_BAL_CIN,2000,10,BAL,4.093,3.88
2000_11_BAL_TEN,2000,11,BAL,3.88,2.269
2000_12_DAL_BAL,2000,12,BAL,2.269,3.915
2000_13_CLE_BAL,2000,13,BAL,3.915,4.339
2000_15_LAC_BAL,2000,15,BAL,4.339,5.591
2000_16_BAL_ARI,2000,16,BAL,5.591,5.571
2000_17_NYJ_BAL,2000,17,BAL,5.571,4.428
2000_18_DEN_BAL,2000,18,BAL,4.428,6.042
2000_19_BAL_TEN,2000,19,BAL,6.042,6.661
2000_20_BAL_OAK,2000,20,BAL,6.661,9.989
2000_21_BAL_NYG,2000,21,BAL,9.989,14.472
2001_01_CHI_BAL,2001,1,BAL,9.277,9.983
2001_02_BAL_CIN,2001,2,BAL,9.983,8.813
2001_03_BAL_DEN,2001,3,BAL,8.813,11.324
2001_04_TEN_BAL,2001,4,BAL,11.324,12.413
2001_05_BAL_GB,2001,5,BAL,12.413,9.198
2001_06_BAL_CLE,2001,6,BAL,9.198,7.997
2001_07_JAX_BAL,2001,7,BAL,7.997,4.815
2001_08_BAL_PIT,2001,8,BAL,4.815,3.63
2001_09_BAL_TEN,2001,9,BAL,3.63,4.356
2001_10_CLE_BAL,2001,10,BAL,4.356,5.668
2001_12_IND_BAL,2001,12,BAL,5.668,5.488
2001_14_PIT_BAL,2001,14,BAL,5.488,3.306
2001_15_CIN_BAL,2001,15,BAL,3.306,6.03
2001_16_BAL_TB,2001,16,BAL,6.03,6.158
2001_17_MIN_BAL,2001,17,BAL,6.158,7.992
2001_18_BAL_MIA,2001,18,BAL,7.992,9.245
2001_19_BAL_PIT,2001,19,BAL,9.245,9.547
2002_01_BAL_CAR,2002,1,BAL,6.12,5.331
2002_02_TB_BAL,2002,2,BAL,5.331,4.075
2002_04_DEN_BAL,2002,4,BAL,4.075,3.348
2002_05_BAL_CLE,2002,5,BAL,3.348,3.18
2002_06_BAL_IND,2002,6,BAL,3.18,3.114
2002_07_JAX_BAL,2002,7,BAL,3.114,4.632
2002_08_PIT_BAL,2002,8,BAL,4.632,3.492
2002_09_BAL_ATL,2002,9,BAL,3.492,5.789
2002_10_CIN_BAL,2002,10,BAL,5.789,5.695
2002_11_BAL_MIA,2002,11,BAL,5.695,3.7
2002_12_TEN_BAL,2002,12,BAL,3.7,5.434
2002_13_BAL_CIN,2002,13,BAL,5.434,3.478
2002_14_NO_BAL,2002,14,BAL,3.478,4.575
2002_15_BAL_HOU,2002,15,BAL,4.575,4.834
2002_16_CLE_BAL,2002,16,BAL,4.834,4.108
2002_17_BAL_PIT,2002,17,BAL,4.108,4.322
2003_01_BAL_PIT,2003,1,BAL,2.77,0.815
2003_02_CLE_BAL,2003,2,BAL,0.815,2.576
2003_03_BAL_LAC,2003,3,BAL,2.576,2.985
2003_04_KC_BAL,2003,4,BAL,2.985,3.357
2003_06_BAL_ARI,2003,6,BAL,3.357,2.976
2003_07_BAL_CIN,2003,7,BAL,2.976,2.009
2003_08_DEN_BAL,2003,8,BAL,2.009,2.989
2003_09_JAX_BAL,2003,9,BAL,2.989,3.244
2003_10_BAL_LAR,2003,10,BAL,3.244,6.48
2003_11_BAL_MIA,2003,11,BAL,6.48,7.282
2003_12_SEA_BAL,2003,12,BAL,7.282,5.288
2003_13_SF_BAL,2003,13,BAL,5.288,8.237
2003_14_CIN_BAL,2003,14,BAL,8.237,9.483
2003_15_BAL_OAK,2003,15,BAL,9.483,8.597
2003_16_BAL_CLE,2003,16,BAL,8.597,10.131
2003_17_PIT_BAL,2003,17,BAL,10.131,13.25
2003_18_TEN_BAL,2003,18,BAL,13.25,14.403
2004_01_BAL_CLE,2004,1,BAL,9.232,8.52
2004_02_PIT_BAL,2004,2,BAL,8.52,9.462
2004_03_BAL_CIN,2004,3,BAL,9.462,11.148
2004_04_KC_BAL,2004,4,BAL,11.148,9.903
2004_05_BAL_WAS,2004,5,BAL,9.903,11.381
2004_07_BUF_BAL,2004,7,BAL,11.381,13.585
2004_08_BAL_PHI,2004,8,BAL,13.585,12.996
2004_09_CLE_BAL,2004,9,BAL,12.996,13.869
2004_10_BAL_NYJ,2004,10,BAL,13.869,14.121
2004_11_DAL_BAL,2004,11,BAL,14.121,16.035
2004_12_BAL_NE,2004,12,BAL,16.035,16.216
2004_13_CIN_BAL,2004,13,BAL,16.216,12.747
2004_14_NYG_BAL,2004,14,BAL,12.747,15.039
2004_15_BAL_IND,2004,15,BAL,15.039,15.353
2004_16_BAL_PIT,2004,16,BAL,15.353,13.058
2004_17_MIA_BAL,2004,17,BAL,13.058,13.919
2005_01_IND_BAL,2005,1,BAL,8.922,8.575
2005_02_BAL_TEN,2005,2,BAL,8.575,8.511
2005_04_NYJ_BAL,2005,4,BAL,8.511,9.373
2005_05_BAL_DET,2005,5,BAL,9.373,10.416
2005_06_CLE_BAL,2005,6,BAL,10.416,11.597
2005_07_BAL_CHI,2005,7,BAL,11.597,10.814
2005_08_BAL_PIT,2005,8,BAL,10.814,10.794
2005_09_CIN_BAL,2005,9,BAL,10.794,10.009
2005_10_BAL_JAX,2005,10,BAL,10.009,9.438
2005_11_PIT_BAL,2005,11,BAL,9.438,10.084
2005_12_BAL_CIN,2005,12,BAL,10.084,7.891
2005_13_HOU_BAL,2005,13,BAL,7.891,9.644
2005_14_BAL_DEN,2005,14,BAL,9.644,9.609
2005_15_GB_BAL,2005,15,BAL,9.609,10.765
2005_16_MIN_BAL,2005,16,BAL,10.765,9.001
2005_17_BAL_CLE,2005,17,BAL,9.001,9.515
2006_01_BAL_TB,2006,1,BAL,6.099,7.84
2006_02_OAK_BAL,2006,2,BAL,7.84,11.06
2006_03_BAL_CLE,2006,3,BAL,11.06,10.312
2006_04_LAC_BAL,2006,4,BAL,10.312,10.336
2006_05_BAL_DEN,2006,5,BAL,10.336,10.728
2006_06_CAR_BAL,2006,6,BAL,10.728,9.297
2006_08_BAL_NO,2006,8,BAL,9.297,9.189
2006_09_CIN_BAL,2006,9,BAL,9.189,10.799
2006_10_BAL_TEN,2006,10,BAL,10.799,9.649
2006_11_ATL_BAL,2006,11,BAL,9.649,10.137
2006_12_PIT_BAL,2006,12,BAL,10.137,13.577
2006_13_BAL_CIN,2006,13,BAL,13.577,13.467
2006_14_BAL_KC,2006,14,BAL,13.467,15.038
2006_15_CLE_BAL,2006,15,BAL,15.038,14.356
2006_16_BAL_PIT,2006,16,BAL,14.356,15.694
2006_17_BUF_BAL,2006,17,BAL,15.694,15.647
2006_19_IND_BAL,2006,19,BAL,15.647,18.088
2007_01_BAL_CIN,2007,1,BAL,11.594,10.812
2007_02_NYJ_BAL,2007,2,BAL,10.812,11.381
2007_03_ARI_BAL,2007,3,BAL,11.381,12.249
2007_04_BAL_CLE,2007,4,BAL,12.249,10.793
2007_05_BAL_SF,2007,5,BAL,10.793,11.08
2007_06_LAR_BAL,2007,6,BAL,11.08,14.076
2007_07_BAL_BUF,2007,7,BAL,14.076,14.054
2007_09_BAL_PIT,2007,9,BAL,14.054,11.67
2007_10_CIN_BAL,2007,10,BAL,11.67,11.767
2007_11_CLE_BAL,2007,11,BAL,11.767,10.93
2007_12_BAL_LAC,2007,12,BAL,10.93,7.856
2007_13_NE_BAL,2007,13,BAL,7.856,9.501
2007_14_IND_BAL,2007,14,BAL,9.501,7.238
2007_15_BAL_MIA,2007,15,BAL,7.238,5.951
2007_16_BAL_SEA,2007,16,BAL,5.951,6.319
2007_17_PIT_BAL,2007,17,BAL,6.319,5.904
2008_01_CIN_BAL,2008,1,BAL,3.784,6.162
2008_03_CLE_BAL,2008,3,BAL,6.162,9.802
2008_04_BAL_PIT,2008,4,BAL,9.802,10.158
2008_05_TEN_BAL,2008,5,BAL,10.158,10.455
2008_06_BAL_IND,2008,6,BAL,10.455,9.173
2008_07_BAL_MIA,2008,7,BAL,9.173,7.473
2008_08_OAK_BAL,2008,8,BAL,7.473,7.987
2008_09_BAL_CLE,2008,9,BAL,7.987,7.231
2008_10_BAL_HOU,2008,10,BAL,7.231,7.538
2008_11_BAL_NYG,2008,11,BAL,7.538,7.857
2008_12_PHI_BAL,2008,12,BAL,7.857,10.765
2008_13_BAL_CIN,2008,13,BAL,10.765,11.216
2008_14_WAS_BAL,2008,14,BAL,11.216,11.223
2008_15_PIT_BAL,2008,15,BAL,11.223,10.215
2008_16_BAL_DAL,2008,16,BAL,10.215,11.063
2008_17_JAX_BAL,2008,17,BAL,11.063,11.226
2008_18_BAL_MIA,2008,18,BAL,11.226,12.849
2008_19_BAL_TEN,2008,19,BAL,12.849,12.102
2008_20_BAL_PIT,2008,20,BAL,12.102,12.033
2009_01_KC_BAL,2009,1,BAL,7.713,6.616
2009_02_BAL_LAC,2009,2,BAL,6.616,5.819
2009_03_CLE_BAL,2009,3,BAL,5.819,6.545
2009_04_BAL_NE,2009,4,BAL,6.545,6.225
2009_05_CIN_BAL,2009,5,BAL,6.225,5.601
2009_06_BAL_MIN,2009,6,BAL,5.601,4.056
2009_08_DEN_BAL,2009,8,BAL,4.056,4.463
2009_09_BAL_CIN,2009,9,BAL,4.463,3.95
2009_10_BAL_CLE,2009,10,BAL,3.95,6.476
2009_11_IND_BAL,2009,11,BAL,6.476,6.857
2009_12_PIT_BAL,2009,12,BAL,6.857,5.568
2009_13_BAL_GB,2009,13,BAL,5.568,4.536
2009_14_DET_BAL,2009,14,BAL,4.536,6.226
2009_15_CHI_BAL,2009,15,BAL,6.226,8.881
2009_16_BAL_PIT,2009,16,BAL,8.881,10.136
2009_17_BAL_OAK,2009,17,BAL,10.136,8.274
2009_18_BAL_NE,2009,18,BAL,8.274,10.54
2009_19_BAL_IND,2009,19,BAL,10.54,10.581
2010_01_BAL_NYJ,2010,1,BAL,6.782,7.695
2010_02_BAL_CIN,2010,2,BAL,7.695,8.74
2010_03_CLE_BAL,2010,3,BAL,8.74,8.278
2010_04_BAL_PIT,2010,4,BAL,8.278,9.007
2010_05_DEN_BAL,2010,5,BAL,9.007,7.47
2010_06_BAL_NE,2010,6,BAL,7.47,8.577
2010_07_BUF_BAL,2010,7,BAL,8.577,5.552
2010_09_MIA_BAL,2010,9,BAL,5.552,6.833
2010_10_BAL_ATL,2010,10,BAL,6.833,4.839
2010_11_BAL_CAR,2010,11,BAL,4.839,5.832
2010_12_TB_BAL,2010,12,BAL,5.832,5.753
2010_13_PIT_BAL,2010,13,BAL,5.753,6.252
2010_14_BAL_HOU,2010,14,BAL,6.252,6.025
2010_15_NO_BAL,2010,15,BAL,6.025,6.009
2010_16_BAL_CLE,2010,16,BAL,6.009,6.46
2010_17_CIN_BAL,2010,17,BAL,6.46,5.339
2010_18_BAL_KC,2010,18,BAL,5.339,8.338
2010_19_BAL_PIT,2010,19,BAL,8.338,8.99
2011_01_PIT_BAL,2011,1,BAL,5.762,7.639
2011_02_BAL_TEN,2011,2,BAL,7.639,5.184
2011_03_BAL_LAR,2011,3,BAL,5.184,6.421
2011_04_NYJ_BAL,2011,4,BAL,6.421,9.271
2011_06_HOU_BAL,2011,6,BAL,9.271,9.92
2011_07_BAL_JAX,2011,7,BAL,9.92,11.482
2011_08_ARI_BAL,2011,8,BAL,11.482,13.016
2011_09_BAL_PIT,2011,9,BAL,13.016,12.291
2011_10_BAL_SEA,2011,10,BAL,12.291,11.311
2011_11_CIN_BAL,2011,11,BAL,11.311,10.866
2011_12_SF_BAL,2011,12,BAL,10.866,13.706
2011_13_BAL_CLE,2011,13,BAL,13.706,13.922
2011_14_IND_BAL,2011,14,BAL,13.922,15.464
2011_15_BAL_LAC,2011,15,BAL,15.464,13.808
2011_16_CLE_BAL,2011,16,BAL,13.808,14.139
2011_17_BAL_CIN,2011,17,BAL,14.139,13.576
2011_19_HOU_BAL,2011,19,BAL,13.576,14.443
2011_20_BAL_NE,2011,20,BAL,14.443,15.917
2012_01_CIN_BAL,2012,1,BAL,10.203,11.008
2012_02_BAL_PHI,2012,2,BAL,11.008,9.436
2012_03_NE_BAL,2012,3,BAL,9.436,8.489
2012_04_CLE_BAL,2012,4,BAL,8.489,8.219
2012_05_BAL_KC,2012,5,BAL,8.219,9.057
2012_06_DAL_BAL,2012,6,BAL,9.057,7.88
2012_07_BAL_HOU,2012,7,BAL,7.88,7.089
2012_09_BAL_CLE,2012,9,BAL,7.089,7.953
2012_10_OAK_BAL,2012,10,BAL,7.953,6.978
2012_11_BAL_PIT,2012,11,BAL,6.978,7.161
2012_12_BAL_LAC,2012,12,BAL,7.161,7.901
2012_13_PIT_BAL,2012,13,BAL,7.901,6.542
2012_14_BAL_WAS,2012,14,BAL,6.542,6.914
2012_15_DEN_BAL,2012,15,BAL,6.914,7.71
2012_16_NYG_BAL,2012,16,BAL,7.71,8.53
2012_17_BAL_CIN,2012,17,BAL,8.53,8.738
2012_18_IND_BAL,2012,18,BAL,8.738,8.814
2012_19_BAL_DEN,2012,19,BAL,8.814,8.838
2012_20_BAL_NE,2012,20,BAL,8.838,9.635
2012_21_BAL_SF,2012,21,BAL,9.635,8.512
2013_01_BAL_DEN,2013,1,BAL,5.456,2.064
2013_02_CLE_BAL,2013,2,BAL,2.064,2.451
2013_03_HOU_BAL,2013,3,BAL,2.451,3.556
2013_04_BAL_BUF,2013,4,BAL,3.556,5.3
2013_05_BAL_MIA,2013,5,BAL,5.3,5.594
2013_06_GB_BAL,2013,6,BAL,5.594,6.476
2013_07_BAL_PIT,2013,7,BAL,6.476,6.112
2013_09_BAL_CLE,2013,9,BAL,6.112,4.002
2013_10_CIN_BAL,2013,10,BAL,4.002,6.064
2013_11_BAL_CHI,2013,11,BAL,6.064,5.315
2013_12_NYJ_BAL,2013,12,BAL,5.315,6.79
2013_13_PIT_BAL,2013,13,BAL,6.79,5.174
2013_14_MIN_BAL,2013,14,BAL,5.174,3.995
2013_15_BAL_DET,2013,15,BAL,3.995,5.733
2013_16_NE_BAL,2013,16,BAL,5.733,6.83
2013_17_BAL_CIN,2013,17,BAL,6.83,6.84
2014_01_CIN_BAL,2014,1,BAL,4.384,3.129
2014_02_PIT_BAL,2014,2,BAL,3.129,4.273
2014_03_BAL_CLE,2014,3,BAL,4.273,1.694
2014_04_CAR_BAL,2014,4,BAL,1.694,2.132
2014_05_BAL_IND,2014,5,BAL,2.132,1.861
2014_06_BAL_TB,2014,6,BAL,1.861,1.977
2014_07_ATL_BAL,2014,7,BAL,1.977,2.636
2014_08_BAL_CIN,2014,8,BAL,2.636,1.596
2014_09_BAL_PIT,2014,9,BAL,1.596,-0.766
2014_10_TEN_BAL,2014,10,BAL,-0.766,0.415
2014_12_BAL_NO,2014,12,BAL,0.415,-0.898
2014_13_LAC_BAL,2014,13,BAL,-0.898,-3.173
2014_14_BAL_MIA,2014,14,BAL,-3.173,-2.041
2014_15_JAX_BAL,2014,15,BAL,-2.041,0.351
2014_16_BAL_HOU,2014,16,BAL,0.351,0.849
2014_17_CLE_BAL,2014,17,BAL,0.849,2.249
2014_18_BAL_PIT,2014,18,BAL,2.249,3.327
2014_19_BAL_NE,2014,19,BAL,3.327,1.574
2015_01_BAL_DEN,2015,1,BAL,1.009,3.779
2015_02_BAL_OAK,2015,2,BAL,3.779,1.017
2015_03_CIN_BAL,2015,3,BAL,1.017,-1.102
2015_04_BAL_PIT,2015,4,BAL,-1.102,-0.396
2015_05_CLE_BAL,2015,5,BAL,-0.396,-3.742
2015_06_BAL_SF,2015,6,BAL,-3.742,-4.739
2015_07_BAL_ARI,2015,7,BAL,-4.739,-5.278
2015_08_LAC_BAL,2015,8,BAL,-5.278,-6.753
2015_10_JAX_BAL,2015,10,BAL,-6.753,-5.945
2015_11_LAR_BAL,2015,11,BAL,-5.945,-5.563
2015_12_BAL_CLE,2015,12,BAL,-5.563,-5.529
2015_13_BAL_MIA,2015,13,BAL,-5.529,-4.584
2015_14_SEA_BAL,2015,14,BAL,-4.584,-6.979
2015_15_KC_BAL,2015,15,BAL,-6.979,-6.723
2015_16_PIT_BAL,2015,16,BAL,-6.723,-4.399
2015_17_BAL_CIN,2015,17,BAL,-4.399,-4.414
2016_01_BUF_BAL,2016,1,BAL,-2.829,-1.483
2016_02_BAL_CLE,2016,2,BAL,-1.483,-0.701
2016_03_BAL_JAX,2016,3,BAL,-0.701,0.973
2016_04_OAK_BAL,2016,4,BAL,0.973,-0.731
2016_05_WAS_BAL,2016,5,BAL,-0.731,-0.897
2016_06_BAL_NYG,2016,6,BAL,-0.897,-2.788
2016_07_BAL_NYJ,2016,7,BAL,-2.788,-2.204
2016_09_PIT_BAL,2016,9,BAL,-2.204,-1.486
2016_10_CLE_BAL,2016,10,BAL,-1.486,-1.211
2016_11_BAL_DAL,2016,11,BAL,-1.211,-3.488
2016_12_CIN_BAL,2016,12,BAL,-3.488,-3.067
2016_13_MIA_BAL,2016,13,BAL,-3.067,-1.75
2016_14_BAL_NE,2016,14,BAL,-1.75,-2.609
2016_15_PHI_BAL,2016,15,BAL,-2.609,-1.868
2016_16_BAL_PIT,2016,16,BAL,-1.868,-2.553
2016_17_BAL_CIN,2016,17,BAL,-2.553,-2.488
2017_01_BAL_CIN,2017,1,BAL,-1.595,2.974
2017_02_CLE_BAL,2017,2,BAL,2.974,4.752
2017_03_BAL_JAX,2017,3,BAL,4.752,2.156
2017_04_PIT_BAL,2017,4,BAL,2.156,2.812
2017_05_BAL_OAK,2017,5,BAL,2.812,3.272
2017_06_CHI_BAL,2017,6,BAL,3.272,4.141
2017_07_BAL_MIN,2017,7,BAL,4.141,4.208
2017_08_MIA_BAL,2017,8,BAL,4.208,6.368
2017_09_BAL_TEN,2017,9,BAL,6.368,6.606
2017_11_BAL_GB,2017,11,BAL,6.606,8.667
2017_12_HOU_BAL,2017,12,BAL,8.667,8.803
2017_13_DET_BAL,2017,13,BAL,8.803,8.333
2017_14_BAL_PIT,2017,14,BAL,8.333,5.548
2017_15_BAL_CLE,2017,15,BAL,5.548,6.608
2017_16_IND_BAL,2017,16,BAL,6.608,6.273
2017_17_CIN_BAL,2017,17,BAL,6.273,4.814
2018_01_BUF_BAL,2018,1,BAL,3.086,6.103
2018_02_BAL_CIN,2018,2,BAL,6.103,4.017
2018_03_DEN_BAL,2018,3,BAL,4.017,5.356
2018_04_BAL_PIT,2018,4,BAL,5.356,5.949
2018_05_BAL_CLE,2018,5,BAL,5.949,5.691
2018_06_BAL_TEN,2018,6,BAL,5.691,8.771
2018_07_NO_BAL,2018,7,BAL,8.771,8.766
2018_08_BAL_CAR,2018,8,BAL,8.766,6.305
2018_09_PIT_BAL,2018,9,BAL,6.305,5.272
2018_11_CIN_BAL,2018,11,BAL,5.272,4.193
2018_12_OAK_BAL,2018,12,BAL,4.193,5.326
2018_13_BAL_ATL,2018,13,BAL,5.326,7.239
2018_14_BAL_KC,2018,14,BAL,7.239,7.276
2018_15_TB_BAL,2018,15,BAL,7.276,8.737
2018_16_BAL_LAC,2018,16,BAL,8.737,11.426
2018_17_CLE_BAL,2018,17,BAL,11.426,10.714
2018_18_LAC_BAL,2018,18,BAL,10.714,10.599
2019_01_BAL_MIA,2019,1,BAL,6.794,7.921
2019_02_ARI_BAL,2019,2,BAL,7.921,7.234
2019_03_BAL_KC,2019,3,BAL,7.234,5.44
2019_04_CLE_BAL,2019,4,BAL,5.44,4.469
2019_05_BAL_PIT,2019,5,BAL,4.469,4.442
2019_06_CIN_BAL,2019,6,BAL,4.442,4.924
2019_07_BAL_SEA,2019,7,BAL,4.924,6.12
2019_09_NE_BAL,2019,9,BAL,6.12,6.521
2019_10_BAL_CIN,2019,10,BAL,6.521,6.713
2019_11_HOU_BAL,2019,11,BAL,6.713,9.825
2019_12_BAL_LAR,2019,12,BAL,9.825,10.679
2019_13_SF_BAL,2019,13,BAL,10.679,10.524
2019_14_BAL_BUF,2019,14,BAL,10.524,12.998
2019_15_NYJ_BAL,2019,15,BAL,12.998,12.156
2019_16_BAL_CLE,2019,16,BAL,12.156,11.457
2019_17_PIT_BAL,2019,17,BAL,11.457,12.505
2019_19_TEN_BAL,2019,19,BAL,12.505,12.247
2020_01_CLE_BAL,2020,1,BAL,7.85,8.739
2020_02_BAL_HOU,2020,2,BAL,8.739,9.169
2020_03_KC_BAL,2020,3,BAL,9.169,5.276
2020_04_BAL_WAS,2020,4,BAL,5.276,3.423
2020_05_CIN_BAL,2020,5,BAL,3.423,5.893
2020_06_BAL_PHI,2020,6,BAL,5.893,5.6
2020_08_PIT_BAL,2020,8,BAL,5.6,5.567
2020_09_BAL_IND,2020,9,BAL,5.567,6.354
2020_10_BAL_NE,2020,10,BAL,6.354,5.924
2020_11_TEN_BAL,2020,11,BAL,5.924,5.153
2020_12_BAL_PIT,2020,12,BAL,5.153,4.575
2020_13_DAL_BAL,2020,13,BAL,4.575,3.284
2020_14_BAL_CLE,2020,14,BAL,3.284,0.793
2020_15_JAX_BAL,2020,15,BAL,0.793,0.612
2020_16_NYG_BAL,2020,16,BAL,0.612,1.5
2020_17_BAL_CIN,2020,17,BAL,1.5,4.098
2020_18_BAL_TEN,2020,18,BAL,4.098,5.16
2020_19_BAL_BUF,2020,19,BAL,5.16,6.796
2021_01_BAL_OAK,2021,1,BAL,4.356,3.657
2021_02_KC_BAL,2021,2,BAL,3.657,2.432
2021_03_BAL_DET,2021,3,BAL,2.432,2.938
2021_04_BAL_DEN,2021,4,BAL,2.938,4.914
2021_05_IND_BAL,2021,5,BAL,4.914,2.506
2021_06_LAC_BAL,2021,6,BAL,2.506,4.092
2021_07_CIN_BAL,2021,7,BAL,4.092,2.374
2021_09_MIN_BAL,2021,9,BAL,2.374,1.907
2021_10_BAL_MIA,2021,10,BAL,1.907,3.117
2021_11_BAL_CHI,2021,11,BAL,3.117,4.189
2021_12_CLE_BAL,2021,12,BAL,4.189,4.409
2021_13_BAL_PIT,2021,13,BAL,4.409,3.517
2021_14_BAL_CLE,2021,14,BAL,3.517,2.48
2021_15_GB_BAL,2021,15,BAL,2.48,2.13
2021_16_BAL_CIN,2021,16,BAL,2.13,-2.291
2021_17_LAR_BAL,2021,17,BAL,-2.291,-2.504
2021_18_PIT_BAL,2021,18,BAL,-2.504,-2.515
2022_01_BAL_NYJ,2022,1,BAL,-1.612,-1.469
2022_02_MIA_BAL,2022,2,BAL,-1.469,-5.119
2022_03_BAL_NE,2022,3,BAL,-5.119,-4.568
2022_04_BUF_BAL,2022,4,BAL,-4.568,-3.622
2022_05_CIN_BAL,2022,5,BAL,-3.622,-3.468
2022_06_BAL_NYG,2022,6,BAL,-3.468,-2.874
2022_07_CLE_BAL,2022,7,BAL,-2.874,-2.799
2022_08_BAL_TB,2022,8,BAL,-2.799,-2.082
2022_09_BAL_NO,2022,9,BAL,-2.082,-0.803
2022_11_CAR_BAL,2022,11,BAL,-0.803,0.643
2022_12_BAL_JAX,2022,12,BAL,0.643,-1.122
2022_13_DEN_BAL,2022,13,BAL,-1.122,-1.449
2022_14_BAL_PIT,2022,14,BAL,-1.449,-0.055
2022_15_BAL_CLE,2022,15,BAL,-0.055,1.047
2022_16_ATL_BAL,2022,16,BAL,1.047,0.187
2022_17_PIT_BAL,2022,17,BAL,0.187,0.765
2022_18_BAL_CIN,2022,18,BAL,0.765,1.939
2022_19_BAL_CIN,2022,19,BAL,1.939,2.533
2023_01_HOU_BAL,2023,1,BAL,1.624,2.143
2023_02_BAL_CIN,2023,2,BAL,2.143,2.046
2023_03_IND_BAL,2023,3,BAL,2.046,2.989
2023_04_BAL_CLE,2023,4,BAL,2.989,5.586
2023_05_BAL_PIT,2023,5,BAL,5.586,5.775
2023_06_BAL_TEN,2023,6,BAL,5.775,7.776
2023_07_DET_BAL,2023,7,BAL,7.776,9.303
2023_08_BAL_ARI,2023,8,BAL,9.303,8.244
2023_09_SEA_BAL,2023,9,BAL,8.244,10.77
2023_10_CLE_BAL,2023,10,BAL,10.77,11.396
2023_11_CIN_BAL,2023,11,BAL,11.396,12.392
2023_12_BAL_LAC,2023,12,BAL,12.392,12.392
2023_14_LAR_BAL,2023,14,BAL,12.392,11.204
2023_15_BAL_JAX,2023,15,BAL,11.204,10.061
2023_16_BAL_SF,2023,16,BAL,10.061,13.076
2023_17_MIA_BAL,2023,17,BAL,13.076,14.161
2023_18_PIT_BAL,2023,18,BAL,14.161,13.563
2023_20_HOU_BAL,2023,20,BAL,13.563,13.61
2023_21_KC_BAL,2023,21,BAL,13.61,13.085
2024_01_BAL_KC,2024,1,BAL,8.388,8.876
2024_02_OAK_BAL,2024,2,BAL,8.876,8.569
2024_03_BAL_DAL,2024,3,BAL,8.569,7.382
2024_04_BUF_BAL,2024,4,BAL,7.382,9.558
2024_05_BAL_CIN,2024,5,BAL,9.558,6.884
2024_06_WAS_BAL,2024,6,BAL,6.884,6.004
2024_07_BAL_TB,2024,7,BAL,6.004,4.846
2024_08_BAL_CLE,2024,8,BAL,4.846,2.835
2024_09_DEN_BAL,2024,9,BAL,2.835,4.122
2024_10_CIN_BAL,2024,10,BAL,4.122,2.285
2024_11_BAL_PIT,2024,11,BAL,2.285,4.308
2024_12_BAL_LAC,2024,12,BAL,4.308,4.748
2024_13_PHI_BAL,2024,13,BAL,4.748,5.442
2024_15_BAL_NYG,2024,15,BAL,5.442,6.082
2024_16_PIT_BAL,2024,16,BAL,6.082,5.755
2024_17_BAL_HOU,2024,17,BAL,5.755,7.668
2024_18_CLE_BAL,2024,18,BAL,7.668,8.301
2024_19_PIT_BAL,2024,19,BAL,8.301,7.616
2024_20_BAL_BUF,2024,20,BAL,7.616,8.042
2025_01_BAL_BUF,2025,1,BAL,5.155,2.345
2025_02_CLE_BAL,2025,2,BAL,2.345,3.194
2025_03_DET_BAL,2025,3,BAL,3.194,3.174
2025_04_BAL_KC,2025,4,BAL,3.174,1.767
2025_05_HOU_BAL,2025,5,BAL,1.767,-1.327
2025_06_LAR_BAL,2025,6,BAL,-1.327,-0.446
2025_08_CHI_BAL,2025,8,BAL,-0.446,-0.844
2025_09_BAL_MIA,2025,9,BAL,-0.844,0.119
2025_10_BAL_MIN,2025,10,BAL,0.119,0.171
2025_11_BAL_CLE,2025,11,BAL,0.171,0.455
2025_12_NYJ_BAL,2025,12,BAL,0.455,1.0
2025_13_CIN_BAL,2025,13,BAL,1.0,1.029
2025_14_PIT_BAL,2025,14,BAL,1.029,-0.671
2025_15_BAL_CIN,2025,15,BAL,-0.671,1.039
2025_16_NE_BAL,2025,16,BAL,1.039,0.093
2025_17_BAL_GB,2025,17,BAL,0.093,-3.945
2025_18_BAL_PIT,2025,18,BAL,-3.945,-4.852
2026_01_BAL_IND,2026,1,BAL,-3.11,-1.88
1999_01_BUF_IND,1999,1,BUF,0.0,-1.165
1999_02_NYJ_BUF,1999,2,BUF,-1.165,-0.424
1999_03_PHI_BUF,1999,3,BUF,-0.424,-0.711
1999_04_BUF_MIA,1999,4,BUF,-0.711,-0.009
1999_05_PIT_BUF,1999,5,BUF,-0.009,-1.634
1999_06_OAK_BUF,1999,6,BUF,-1.634,-1.977
1999_07_BUF_SEA,1999,7,BUF,-1.977,-3.882
1999_08_BUF_BAL,1999,8,BUF,-3.882,-2.293
1999_09_BUF_WAS,1999,9,BUF,-2.293,-1.768
1999_10_MIA_BUF,1999,10,BUF,-1.768,-0.122
1999_11_BUF_NYJ,1999,11,BUF,-0.122,-1.074
1999_12_NE_BUF,1999,12,BUF,-1.074,0.073
1999_14_NYG_BUF,1999,14,BUF,0.073,-0.29
1999_15_BUF_ARI,1999,15,BUF,-0.29,0.425
1999_16_BUF_NE,1999,16,BUF,0.425,1.434
1999_17_IND_BUF,1999,17,BUF,1.434,1.513
1999_18_BUF_TEN,1999,18,BUF,1.513,3.22
2000_01_TEN_BUF,2000,1,BUF,2.064,3.907
2000_02_GB_BUF,2000,2,BUF,3.907,2.549
2000_03_BUF_NYJ,2000,3,BUF,2.549,2.347
2000_05_IND_BUF,2000,5,BUF,2.347,2.515
2000_07_LAC_BUF,2000,7,BUF,2.515,2.04
2000_08_BUF_MIN,2000,8,BUF,2.04,0.315
2000_09_NYJ_BUF,2000,9,BUF,0.315,-1.182
2000_10_BUF_NE,2000,10,BUF,-1.182,-0.629
2000_11_CHI_BUF,2000,11,BUF,-0.629,0.048
2000_12_BUF_KC,2000,12,BUF,0.048,-0.095
2000_13_BUF_TB,2000,13,BUF,-0.095,1.557
2000_14_MIA_BUF,2000,14,BUF,1.557,-0.214
2000_15_BUF_IND,2000,15,BUF,-0.214,1.617
2000_16_NE_BUF,2000,16,BUF,1.617,1.206
2000_17_BUF_SEA,2000,17,BUF,1.206,1.685
2001_01_NO_BUF,2001,1,BUF,1.08,-0.372
2001_02_BUF_IND,2001,2,BUF,-0.372,-3.706
2001_03_PIT_BUF,2001,3,BUF,-3.706,-3.01
2001_04_NYJ_BUF,2001,4,BUF,-3.01,-4.315
2001_07_BUF_LAC,2001,7,BUF,-4.315,-5.796
2001_08_IND_BUF,2001,8,BUF,-5.796,-6.295
2001_09_BUF_NE,2001,9,BUF,-6.295,-4.371
2001_10_SEA_BUF,2001,10,BUF,-4.371,-5.92
2001_11_MIA_BUF,2001,11,BUF,-5.92,-7.667
2001_12_BUF_SF,2001,12,BUF,-7.667,-7.914
2001_13_CAR_BUF,2001,13,BUF,-7.914,-8.586
2001_14_NE_BUF,2001,14,BUF,-8.586,-7.169
2001_15_BUF_ATL,2001,15,BUF,-7.169,-9.824
2001_16_BUF_NYJ,2001,16,BUF,-9.824,-9.038
2001_17_BUF_MIA,2001,17,BUF,-9.038,-8.921
2002_01_NYJ_BUF,2002,1,BUF,-5.719,-7.33
2002_02_BUF_MIN,2002,2,BUF,-7.33,-7.908
2002_03_BUF_DEN,2002,3,BUF,-7.908,-7.901
2002_04_CHI_BUF,2002,4,BUF,-7.901,-9.075
2002_05_OAK_BUF,2002,5,BUF,-9.075,-11.374
2002_06_BUF_HOU,2002,6,BUF,-11.374,-12.511
2002_07_BUF_MIA,2002,7,BUF,-12.511,-9.715
2002_08_DET_BUF,2002,8,BUF,-9.715,-9.438
2002_09_NE_BUF,2002,9,BUF,-9.438,-11.61
2002_11_BUF_KC,2002,11,BUF,-11.61,-12.061
2002_12_BUF_NYJ,2002,12,BUF,-12.061,-12.586
2002_13_MIA_BUF,2002,13,BUF,-12.586,-11.624
2002_14_BUF_NE,2002,14,BUF,-11.624,-11.732
2002_15_LAC_BUF,2002,15,BUF,-11.732,-10.875
2002_16_BUF_GB,2002,16,BUF,-10.875,-8.192
2002_17_CIN_BUF,2002,17,BUF,-8.192,-7.204
2003_01_NE_BUF,2003,1,BUF,-4.618,-1.197
2003_02_BUF_JAX,2003,2,BUF,-1.197,-0.703
2003_03_BUF_MIA,2003,3,BUF,-0.703,0.105
2003_04_PHI_BUF,2003,4,BUF,0.105,-0.047
2003_05_CIN_BUF,2003,5,BUF,-0.047,0.237
2003_06_BUF_NYJ,2003,6,BUF,0.237,-0.284
2003_07_WAS_BUF,2003,7,BUF,-0.284,0.471
2003_08_BUF_KC,2003,8,BUF,0.471,-0.923
2003_10_BUF_DAL,2003,10,BUF,-0.923,-0.46
2003_11_HOU_BUF,2003,11,BUF,-0.46,0.467
2003_12_IND_BUF,2003,12,BUF,0.467,1.14
2003_13_BUF_NYG,2003,13,BUF,1.14,2.215
2003_14_NYJ_BUF,2003,14,BUF,2.215,4.754
2003_15_BUF_TEN,2003,15,BUF,4.754,2.44
2003_16_MIA_BUF,2003,16,BUF,2.44,3.737
2003_17_BUF_NE,2003,17,BUF,3.737,1.766
2004_01_JAX_BUF,2004,1,BUF,1.132,2.452
2004_02_BUF_OAK,2004,2,BUF,2.452,1.325
2004_04_NE_BUF,2004,4,BUF,1.325,-0.156
2004_05_BUF_NYJ,2004,5,BUF,-0.156,-1.175
2004_06_MIA_BUF,2004,6,BUF,-1.175,-0.084
2004_07_BUF_BAL,2004,7,BUF,-0.084,0.999
2004_08_ARI_BUF,2004,8,BUF,0.999,1.694
2004_09_NYJ_BUF,2004,9,BUF,1.694,2.492
2004_10_BUF_NE,2004,10,BUF,2.492,2.718
2004_11_LAR_BUF,2004,11,BUF,2.718,4.498
2004_12_BUF_SEA,2004,12,BUF,4.498,5.162
2004_13_BUF_MIA,2004,13,BUF,5.162,5.369
2004_14_CLE_BUF,2004,14,BUF,5.369,8.102
2004_15_BUF_CIN,2004,15,BUF,8.102,9.207
2004_16_BUF_SF,2004,16,BUF,9.207,9.386
2004_17_PIT_BUF,2004,17,BUF,9.386,10.124
2005_01_HOU_BUF,2005,1,BUF,6.49,8.894
2005_02_BUF_TB,2005,2,BUF,8.894,8.786
2005_03_ATL_BUF,2005,3,BUF,8.786,7.157
2005_04_BUF_NO,2005,4,BUF,7.157,5.961
2005_05_MIA_BUF,2005,5,BUF,5.961,5.793
2005_06_NYJ_BUF,2005,6,BUF,5.793,7.6
2005_07_BUF_OAK,2005,7,BUF,7.6,6.234
2005_08_BUF_NE,2005,8,BUF,6.234,6.622
2005_10_KC_BUF,2005,10,BUF,6.622,9.579
2005_11_BUF_LAC,2005,11,BUF,9.579,5.905
2005_12_CAR_BUF,2005,12,BUF,5.905,4.839
2005_13_BUF_MIA,2005,13,BUF,4.839,6.135
2005_14_NE_BUF,2005,14,BUF,6.135,3.775
2005_15_DEN_BUF,2005,15,BUF,3.775,2.687
2005_16_BUF_CIN,2005,16,BUF,2.687,2.512
2005_17_BUF_NYJ,2005,17,BUF,2.512,2.954
2006_01_BUF_NE,2006,1,BUF,1.893,3.38
2006_02_BUF_MIA,2006,2,BUF,3.38,4.263
2006_03_NYJ_BUF,2006,3,BUF,4.263,3.409
2006_04_MIN_BUF,2006,4,BUF,3.409,2.934
2006_05_BUF_CHI,2006,5,BUF,2.934,2.304
2006_06_BUF_DET,2006,6,BUF,2.304,1.848
2006_07_NE_BUF,2006,7,BUF,1.848,1.92
2006_09_GB_BUF,2006,9,BUF,1.92,2.481
2006_10_BUF_IND,2006,10,BUF,2.481,2.379
2006_11_BUF_HOU,2006,11,BUF,2.379,1.436
2006_12_JAX_BUF,2006,12,BUF,1.436,0.462
2006_13_LAC_BUF,2006,13,BUF,0.462,1.05
2006_14_BUF_NYJ,2006,14,BUF,1.05,1.562
2006_15_MIA_BUF,2006,15,BUF,1.562,4.099
2006_16_TEN_BUF,2006,16,BUF,4.099,1.191
2006_17_BUF_BAL,2006,17,BUF,1.191,1.285
2007_01_DEN_BUF,2007,1,BUF,0.824,-0.341
2007_02_BUF_PIT,2007,2,BUF,-0.341,-0.82
2007_03_BUF_NE,2007,3,BUF,-0.82,-3.37
2007_04_NYJ_BUF,2007,4,BUF,-3.37,-4.292
2007_05_DAL_BUF,2007,5,BUF,-4.292,-2.977
2007_07_BAL_BUF,2007,7,BUF,-2.977,-3.792
2007_08_BUF_NYJ,2007,8,BUF,-3.792,-2.65
2007_09_CIN_BUF,2007,9,BUF,-2.65,-3.447
2007_10_BUF_MIA,2007,10,BUF,-3.447,-3.987
2007_11_NE_BUF,2007,11,BUF,-3.987,-7.046
2007_12_BUF_JAX,2007,12,BUF,-7.046,-8.028
2007_13_BUF_WAS,2007,13,BUF,-8.028,-6.73
2007_14_MIA_BUF,2007,14,BUF,-6.73,-5.165
2007_15_BUF_CLE,2007,15,BUF,-5.165,-3.83
2007_16_NYG_BUF,2007,16,BUF,-3.83,-2.038
2007_17_BUF_PHI,2007,17,BUF,-2.038,-2.274
2008_01_SEA_BUF,2008,1,BUF,-1.457,1.124
2008_02_BUF_JAX,2008,2,BUF,1.124,1.846
2008_03_OAK_BUF,2008,3,BUF,1.846,1.181
2008_04_BUF_LAR,2008,4,BUF,1.181,1.943
2008_05_BUF_ARI,2008,5,BUF,1.943,-0.506
2008_07_LAC_BUF,2008,7,BUF,-0.506,-0.695
2008_08_BUF_MIA,2008,8,BUF,-0.695,-1.884
2008_09_NYJ_BUF,2008,9,BUF,-1.884,-1.635
2008_10_BUF_NE,2008,10,BUF,-1.635,-3.665
2008_11_CLE_BUF,2008,11,BUF,-3.665,-2.877
2008_12_BUF_KC,2008,12,BUF,-2.877,-3.456
2008_13_SF_BUF,2008,13,BUF,-3.456,-3.428
2008_14_MIA_BUF,2008,14,BUF,-3.428,-3.857
2008_15_BUF_NYJ,2008,15,BUF,-3.857,-3.902
2008_16_BUF_DEN,2008,16,BUF,-3.902,-5.402
2008_17_NE_BUF,2008,17,BUF,-5.402,-4.758
2009_01_BUF_NE,2009,1,BUF,-3.05,-4.625
2009_02_TB_BUF,2009,2,BUF,-4.625,-4.62
2009_03_NO_BUF,2009,3,BUF,-4.62,-2.382
2009_04_BUF_MIA,2009,4,BUF,-2.382,-1.432
2009_05_CLE_BUF,2009,5,BUF,-1.432,1.29
2009_06_BUF_NYJ,2009,6,BUF,1.29,5.082
2009_07_BUF_CAR,2009,7,BUF,5.082,5.29
2009_08_HOU_BUF,2009,8,BUF,5.29,6.235
2009_10_BUF_TEN,2009,10,BUF,6.235,4.877
2009_11_BUF_JAX,2009,11,BUF,4.877,4.652
2009_12_MIA_BUF,2009,12,BUF,4.652,5.426
2009_13_NYJ_BUF,2009,13,BUF,5.426,5.336
2009_14_BUF_KC,2009,14,BUF,5.336,7.44
2009_15_NE_BUF,2009,15,BUF,7.44,9.316
2009_16_BUF_ATL,2009,16,BUF,9.316,8.301
2009_17_IND_BUF,2009,17,BUF,8.301,9.118
2010_01_MIA_BUF,2010,1,BUF,5.844,6.274
2010_02_BUF_GB,2010,2,BUF,6.274,4.289
2010_03_BUF_NE,2010,3,BUF,4.289,2.794
2010_04_NYJ_BUF,2010,4,BUF,2.794,1.608
2010_05_JAX_BUF,2010,5,BUF,1.608,0.649
2010_07_BUF_BAL,2010,7,BUF,0.649,-0.2
2010_08_BUF_KC,2010,8,BUF,-0.2,0.135
2010_09_CHI_BUF,2010,9,BUF,0.135,-1.394
2010_10_DET_BUF,2010,10,BUF,-1.394,-2.006
2010_11_BUF_CIN,2010,11,BUF,-2.006,-2.209
2010_12_PIT_BUF,2010,12,BUF,-2.209,-1.241
2010_13_BUF_MIN,2010,13,BUF,-1.241,0.474
2010_14_CLE_BUF,2010,14,BUF,0.474,1.551
2010_15_BUF_MIA,2010,15,BUF,1.551,0.272
2010_16_NE_BUF,2010,16,BUF,0.272,0.334
2010_17_BUF_NYJ,2010,17,BUF,0.334,0.648
2011_01_BUF_KC,2011,1,BUF,0.416,1.331
2011_02_OAK_BUF,2011,2,BUF,1.331,-1.168
2011_03_NE_BUF,2011,3,BUF,-1.168,-1.398
2011_04_BUF_CIN,2011,4,BUF,-1.398,-1.864
2011_05_PHI_BUF,2011,5,BUF,-1.864,-2.723
2011_06_BUF_NYG,2011,6,BUF,-2.723,-3.505
2011_08_WAS_BUF,2011,8,BUF,-3.505,-0.612
2011_09_NYJ_BUF,2011,9,BUF,-0.612,-0.801
2011_10_BUF_DAL,2011,10,BUF,-0.801,-3.133
2011_11_BUF_MIA,2011,11,BUF,-3.133,-4.681
2011_12_BUF_NYJ,2011,12,BUF,-4.681,-5.398
2011_13_TEN_BUF,2011,13,BUF,-5.398,-5.057
2011_14_BUF_LAC,2011,14,BUF,-5.057,-6.21
2011_15_MIA_BUF,2011,15,BUF,-6.21,-6.716
2011_16_DEN_BUF,2011,16,BUF,-6.716,-4.509
2011_17_BUF_NE,2011,17,BUF,-4.509,-3.899
2012_01_BUF_NYJ,2012,1,BUF,-2.499,-4.363
2012_02_KC_BUF,2012,2,BUF,-4.363,-4.462
2012_03_BUF_CLE,2012,3,BUF,-4.462,-3.606
2012_04_NE_BUF,2012,4,BUF,-3.606,-5.317
2012_05_BUF_SF,2012,5,BUF,-5.317,-8.769
2012_06_BUF_ARI,2012,6,BUF,-8.769,-7.982
2012_07_TEN_BUF,2012,7,BUF,-7.982,-8.35
2012_09_BUF_HOU,2012,9,BUF,-8.35,-8.848
2012_10_BUF_NE,2012,10,BUF,-8.848,-8.239
2012_11_MIA_BUF,2012,11,BUF,-8.239,-6.284
2012_12_BUF_IND,2012,12,BUF,-6.284,-4.931
2012_13_JAX_BUF,2012,13,BUF,-4.931,-4.204
2012_14_LAR_BUF,2012,14,BUF,-4.204,-3.754
2012_15_SEA_BUF,2012,15,BUF,-3.754,-6.962
2012_16_BUF_MIA,2012,16,BUF,-6.962,-7.253
2012_17_NYJ_BUF,2012,17,BUF,-7.253,-7.073
2013_01_NE_BUF,2013,1,BUF,-4.534,-3.046
2013_02_CAR_BUF,2013,2,BUF,-3.046,-1.16
2013_03_BUF_NYJ,2013,3,BUF,-1.16,-3.597
2013_04_BAL_BUF,2013,4,BUF,-3.597,-1.06
2013_05_BUF_CLE,2013,5,BUF,-1.06,-0.706
2013_06_CIN_BUF,2013,6,BUF,-0.706,-2.238
2013_07_BUF_MIA,2013,7,BUF,-2.238,-1.739
2013_08_BUF_NO,2013,8,BUF,-1.739,-2.985
2013_09_KC_BUF,2013,9,BUF,-2.985,-2.047
2013_10_BUF_PIT,2013,10,BUF,-2.047,-0.886
2013_11_NYJ_BUF,2013,11,BUF,-0.886,2.497
2013_13_ATL_BUF,2013,13,BUF,2.497,3.145
2013_14_BUF_TB,2013,14,BUF,3.145,4.571
2013_15_BUF_JAX,2013,15,BUF,4.571,4.694
2013_16_MIA_BUF,2013,16,BUF,4.694,8.361
2013_17_BUF_NE,2013,17,BUF,8.361,9.918
2014_01_BUF_CHI,2014,1,BUF,6.357,5.07
2014_02_MIA_BUF,2014,2,BUF,5.07,5.301
2014_03_LAC_BUF,2014,3,BUF,5.301,4.169
2014_04_BUF_HOU,2014,4,BUF,4.169,4.574
2014_05_BUF_DET,2014,5,BUF,4.574,6.321
2014_06_NE_BUF,2014,6,BUF,6.321,3.702
2014_07_MIN_BUF,2014,7,BUF,3.702,5.305
2014_08_BUF_NYJ,2014,8,BUF,5.305,7.795
2014_10_KC_BUF,2014,10,BUF,7.795,8.785
2014_11_BUF_MIA,2014,11,BUF,8.785,8.102
2014_12_NYJ_BUF,2014,12,BUF,8.102,11.598
2014_13_CLE_BUF,2014,13,BUF,11.598,12.06
2014_14_BUF_DEN,2014,14,BUF,12.06,14.183
2014_15_GB_BUF,2014,15,BUF,14.183,17.194
2014_16_BUF_OAK,2014,16,BUF,17.194,16.163
2014_17_BUF_NE,2014,17,BUF,16.163,16.522
2015_01_IND_BUF,2015,1,BUF,10.591,11.129
2015_02_NE_BUF,2015,2,BUF,11.129,8.964
2015_03_BUF_MIA,2015,3,BUF,8.964,10.133
2015_04_NYG_BUF,2015,4,BUF,10.133,9.834
2015_05_BUF_TEN,2015,5,BUF,9.834,9.576
2015_06_CIN_BUF,2015,6,BUF,9.576,8.149
2015_07_BUF_JAX,2015,7,BUF,8.149,8.916
2015_09_MIA_BUF,2015,9,BUF,8.916,7.827
2015_10_BUF_NYJ,2015,10,BUF,7.827,8.293
2015_11_BUF_NE,2015,11,BUF,8.293,9.505
2015_12_BUF_KC,2015,12,BUF,9.505,7.74
2015_13_HOU_BUF,2015,13,BUF,7.74,5.953
2015_14_BUF_PHI,2015,14,BUF,5.953,5.724
2015_15_BUF_WAS,2015,15,BUF,5.724,2.192
2015_16_DAL_BUF,2015,16,BUF,2.192,2.751
2015_17_NYJ_BUF,2015,17,BUF,2.751,4.832
2016_01_BUF_BAL,2016,1,BUF,3.097,3.449
2016_02_NYJ_BUF,2016,2,BUF,3.449,1.351
2016_03_ARI_BUF,2016,3,BUF,1.351,5.116
2016_04_BUF_NE,2016,4,BUF,5.116,5.066
2016_05_BUF_LAR,2016,5,BUF,5.066,5.888
2016_06_SF_BUF,2016,6,BUF,5.888,5.321
2016_07_BUF_MIA,2016,7,BUF,5.321,4.749
2016_08_NE_BUF,2016,8,BUF,4.749,3.886
2016_09_BUF_SEA,2016,9,BUF,3.886,2.686
2016_11_BUF_CIN,2016,11,BUF,2.686,3.442
2016_12_JAX_BUF,2016,12,BUF,3.442,2.547
2016_13_BUF_OAK,2016,13,BUF,2.547,2.264
2016_14_PIT_BUF,2016,14,BUF,2.264,4.646
2016_15_CLE_BUF,2016,15,BUF,4.646,3.914
2016_16_MIA_BUF,2016,16,BUF,3.914,3.208
2016_17_BUF_NYJ,2016,17,BUF,3.208,1.937
2017_01_NYJ_BUF,2017,1,BUF,1.242,1.644
2017_02_BUF_CAR,2017,2,BUF,1.644,2.783
2017_03_DEN_BUF,2017,3,BUF,2.783,3.967
2017_04_BUF_ATL,2017,4,BUF,3.967,5.089
2017_05_BUF_CIN,2017,5,BUF,5.089,5.15
2017_07_TB_BUF,2017,7,BUF,5.15,2.517
2017_08_OAK_BUF,2017,8,BUF,2.517,2.481
2017_09_BUF_NYJ,2017,9,BUF,2.481,1.697
2017_10_NO_BUF,2017,10,BUF,1.697,1.871
2017_11_BUF_LAC,2017,11,BUF,1.871,1.143
2017_12_BUF_KC,2017,12,BUF,1.143,1.768
2017_13_NE_BUF,2017,13,BUF,1.768,3.414
2017_14_IND_BUF,2017,14,BUF,3.414,3.584
2017_15_MIA_BUF,2017,15,BUF,3.584,5.113
2017_16_BUF_NE,2017,16,BUF,5.113,5.222
2017_17_BUF_MIA,2017,17,BUF,5.222,3.167
2017_18_BUF_JAX,2017,18,BUF,3.167,2.806
2018_01_BUF_BAL,2018,1,BUF,1.799,-0.114
2018_02_LAC_BUF,2018,2,BUF,-0.114,-1.464
2018_03_BUF_MIN,2018,3,BUF,-1.464,-1.168
2018_04_BUF_GB,2018,4,BUF,-1.168,-0.482
2018_05_TEN_BUF,2018,5,BUF,-0.482,1.42
2018_06_BUF_HOU,2018,6,BUF,1.42,4.909
2018_07_BUF_IND,2018,7,BUF,4.909,3.742
2018_08_NE_BUF,2018,8,BUF,3.742,3.744
2018_09_CHI_BUF,2018,9,BUF,3.744,4.837
2018_10_BUF_NYJ,2018,10,BUF,4.837,7.502
2018_12_JAX_BUF,2018,12,BUF,7.502,8.963
2018_13_BUF_MIA,2018,13,BUF,8.963,9.153
2018_14_NYJ_BUF,2018,14,BUF,9.153,8.053
2018_15_DET_BUF,2018,15,BUF,8.053,6.616
2018_16_BUF_NE,2018,16,BUF,6.616,8.966
2018_17_MIA_BUF,2018,17,BUF,8.966,10.974
2019_01_BUF_NYJ,2019,1,BUF,7.034,7.165
2019_02_BUF_NYG,2019,2,BUF,7.165,7.832
2019_03_CIN_BUF,2019,3,BUF,7.832,8.14
2019_04_NE_BUF,2019,4,BUF,8.14,10.808
2019_05_BUF_TEN,2019,5,BUF,10.808,11.892
2019_07_MIA_BUF,2019,7,BUF,11.892,9.865
2019_08_PHI_BUF,2019,8,BUF,9.865,9.63
2019_09_WAS_BUF,2019,9,BUF,9.63,9.987
2019_10_BUF_CLE,2019,10,BUF,9.987,8.656
2019_11_BUF_MIA,2019,11,BUF,8.656,8.63
2019_12_DEN_BUF,2019,12,BUF,8.63,10.632
2019_13_BUF_DAL,2019,13,BUF,10.632,10.344
2019_14_BAL_BUF,2019,14,BUF,10.344,10.604
2019_15_BUF_PIT,2019,15,BUF,10.604,12.509
2019_16_BUF_NE,2019,16,BUF,12.509,10.574
2019_17_NYJ_BUF,2019,17,BUF,10.574,10.8
2019_18_BUF_HOU,2019,18,BUF,10.8,10.43
2020_01_NYJ_BUF,2020,1,BUF,6.685,7.042
2020_02_BUF_MIA,2020,2,BUF,7.042,5.476
2020_03_LAR_BUF,2020,3,BUF,5.476,3.87
2020_04_BUF_OAK,2020,4,BUF,3.87,2.354
2020_05_BUF_TEN,2020,5,BUF,2.354,-0.327
2020_06_KC_BUF,2020,6,BUF,-0.327,-0.603
2020_07_BUF_NYJ,2020,7,BUF,-0.603,2.989
2020_08_NE_BUF,2020,8,BUF,2.989,2.211
2020_09_SEA_BUF,2020,9,BUF,2.211,2.69
2020_10_BUF_ARI,2020,10,BUF,2.69,2.278
2020_12_LAC_BUF,2020,12,BUF,2.278,3.323
2020_13_BUF_SF,2020,13,BUF,3.323,1.594
2020_14_PIT_BUF,2020,14,BUF,1.594,3.16
2020_15_BUF_DEN,2020,15,BUF,3.16,2.927
2020_16_BUF_NE,2020,16,BUF,2.927,3.905
2020_17_MIA_BUF,2020,17,BUF,3.905,3.55
2020_18_IND_BUF,2020,18,BUF,3.55,2.37
2020_19_BAL_BUF,2020,19,BUF,2.37,4.761
2020_20_BUF_KC,2020,20,BUF,4.761,3.611
2021_01_PIT_BUF,2021,1,BUF,2.315,3.09
2021_02_BUF_MIA,2021,2,BUF,3.09,5.317
2021_03_WAS_BUF,2021,3,BUF,5.317,4.226
2021_04_HOU_BUF,2021,4,BUF,4.226,7.936
2021_05_BUF_KC,2021,5,BUF,7.936,8.477
2021_06_BUF_TEN,2021,6,BUF,8.477,8.307
2021_08_MIA_BUF,2021,8,BUF,8.307,9.037
2021_09_BUF_JAX,2021,9,BUF,9.037,9.916
2021_10_BUF_NYJ,2021,10,BUF,9.916,11.606
2021_11_IND_BUF,2021,11,BUF,11.606,11.503
2021_12_BUF_NO,2021,12,BUF,11.503,11.77
2021_13_NE_BUF,2021,13,BUF,11.77,12.892
2021_14_BUF_TB,2021,14,BUF,12.892,11.263
2021_15_CAR_BUF,2021,15,BUF,11.263,11.713
2021_16_BUF_NE,2021,16,BUF,11.713,13.256
2021_17_ATL_BUF,2021,17,BUF,13.256,14.297
2021_18_NYJ_BUF,2021,18,BUF,14.297,16.121
2021_19_NE_BUF,2021,19,BUF,16.121,15.399
2021_20_BUF_KC,2021,20,BUF,15.399,11.797
2022_01_BUF_LAR,2022,1,BUF,7.562,10.112
2022_02_TEN_BUF,2022,2,BUF,10.112,12.649
2022_03_BUF_MIA,2022,3,BUF,12.649,12.498
2022_04_BUF_BAL,2022,4,BUF,12.498,13.223
2022_05_PIT_BUF,2022,5,BUF,13.223,12.427
2022_06_BUF_KC,2022,6,BUF,12.427,13.136
2022_08_GB_BUF,2022,8,BUF,13.136,13.307
2022_09_BUF_NYJ,2022,9,BUF,13.307,11.907
2022_10_MIN_BUF,2022,10,BUF,11.907,12.56
2022_11_CLE_BUF,2022,11,BUF,12.56,9.505
2022_12_BUF_DET,2022,12,BUF,9.505,8.882
2022_13_BUF_NE,2022,13,BUF,8.882,8.358
2022_14_NYJ_BUF,2022,14,BUF,8.358,8.131
2022_15_MIA_BUF,2022,15,BUF,8.131,7.951
2022_16_BUF_CHI,2022,16,BUF,7.951,8.01
2022_18_NE_BUF,2022,18,BUF,8.01,7.573
2022_19_MIA_BUF,2022,19,BUF,7.573,9.531
2022_20_CIN_BUF,2022,20,BUF,9.531,8.725
2023_01_BUF_NYJ,2023,1,BUF,5.593,8.157
2023_02_OAK_BUF,2023,2,BUF,8.157,8.749
2023_03_BUF_WAS,2023,3,BUF,8.749,12.47
2023_04_MIA_BUF,2023,4,BUF,12.47,12.997
2023_05_JAX_BUF,2023,5,BUF,12.997,12.441
2023_06_NYG_BUF,2023,6,BUF,12.441,11.849
2023_07_BUF_NE,2023,7,BUF,11.849,8.864
2023_08_TB_BUF,2023,8,BUF,8.864,7.884
2023_09_BUF_CIN,2023,9,BUF,7.884,6.032
2023_10_DEN_BUF,2023,10,BUF,6.032,5.312
2023_11_NYJ_BUF,2023,11,BUF,5.312,7.091
2023_12_BUF_PHI,2023,12,BUF,7.091,5.833
2023_14_BUF_KC,2023,14,BUF,5.833,6.625
2023_15_DAL_BUF,2023,15,BUF,6.625,8.949
2023_16_BUF_LAC,2023,16,BUF,8.949,8.277
2023_17_NE_BUF,2023,17,BUF,8.277,8.941
2023_18_BUF_MIA,2023,18,BUF,8.941,9.997
2023_19_PIT_BUF,2023,19,BUF,9.997,8.906
2023_20_KC_BUF,2023,20,BUF,8.906,7.805
2024_01_ARI_BUF,2024,1,BUF,5.003,4.855
2024_02_BUF_MIA,2024,2,BUF,4.855,6.546
2024_03_JAX_BUF,2024,3,BUF,6.546,8.378
2024_04_BUF_BAL,2024,4,BUF,8.378,7.216
2024_05_BUF_HOU,2024,5,BUF,7.216,5.657
2024_06_BUF_NYJ,2024,6,BUF,5.657,5.371
2024_07_TEN_BUF,2024,7,BUF,5.371,5.895
2024_08_BUF_SEA,2024,8,BUF,5.895,6.138
2024_09_MIA_BUF,2024,9,BUF,6.138,4.503
2024_10_BUF_IND,2024,10,BUF,4.503,5.153
2024_11_KC_BUF,2024,11,BUF,5.153,5.785
2024_13_SF_BUF,2024,13,BUF,5.785,7.558
2024_14_BUF_LAR,2024,14,BUF,7.558,5.257
2024_15_BUF_DET,2024,15,BUF,5.257,1.874
2024_16_NE_BUF,2024,16,BUF,1.874,0.837
2024_17_NYJ_BUF,2024,17,BUF,0.837,3.9
2024_18_BUF_NE,2024,18,BUF,3.9,0.829
2024_19_DEN_BUF,2024,19,BUF,0.829,1.432
2024_20_BAL_BUF,2024,20,BUF,1.432,1.842
2024_21_BUF_KC,2024,21,BUF,1.842,0.576
2025_01_BAL_BUF,2025,1,BUF,0.369,-0.783
2025_02_BUF_NYJ,2025,2,BUF,-0.783,1.276
2025_03_MIA_BUF,2025,3,BUF,1.276,1.506
2025_04_NO_BUF,2025,4,BUF,1.506,1.139
2025_05_NE_BUF,2025,5,BUF,1.139,1.537
2025_06_BUF_ATL,2025,6,BUF,1.537,1.046
2025_08_BUF_CAR,2025,8,BUF,1.046,3.626
2025_09_KC_BUF,2025,9,BUF,3.626,6.656
2025_10_BUF_MIA,2025,10,BUF,6.656,6.904
2025_11_TB_BUF,2025,11,BUF,6.904,6.543
2025_12_BUF_HOU,2025,12,BUF,6.543,6.042
2025_13_BUF_PIT,2025,13,BUF,6.042,7.235
2025_14_CIN_BUF,2025,14,BUF,7.235,6.095
2025_15_BUF_NE,2025,15,BUF,6.095,6.238
2025_16_BUF_CLE,2025,16,BUF,6.238,5.218
2025_17_PHI_BUF,2025,17,BUF,5.218,6.807
2025_18_NYJ_BUF,2025,18,BUF,6.807,6.557
2025_19_BUF_JAX,2025,19,BUF,6.557,6.667
2025_20_BUF_DEN,2025,20,BUF,6.667,5.892
2026_01_BUF_HOU,2026,1,BUF,3.777,2.448
1999_01_CAR_NO,1999,1,CAR,0.0,0.487
1999_02_JAX_CAR,1999,2,CAR,0.487,-0.381
1999_03_CIN_CAR,1999,3,CAR,-0.381,-0.241
1999_04_CAR_WAS,1999,4,CAR,-0.241,-2.908
1999_06_CAR_SF,1999,6,CAR,-2.908,-3.746
1999_07_DET_CAR,1999,7,CAR,-3.746,-5.472
1999_08_CAR_ATL,1999,8,CAR,-5.472,-6.518
1999_09_PHI_CAR,1999,9,CAR,-6.518,-5.805
1999_10_CAR_LAR,1999,10,CAR,-5.805,-6.943
1999_11_CAR_CLE,1999,11,CAR,-6.943,-7.521
1999_12_ATL_CAR,1999,12,CAR,-7.521,-10.009
1999_13_LAR_CAR,1999,13,CAR,-10.009,-11.306
1999_14_CAR_GB,1999,14,CAR,-11.306,-12.963
1999_15_SF_CAR,1999,15,CAR,-12.963,-14.05
1999_16_CAR_PIT,1999,16,CAR,-14.05,-13.728
1999_17_NO_CAR,1999,17,CAR,-13.728,-13.769
2000_01_CAR_WAS,2000,1,CAR,-8.826,-10.424
2000_02_CAR_SF,2000,2,CAR,-10.424,-9.74
2000_03_ATL_CAR,2000,3,CAR,-9.74,-9.887
2000_05_DAL_CAR,2000,5,CAR,-9.887,-8.384
2000_06_SEA_CAR,2000,6,CAR,-8.384,-7.932
2000_07_CAR_NO,2000,7,CAR,-7.932,-7.734
2000_08_SF_CAR,2000,8,CAR,-7.734,-7.507
2000_09_CAR_ATL,2000,9,CAR,-7.507,-7.088
2000_10_CAR_LAR,2000,10,CAR,-7.088,-9.568
2000_11_NO_CAR,2000,11,CAR,-9.568,-9.145
2000_12_CAR_MIN,2000,12,CAR,-9.145,-11.443
2000_13_GB_CAR,2000,13,CAR,-11.443,-9.982
2000_14_LAR_CAR,2000,14,CAR,-9.982,-6.129
2000_15_CAR_KC,2000,15,CAR,-6.129,-7.024
2000_16_LAC_CAR,2000,16,CAR,-7.024,-8.589
2000_17_CAR_OAK,2000,17,CAR,-8.589,-12.056
2001_01_CAR_MIN,2001,1,CAR,-7.728,-7.421
2001_02_CAR_ATL,2001,2,CAR,-7.421,-8.937
2001_03_GB_CAR,2001,3,CAR,-8.937,-10.117
2001_04_CAR_SF,2001,4,CAR,-10.117,-10.208
2001_05_NO_CAR,2001,5,CAR,-10.208,-9.584
2001_06_CAR_WAS,2001,6,CAR,-9.584,-10.798
2001_07_NYJ_CAR,2001,7,CAR,-10.798,-8.64
2001_08_CAR_MIA,2001,8,CAR,-8.64,-9.34
2001_09_CAR_LAR,2001,9,CAR,-9.34,-7.384
2001_10_SF_CAR,2001,10,CAR,-7.384,-6.702
2001_11_ATL_CAR,2001,11,CAR,-6.702,-5.432
2001_12_CAR_NO,2001,12,CAR,-5.432,-6.845
2001_13_CAR_BUF,2001,13,CAR,-6.845,-7.67
2001_15_LAR_CAR,2001,15,CAR,-7.67,-6.737
2001_16_ARI_CAR,2001,16,CAR,-6.737,-7.031
2001_17_NE_CAR,2001,17,CAR,-7.031,-6.653
2002_01_BAL_CAR,2002,1,CAR,-4.265,-4.608
2002_02_DET_CAR,2002,2,CAR,-4.608,-2.594
2002_03_CAR_MIN,2002,3,CAR,-2.594,0.102
2002_04_CAR_GB,2002,4,CAR,0.102,1.836
2002_05_ARI_CAR,2002,5,CAR,1.836,2.055
2002_06_CAR_DAL,2002,6,CAR,2.055,2.493
2002_07_CAR_ATL,2002,7,CAR,2.493,-0.533
2002_08_TB_CAR,2002,8,CAR,-0.533,0.652
2002_10_NO_CAR,2002,10,CAR,0.652,-0.045
2002_11_CAR_TB,2002,11,CAR,-0.045,-0.93
2002_12_ATL_CAR,2002,12,CAR,-0.93,-3.373
2002_13_CAR_CLE,2002,13,CAR,-3.373,-0.581
2002_14_CIN_CAR,2002,14,CAR,-0.581,-2.191
2002_15_CAR_PIT,2002,15,CAR,-2.191,-2.255
2002_16_CHI_CAR,2002,16,CAR,-2.255,-2.685
2002_17_CAR_NO,2002,17,CAR,-2.685,0.107
2003_01_JAX_CAR,2003,1,CAR,0.069,-1.275
2003_02_CAR_TB,2003,2,CAR,-1.275,-1.382
2003_04_ATL_CAR,2003,4,CAR,-1.382,0.003
2003_05_NO_CAR,2003,5,CAR,0.003,-0.432
2003_06_CAR_IND,2003,6,CAR,-0.432,-0.915
2003_07_TEN_CAR,2003,7,CAR,-0.915,-0.658
2003_08_CAR_NO,2003,8,CAR,-0.658,-0.264
2003_09_CAR_HOU,2003,9,CAR,-0.264,-0.922
2003_10_TB_CAR,2003,10,CAR,-0.922,-0.839
2003_11_WAS_CAR,2003,11,CAR,-0.839,0.061
2003_12_CAR_DAL,2003,12,CAR,0.061,-1.462
2003_13_PHI_CAR,2003,13,CAR,-1.462,-0.859
2003_14_CAR_ATL,2003,14,CAR,-0.859,-1.932
2003_15_CAR_ARI,2003,15,CAR,-1.932,-2.118
2003_16_DET_CAR,2003,16,CAR,-2.118,-1.296
2003_17_CAR_NYG,2003,17,CAR,-1.296,1.344
2003_18_DAL_CAR,2003,18,CAR,1.344,1.352
2003_19_CAR_LAR,2003,19,CAR,1.352,1.994
2003_20_CAR_PHI,2003,20,CAR,1.994,5.621
2003_21_CAR_NE,2003,21,CAR,5.621,2.982
2004_01_GB_CAR,2004,1,CAR,1.912,2.193
2004_02_CAR_KC,2004,2,CAR,2.193,3.801
2004_04_ATL_CAR,2004,4,CAR,3.801,3.443
2004_05_CAR_DEN,2004,5,CAR,3.443,3.623
2004_06_CAR_PHI,2004,6,CAR,3.623,4.516
2004_07_LAC_CAR,2004,7,CAR,4.516,4.192
2004_08_CAR_SEA,2004,8,CAR,4.192,3.285
2004_09_OAK_CAR,2004,9,CAR,3.285,3.307
2004_10_CAR_SF,2004,10,CAR,3.307,5.003
2004_11_ARI_CAR,2004,11,CAR,5.003,5.318
2004_12_TB_CAR,2004,12,CAR,5.318,3.21
2004_13_CAR_NO,2004,13,CAR,3.21,3.0
2004_14_LAR_CAR,2004,14,CAR,3.0,5.452
2004_15_CAR_ATL,2004,15,CAR,5.452,5.836
2004_16_CAR_TB,2004,16,CAR,5.836,3.758
2004_17_NO_CAR,2004,17,CAR,3.758,3.513
2005_01_NO_CAR,2005,1,CAR,2.252,0.878
2005_02_NE_CAR,2005,2,CAR,0.878,1.686
2005_03_CAR_MIA,2005,3,CAR,1.686,1.618
2005_04_GB_CAR,2005,4,CAR,1.618,-0.274
2005_05_CAR_ARI,2005,5,CAR,-0.274,-1.712
2005_06_CAR_DET,2005,6,CAR,-1.712,-0.435
2005_08_MIN_CAR,2005,8,CAR,-0.435,0.99
2005_09_CAR_TB,2005,9,CAR,0.99,1.483
2005_10_NYJ_CAR,2005,10,CAR,1.483,4.221
2005_11_CAR_CHI,2005,11,CAR,4.221,3.488
2005_12_CAR_BUF,2005,12,CAR,3.488,4.278
2005_13_ATL_CAR,2005,13,CAR,4.278,6.674
2005_14_TB_CAR,2005,14,CAR,6.674,5.719
2005_15_CAR_NO,2005,15,CAR,5.719,7.004
2005_16_DAL_CAR,2005,16,CAR,7.004,7.413
2005_17_CAR_ATL,2005,17,CAR,7.413,9.072
2005_18_CAR_NYG,2005,18,CAR,9.072,11.668
2005_19_CAR_CHI,2005,19,CAR,11.668,11.735
2005_20_CAR_SEA,2005,20,CAR,11.735,10.312
2006_01_ATL_CAR,2006,1,CAR,6.61,5.669
2006_02_CAR_MIN,2006,2,CAR,5.669,6.879
2006_03_CAR_TB,2006,3,CAR,6.879,6.217
2006_04_NO_CAR,2006,4,CAR,6.217,4.036
2006_05_CLE_CAR,2006,5,CAR,4.036,4.723
2006_06_CAR_BAL,2006,6,CAR,4.723,6.431
2006_07_CAR_CIN,2006,7,CAR,6.431,5.425
2006_08_DAL_CAR,2006,8,CAR,5.425,3.522
2006_10_TB_CAR,2006,10,CAR,3.522,4.083
2006_11_LAR_CAR,2006,11,CAR,4.083,7.37
2006_12_CAR_WAS,2006,12,CAR,7.37,7.326
2006_13_CAR_PHI,2006,13,CAR,7.326,5.279
2006_14_NYG_CAR,2006,14,CAR,5.279,4.238
2006_15_PIT_CAR,2006,15,CAR,4.238,3.86
2006_16_CAR_ATL,2006,16,CAR,3.86,6.224
2006_17_CAR_NO,2006,17,CAR,6.224,6.529
2007_01_CAR_LAR,2007,1,CAR,4.185,4.321
2007_02_HOU_CAR,2007,2,CAR,4.321,1.732
2007_03_CAR_ATL,2007,3,CAR,1.732,-1.647
2007_04_TB_CAR,2007,4,CAR,-1.647,-2.275
2007_05_CAR_NO,2007,5,CAR,-2.275,-1.654
2007_06_CAR_ARI,2007,6,CAR,-1.654,-0.051
2007_08_IND_CAR,2007,8,CAR,-0.051,0.164
2007_09_CAR_TEN,2007,9,CAR,0.164,1.366
2007_10_ATL_CAR,2007,10,CAR,1.366,0.233
2007_11_CAR_GB,2007,11,CAR,0.233,-0.749
2007_12_NO_CAR,2007,12,CAR,-0.749,-2.362
2007_13_SF_CAR,2007,13,CAR,-2.362,0.737
2007_14_CAR_JAX,2007,14,CAR,0.737,-0.267
2007_15_SEA_CAR,2007,15,CAR,-0.267,-0.983
2007_16_DAL_CAR,2007,16,CAR,-0.983,-1.361
2007_17_CAR_TB,2007,17,CAR,-1.361,-3.228
2008_01_CAR_LAC,2008,1,CAR,-2.069,-3.355
2008_02_CHI_CAR,2008,2,CAR,-3.355,-3.514
2008_03_CAR_MIN,2008,3,CAR,-3.514,-2.804
2008_04_ATL_CAR,2008,4,CAR,-2.804,-2.07
2008_05_KC_CAR,2008,5,CAR,-2.07,0.099
2008_06_CAR_TB,2008,6,CAR,0.099,-0.765
2008_07_NO_CAR,2008,7,CAR,-0.765,1.038
2008_08_ARI_CAR,2008,8,CAR,1.038,-0.541
2008_10_CAR_OAK,2008,10,CAR,-0.541,0.808
2008_11_DET_CAR,2008,11,CAR,0.808,1.261
2008_12_CAR_ATL,2008,12,CAR,1.261,0.888
2008_13_CAR_GB,2008,13,CAR,0.888,-0.758
2008_14_TB_CAR,2008,14,CAR,-0.758,-1.27
2008_15_DEN_CAR,2008,15,CAR,-1.27,0.247
2008_16_CAR_NYG,2008,16,CAR,0.247,0.216
2008_17_CAR_NO,2008,17,CAR,0.216,-0.906
2008_19_ARI_CAR,2008,19,CAR,-0.906,-0.817
2009_01_PHI_CAR,2009,1,CAR,-0.524,-0.604
2009_02_CAR_ATL,2009,2,CAR,-0.604,-2.327
2009_03_CAR_DAL,2009,3,CAR,-2.327,-2.539
2009_05_WAS_CAR,2009,5,CAR,-2.539,-1.563
2009_06_CAR_TB,2009,6,CAR,-1.563,-1.368
2009_07_BUF_CAR,2009,7,CAR,-1.368,-0.896
2009_08_CAR_ARI,2009,8,CAR,-0.896,1.443
2009_09_CAR_NO,2009,9,CAR,1.443,1.294
2009_10_ATL_CAR,2009,10,CAR,1.294,1.716
2009_11_MIA_CAR,2009,11,CAR,1.716,0.761
2009_12_CAR_NYJ,2009,12,CAR,0.761,0.672
2009_13_TB_CAR,2009,13,CAR,0.672,2.374
2009_14_CAR_NE,2009,14,CAR,2.374,3.592
2009_15_MIN_CAR,2009,15,CAR,3.592,5.396
2009_16_CAR_NYG,2009,16,CAR,5.396,5.967
2009_17_NO_CAR,2009,17,CAR,5.967,6.915
2010_01_CAR_NYG,2010,1,CAR,4.432,4.236
2010_02_TB_CAR,2010,2,CAR,4.236,2.273
2010_03_CIN_CAR,2010,3,CAR,2.273,3.462
2010_04_CAR_NO,2010,4,CAR,3.462,3.442
2010_05_CHI_CAR,2010,5,CAR,3.442,7.15
2010_07_SF_CAR,2010,7,CAR,7.15,7.06
2010_08_CAR_LAR,2010,8,CAR,7.06,5.362
2010_09_NO_CAR,2010,9,CAR,5.362,5.426
2010_10_CAR_TB,2010,10,CAR,5.426,3.386
2010_11_BAL_CAR,2010,11,CAR,3.386,2.387
2010_12_CAR_CLE,2010,12,CAR,2.387,2.596
2010_13_CAR_SEA,2010,13,CAR,2.596,3.75
2010_14_ATL_CAR,2010,14,CAR,3.75,4.605
2010_15_ARI_CAR,2010,15,CAR,4.605,5.219
2010_16_CAR_PIT,2010,16,CAR,5.219,3.849
2010_17_CAR_ATL,2010,17,CAR,3.849,2.647
2011_01_CAR_ARI,2011,1,CAR,1.697,0.112
2011_02_GB_CAR,2011,2,CAR,0.112,-0.559
2011_03_JAX_CAR,2011,3,CAR,-0.559,0.429
2011_04_CAR_CHI,2011,4,CAR,0.429,1.776
2011_05_NO_CAR,2011,5,CAR,1.776,1.001
2011_06_CAR_ATL,2011,6,CAR,1.001,0.36
2011_07_WAS_CAR,2011,7,CAR,0.36,-1.057
2011_08_MIN_CAR,2011,8,CAR,-1.057,-1.201
2011_10_TEN_CAR,2011,10,CAR,-1.201,-1.317
2011_11_CAR_DET,2011,11,CAR,-1.317,-3.579
2011_12_CAR_IND,2011,12,CAR,-3.579,-3.038
2011_13_CAR_TB,2011,13,CAR,-3.038,-4.333
2011_14_ATL_CAR,2011,14,CAR,-4.333,-5.472
2011_15_CAR_HOU,2011,15,CAR,-5.472,-4.835
2011_16_TB_CAR,2011,16,CAR,-4.835,-5.556
2011_17_CAR_NO,2011,17,CAR,-5.556,-7.568
2012_01_CAR_TB,2012,1,CAR,-4.851,-4.541
2012_02_NO_CAR,2012,2,CAR,-4.541,-4.137
2012_03_NYG_CAR,2012,3,CAR,-4.137,-5.258
2012_04_CAR_ATL,2012,4,CAR,-5.258,-4.46
2012_05_SEA_CAR,2012,5,CAR,-4.46,-4.689
2012_07_DAL_CAR,2012,7,CAR,-4.689,-5.492
2012_08_CAR_CHI,2012,8,CAR,-5.492,-4.3
2012_09_CAR_WAS,2012,9,CAR,-4.3,-3.211
2012_10_DEN_CAR,2012,10,CAR,-3.211,-3.316
2012_11_TB_CAR,2012,11,CAR,-3.316,-3.31
2012_12_CAR_PHI,2012,12,CAR,-3.31,-3.658
2012_13_CAR_KC,2012,13,CAR,-3.658,-5.824
2012_14_ATL_CAR,2012,14,CAR,-5.824,-6.524
2012_15_CAR_LAC,2012,15,CAR,-6.524,-4.617
2012_16_OAK_CAR,2012,16,CAR,-4.617,-3.141
2012_17_CAR_NO,2012,17,CAR,-3.141,-4.402
2013_01_SEA_CAR,2013,1,CAR,-2.822,-3.645
2013_02_CAR_BUF,2013,2,CAR,-3.645,-4.748
2013_03_NYG_CAR,2013,3,CAR,-4.748,-1.346
2013_05_CAR_ARI,2013,5,CAR,-1.346,0.26
2013_06_CAR_MIN,2013,6,CAR,0.26,0.249
2013_07_LAR_CAR,2013,7,CAR,0.249,0.149
2013_08_CAR_TB,2013,8,CAR,0.149,-0.307
2013_09_ATL_CAR,2013,9,CAR,-0.307,1.257
2013_10_CAR_SF,2013,10,CAR,1.257,4.888
2013_11_NE_CAR,2013,11,CAR,4.888,4.178
2013_12_CAR_MIA,2013,12,CAR,4.178,2.495
2013_13_TB_CAR,2013,13,CAR,2.495,4.021
2013_14_CAR_NO,2013,14,CAR,4.021,2.604
2013_15_NYJ_CAR,2013,15,CAR,2.604,2.395
2013_16_NO_CAR,2013,16,CAR,2.395,4.546
2013_17_CAR_ATL,2013,17,CAR,4.546,6.194
2013_19_SF_CAR,2013,19,CAR,6.194,5.971
2014_01_CAR_TB,2014,1,CAR,3.827,4.515
2014_02_DET_CAR,2014,2,CAR,4.515,5.37
2014_03_PIT_CAR,2014,3,CAR,5.37,4.27
2014_04_CAR_BAL,2014,4,CAR,4.27,1.384
2014_05_CHI_CAR,2014,5,CAR,1.384,0.431
2014_06_CAR_CIN,2014,6,CAR,0.431,-1.031
2014_07_CAR_GB,2014,7,CAR,-1.031,-2.427
2014_08_SEA_CAR,2014,8,CAR,-2.427,-1.947
2014_09_NO_CAR,2014,9,CAR,-1.947,-1.019
2014_10_CAR_PHI,2014,10,CAR,-1.019,-2.907
2014_11_ATL_CAR,2014,11,CAR,-2.907,-3.266
2014_13_CAR_MIN,2014,13,CAR,-3.266,-4.543
2014_14_CAR_NO,2014,14,CAR,-4.543,-2.557
2014_15_TB_CAR,2014,15,CAR,-2.557,-1.92
2014_16_CLE_CAR,2014,16,CAR,-1.92,-0.999
2014_17_CAR_ATL,2014,17,CAR,-0.999,2.19
2014_18_ARI_CAR,2014,18,CAR,2.19,3.816
2014_19_CAR_SEA,2014,19,CAR,3.816,2.733
2015_01_CAR_JAX,2015,1,CAR,1.752,3.132
2015_02_HOU_CAR,2015,2,CAR,3.132,2.812
2015_03_NO_CAR,2015,3,CAR,2.812,0.589
2015_04_CAR_TB,2015,4,CAR,0.589,1.41
2015_06_CAR_SEA,2015,6,CAR,1.41,1.276
2015_07_PHI_CAR,2015,7,CAR,1.276,3.385
2015_08_IND_CAR,2015,8,CAR,3.385,4.869
2015_09_GB_CAR,2015,9,CAR,4.869,4.885
2015_10_CAR_TEN,2015,10,CAR,4.885,5.216
2015_11_WAS_CAR,2015,11,CAR,5.216,6.223
2015_12_CAR_DAL,2015,12,CAR,6.223,9.254
2015_13_CAR_NO,2015,13,CAR,9.254,9.007
2015_14_ATL_CAR,2015,14,CAR,9.007,10.13
2015_15_CAR_NYG,2015,15,CAR,10.13,8.542
2015_16_CAR_ATL,2015,16,CAR,8.542,7.366
2015_17_TB_CAR,2015,17,CAR,7.366,7.089
2015_19_SEA_CAR,2015,19,CAR,7.089,6.923
2015_20_ARI_CAR,2015,20,CAR,6.923,9.738
2015_21_CAR_DEN,2015,21,CAR,9.738,11.62
2016_01_CAR_DEN,2016,1,CAR,7.448,7.192
2016_02_SF_CAR,2016,2,CAR,7.192,7.169
2016_03_MIN_CAR,2016,3,CAR,7.169,7.485
2016_04_CAR_ATL,2016,4,CAR,7.485,4.472
2016_05_TB_CAR,2016,5,CAR,4.472,4.444
2016_06_CAR_NO,2016,6,CAR,4.444,1.931
2016_08_ARI_CAR,2016,8,CAR,1.931,1.351
2016_09_CAR_LAR,2016,9,CAR,1.351,1.622
2016_10_KC_CAR,2016,10,CAR,1.622,2.876
2016_11_NO_CAR,2016,11,CAR,2.876,3.227
2016_12_CAR_OAK,2016,12,CAR,3.227,2.959
2016_13_CAR_SEA,2016,13,CAR,2.959,2.561
2016_14_LAC_CAR,2016,14,CAR,2.561,4.97
2016_15_CAR_WAS,2016,15,CAR,4.97,5.143
2016_16_ATL_CAR,2016,16,CAR,5.143,4.605
2016_17_CAR_TB,2016,17,CAR,4.605,5.297
2017_01_CAR_SF,2017,1,CAR,3.395,4.794
2017_02_BUF_CAR,2017,2,CAR,4.794,5.235
2017_03_NO_CAR,2017,3,CAR,5.235,4.582
2017_04_CAR_NE,2017,4,CAR,4.582,4.173
2017_05_CAR_DET,2017,5,CAR,4.173,4.786
2017_06_PHI_CAR,2017,6,CAR,4.786,4.298
2017_07_CAR_CHI,2017,7,CAR,4.298,5.816
2017_08_CAR_TB,2017,8,CAR,5.816,7.741
2017_09_ATL_CAR,2017,9,CAR,7.741,7.385
2017_10_MIA_CAR,2017,10,CAR,7.385,6.746
2017_12_CAR_NYJ,2017,12,CAR,6.746,4.805
2017_13_CAR_NO,2017,13,CAR,4.805,5.006
2017_14_MIN_CAR,2017,14,CAR,5.006,5.923
2017_15_GB_CAR,2017,15,CAR,5.923,6.347
2017_16_TB_CAR,2017,16,CAR,6.347,5.712
2017_17_CAR_ATL,2017,17,CAR,5.712,4.537
2017_18_CAR_NO,2017,18,CAR,4.537,3.624
2018_01_DAL_CAR,2018,1,CAR,2.323,4.003
2018_02_CAR_ATL,2018,2,CAR,4.003,1.176
2018_03_CIN_CAR,2018,3,CAR,1.176,1.97
2018_05_NYG_CAR,2018,5,CAR,1.97,1.588
2018_06_CAR_WAS,2018,6,CAR,1.588,2.254
2018_07_CAR_PHI,2018,7,CAR,2.254,1.167
2018_08_BAL_CAR,2018,8,CAR,1.167,2.657
2018_09_TB_CAR,2018,9,CAR,2.657,2.651
2018_10_CAR_PIT,2018,10,CAR,2.651,-0.703
2018_11_CAR_DET,2018,11,CAR,-0.703,-0.871
2018_12_SEA_CAR,2018,12,CAR,-0.871,-1.945
2018_13_CAR_TB,2018,13,CAR,-1.945,-2.947
2018_14_CAR_CLE,2018,14,CAR,-2.947,-3.668
2018_15_NO_CAR,2018,15,CAR,-3.668,-1.167
2018_16_ATL_CAR,2018,16,CAR,-1.167,-1.172
2018_17_CAR_NO,2018,17,CAR,-1.172,-0.124
2019_01_LAR_CAR,2019,1,CAR,-0.079,0.946
2019_02_TB_CAR,2019,2,CAR,0.946,1.325
2019_03_CAR_ARI,2019,3,CAR,1.325,2.273
2019_04_CAR_HOU,2019,4,CAR,2.273,4.04
2019_05_JAX_CAR,2019,5,CAR,4.04,1.41
2019_06_CAR_TB,2019,6,CAR,1.41,4.575
2019_08_CAR_SF,2019,8,CAR,4.575,4.233
2019_09_TEN_CAR,2019,9,CAR,4.233,3.206
2019_10_CAR_GB,2019,10,CAR,3.206,4.371
2019_11_ATL_CAR,2019,11,CAR,4.371,4.353
2019_12_CAR_NO,2019,12,CAR,4.353,3.401
2019_13_WAS_CAR,2019,13,CAR,3.401,4.716
2019_14_CAR_ATL,2019,14,CAR,4.716,3.468
2019_15_SEA_CAR,2019,15,CAR,3.468,2.65
2019_16_CAR_IND,2019,16,CAR,2.65,3.043
2019_17_NO_CAR,2019,17,CAR,3.043,2.719
2020_01_OAK_CAR,2020,1,CAR,1.743,0.893
2020_02_CAR_TB,2020,2,CAR,0.893,1.133
2020_03_CAR_LAC,2020,3,CAR,1.133,-0.097
2020_04_ARI_CAR,2020,4,CAR,-0.097,-2.206
2020_05_CAR_ATL,2020,5,CAR,-2.206,-0.199
2020_06_CHI_CAR,2020,6,CAR,-0.199,-0.37
2020_07_CAR_NO,2020,7,CAR,-0.37,-1.897
2020_08_ATL_CAR,2020,8,CAR,-1.897,-1.794
2020_09_CAR_KC,2020,9,CAR,-1.794,-3.136
2020_10_TB_CAR,2020,10,CAR,-3.136,-5.532
2020_11_DET_CAR,2020,11,CAR,-5.532,-2.958
2020_12_CAR_MIN,2020,12,CAR,-2.958,-5.067
2020_14_DEN_CAR,2020,14,CAR,-5.067,-7.673
2020_15_CAR_GB,2020,15,CAR,-7.673,-5.513
2020_16_CAR_WAS,2020,16,CAR,-5.513,-3.239
2020_17_NO_CAR,2020,17,CAR,-3.239,-3.04
2021_01_NYJ_CAR,2021,1,CAR,-1.948,-0.309
2021_02_NO_CAR,2021,2,CAR,-0.309,2.556
2021_03_CAR_HOU,2021,3,CAR,2.556,3.198
2021_04_CAR_DAL,2021,4,CAR,3.198,1.963
2021_05_PHI_CAR,2021,5,CAR,1.963,2.0
2021_06_MIN_CAR,2021,6,CAR,2.0,-0.683
2021_07_CAR_NYG,2021,7,CAR,-0.683,-1.033
2021_08_CAR_ATL,2021,8,CAR,-1.033,1.321
2021_09_NE_CAR,2021,9,CAR,1.321,2.208
2021_10_CAR_ARI,2021,10,CAR,2.208,3.667
2021_11_WAS_CAR,2021,11,CAR,3.667,2.276
2021_12_CAR_MIA,2021,12,CAR,2.276,1.512
2021_14_ATL_CAR,2021,14,CAR,1.512,1.106
2021_15_CAR_BUF,2021,15,CAR,1.106,2.64
2021_16_TB_CAR,2021,16,CAR,2.64,2.956
2021_18_CAR_TB,2021,18,CAR,2.956,1.357
2022_01_CLE_CAR,2022,1,CAR,0.87,1.368
2022_02_CAR_NYG,2022,2,CAR,1.368,1.775
2022_03_NO_CAR,2022,3,CAR,1.775,1.479
2022_04_ARI_CAR,2022,4,CAR,1.479,0.992
2022_05_SF_CAR,2022,5,CAR,0.992,0.537
2022_06_CAR_LAR,2022,6,CAR,0.537,-0.028
2022_07_TB_CAR,2022,7,CAR,-0.028,0.283
2022_08_CAR_ATL,2022,8,CAR,0.283,-0.939
2022_09_CAR_CIN,2022,9,CAR,-0.939,-1.623
2022_10_ATL_CAR,2022,10,CAR,-1.623,-1.41
2022_11_CAR_BAL,2022,11,CAR,-1.41,-0.629
2022_12_DEN_CAR,2022,12,CAR,-0.629,0.209
2022_14_CAR_SEA,2022,14,CAR,0.209,0.795
2022_15_PIT_CAR,2022,15,CAR,0.795,0.187
2022_16_DET_CAR,2022,16,CAR,0.187,-1.482
2022_17_CAR_TB,2022,17,CAR,-1.482,-4.159
2022_18_CAR_NO,2022,18,CAR,-4.159,-3.939
2023_01_CAR_ATL,2023,1,CAR,-2.525,-1.79
2023_02_NO_CAR,2023,2,CAR,-1.79,0.452
2023_03_CAR_SEA,2023,3,CAR,0.452,1.013
2023_04_MIN_CAR,2023,4,CAR,1.013,3.15
2023_05_CAR_DET,2023,5,CAR,3.15,1.8
2023_06_CAR_MIA,2023,6,CAR,1.8,0.498
2023_08_HOU_CAR,2023,8,CAR,0.498,0.507
2023_09_IND_CAR,2023,9,CAR,0.507,1.01
2023_10_CAR_CHI,2023,10,CAR,1.01,0.656
2023_11_DAL_CAR,2023,11,CAR,0.656,0.592
2023_12_CAR_TEN,2023,12,CAR,0.592,0.317
2023_13_CAR_TB,2023,13,CAR,0.317,1.226
2023_14_CAR_NO,2023,14,CAR,1.226,1.594
2023_15_ATL_CAR,2023,15,CAR,1.594,1.929
2023_16_GB_CAR,2023,16,CAR,1.929,0.876
2023_17_CAR_JAX,2023,17,CAR,0.876,0.954
2023_18_TB_CAR,2023,18,CAR,0.954,2.147
2024_01_CAR_NO,2024,1,CAR,1.376,-0.15
2024_02_LAC_CAR,2024,2,CAR,-0.15,0.204
2024_03_CAR_OAK,2024,3,CAR,0.204,0.444
2024_04_CIN_CAR,2024,4,CAR,0.444,-0.137
2024_05_CAR_CHI,2024,5,CAR,-0.137,-2.743
2024_06_ATL_CAR,2024,6,CAR,-2.743,-2.502
2024_07_CAR_WAS,2024,7,CAR,-2.502,-1.46
2024_08_CAR_DEN,2024,8,CAR,-1.46,-3.874
2024_09_NO_CAR,2024,9,CAR,-3.874,-3.649
2024_10_NYG_CAR,2024,10,CAR,-3.649,-2.76
2024_12_KC_CAR,2024,12,CAR,-2.76,-3.94
2024_13_TB_CAR,2024,13,CAR,-3.94,-1.624
2024_14_CAR_PHI,2024,14,CAR,-1.624,-1.679
2024_15_DAL_CAR,2024,15,CAR,-1.679,-3.042
2024_16_ARI_CAR,2024,16,CAR,-3.042,-2.953
2024_17_CAR_TB,2024,17,CAR,-2.953,-5.78
2024_18_CAR_ATL,2024,18,CAR,-5.78,-7.073
2025_01_CAR_JAX,2025,1,CAR,-4.534,-3.927
2025_02_CAR_ARI,2025,2,CAR,-3.927,-3.456
2025_03_ATL_CAR,2025,3,CAR,-3.456,-1.766
2025_04_CAR_NE,2025,4,CAR,-1.766,-3.127
2025_05_MIA_CAR,2025,5,CAR,-3.127,-4.014
2025_06_DAL_CAR,2025,6,CAR,-4.014,-5.226
2025_07_CAR_NYJ,2025,7,CAR,-5.226,-3.061
2025_08_BUF_CAR,2025,8,CAR,-3.061,-2.505
2025_09_CAR_GB,2025,9,CAR,-2.505,-2.022
2025_10_NO_CAR,2025,10,CAR,-2.022,-3.481
2025_11_CAR_ATL,2025,11,CAR,-3.481,-3.827
2025_12_CAR_SF,2025,12,CAR,-3.827,-2.441
2025_13_LAR_CAR,2025,13,CAR,-2.441,-0.961
2025_15_CAR_NO,2025,15,CAR,-0.961,-1.666
2025_16_TB_CAR,2025,16,CAR,-1.666,-1.501
2025_17_SEA_CAR,2025,17,CAR,-1.501,0.04
2025_18_CAR_TB,2025,18,CAR,0.04,0.039
2025_19_LAR_CAR,2025,19,CAR,0.039,-0.063
2026_01_CHI_CAR,2026,1,CAR,-0.04,-3.042
1999_01_KC_CHI,1999,1,CHI,0.0,-0.95
1999_02_SEA_CHI,1999,2,CHI,-0.95,-1.967
1999_03_CHI_OAK,1999,3,CHI,-1.967,-4.744
1999_04_NO_CHI,1999,4,CHI,-4.744,-4.724
1999_05_CHI_MIN,1999,5,CHI,-4.724,-4.093
1999_06_PHI_CHI,1999,6,CHI,-4.093,-6.276
1999_07_CHI_TB,1999,7,CHI,-6.276,-6.445
1999_08_CHI_WAS,1999,8,CHI,-6.445,-8.073
1999_09_CHI_GB,1999,9,CHI,-8.073,-8.758
1999_10_MIN_CHI,1999,10,CHI,-8.758,-10.14
1999_11_CHI_LAC,1999,11,CHI,-10.14,-11.607
1999_12_CHI_DET,1999,12,CHI,-11.607,-13.808
1999_13_GB_CHI,1999,13,CHI,-13.808,-13.168
1999_15_DET_CHI,1999,15,CHI,-13.168,-11.369
1999_16_CHI_LAR,1999,16,CHI,-11.369,-12.961
1999_17_TB_CHI,1999,17,CHI,-12.961,-14.078
2000_01_CHI_MIN,2000,1,CHI,-9.024,-11.255
2000_02_CHI_TB,2000,2,CHI,-11.255,-12.136
2000_03_NYG_CHI,2000,3,CHI,-12.136,-12.75
2000_04_DET_CHI,2000,4,CHI,-12.75,-12.49
2000_05_CHI_GB,2000,5,CHI,-12.49,-14.21
2000_06_NO_CHI,2000,6,CHI,-14.21,-16.496
2000_07_MIN_CHI,2000,7,CHI,-16.496,-16.525
2000_08_CHI_PHI,2000,8,CHI,-16.525,-16.46
2000_10_IND_CHI,2000,10,CHI,-16.46,-16.613
2000_11_CHI_BUF,2000,11,CHI,-16.613,-15.876
2000_12_TB_CHI,2000,12,CHI,-15.876,-14.885
2000_13_CHI_NYJ,2000,13,CHI,-14.885,-15.176
2000_14_GB_CHI,2000,14,CHI,-15.176,-15.872
2000_15_NE_CHI,2000,15,CHI,-15.872,-16.083
2000_16_CHI_SF,2000,16,CHI,-16.083,-17.089
2000_17_CHI_DET,2000,17,CHI,-17.089,-16.481
2001_01_CHI_BAL,2001,1,CHI,-10.564,-11.977
2001_02_MIN_CHI,2001,2,CHI,-11.977,-12.17
2001_04_CHI_ATL,2001,4,CHI,-12.17,-9.631
2001_05_ARI_CHI,2001,5,CHI,-9.631,-10.123
2001_06_CHI_CIN,2001,6,CHI,-10.123,-8.343
2001_07_SF_CHI,2001,7,CHI,-8.343,-7.691
2001_08_CLE_CHI,2001,8,CHI,-7.691,-7.623
2001_09_GB_CHI,2001,9,CHI,-7.623,-7.76
2001_10_CHI_TB,2001,10,CHI,-7.76,-9.398
2001_11_CHI_MIN,2001,11,CHI,-9.398,-7.756
2001_12_DET_CHI,2001,12,CHI,-7.756,-8.478
2001_13_CHI_GB,2001,13,CHI,-8.478,-7.487
2001_14_TB_CHI,2001,14,CHI,-7.487,-5.892
2001_15_CHI_WAS,2001,15,CHI,-5.892,-4.835
2001_16_CHI_DET,2001,16,CHI,-4.835,-4.462
2001_17_JAX_CHI,2001,17,CHI,-4.462,-2.712
2001_19_PHI_CHI,2001,19,CHI,-2.712,-4.198
2002_01_MIN_CHI,2002,1,CHI,-2.691,-2.281
2002_02_CHI_ATL,2002,2,CHI,-2.281,-2.74
2002_03_NO_CHI,2002,3,CHI,-2.74,-5.062
2002_04_CHI_BUF,2002,4,CHI,-5.062,-8.207
2002_05_GB_CHI,2002,5,CHI,-8.207,-9.667
2002_07_CHI_DET,2002,7,CHI,-9.667,-9.189
2002_08_CHI_MIN,2002,8,CHI,-9.189,-10.39
2002_09_PHI_CHI,2002,9,CHI,-10.39,-9.317
2002_10_NE_CHI,2002,10,CHI,-9.317,-11.028
2002_11_CHI_LAR,2002,11,CHI,-11.028,-11.493
2002_12_DET_CHI,2002,12,CHI,-11.493,-10.837
2002_13_CHI_GB,2002,13,CHI,-10.837,-10.902
2002_14_CHI_MIA,2002,14,CHI,-10.902,-10.278
2002_15_NYJ_CHI,2002,15,CHI,-10.278,-10.442
2002_16_CHI_CAR,2002,16,CHI,-10.442,-9.818
2002_17_TB_CHI,2002,17,CHI,-9.818,-9.028
2003_01_CHI_SF,2003,1,CHI,-5.787,-6.903
2003_02_CHI_MIN,2003,2,CHI,-6.903,-7.196
2003_04_GB_CHI,2003,4,CHI,-7.196,-8.306
2003_05_OAK_CHI,2003,5,CHI,-8.306,-5.882
2003_06_CHI_NO,2003,6,CHI,-5.882,-6.352
2003_07_CHI_SEA,2003,7,CHI,-6.352,-6.291
2003_08_DET_CHI,2003,8,CHI,-6.291,-5.925
2003_09_LAC_CHI,2003,9,CHI,-5.925,-4.555
2003_10_CHI_DET,2003,10,CHI,-4.555,-5.433
2003_11_LAR_CHI,2003,11,CHI,-5.433,-4.58
2003_12_CHI_DEN,2003,12,CHI,-4.58,-4.528
2003_13_ARI_CHI,2003,13,CHI,-4.528,-3.604
2003_14_CHI_GB,2003,14,CHI,-3.604,-4.301
2003_15_MIN_CHI,2003,15,CHI,-4.301,-3.883
2003_16_WAS_CHI,2003,16,CHI,-3.883,-6.044
2003_17_CHI_KC,2003,17,CHI,-6.044,-5.201
2004_01_DET_CHI,2004,1,CHI,-3.334,-3.121
2004_02_CHI_GB,2004,2,CHI,-3.121,-3.07
2004_03_CHI_MIN,2004,3,CHI,-3.07,-4.352
2004_04_PHI_CHI,2004,4,CHI,-4.352,-3.771
2004_06_WAS_CHI,2004,6,CHI,-3.771,-2.543
2004_07_CHI_TB,2004,7,CHI,-2.543,-2.901
2004_08_SF_CHI,2004,8,CHI,-2.901,-1.314
2004_09_CHI_NYG,2004,9,CHI,-1.314,1.229
2004_10_CHI_TEN,2004,10,CHI,1.229,-0.044
2004_11_IND_CHI,2004,11,CHI,-0.044,-0.038
2004_12_CHI_DAL,2004,12,CHI,-0.038,1.27
2004_13_MIN_CHI,2004,13,CHI,1.27,2.096
2004_14_CHI_JAX,2004,14,CHI,2.096,1.316
2004_15_HOU_CHI,2004,15,CHI,1.316,0.309
2004_16_CHI_DET,2004,16,CHI,0.309,0.795
2004_17_GB_CHI,2004,17,CHI,0.795,0.108
2005_01_CHI_WAS,2005,1,CHI,0.069,1.414
2005_02_DET_CHI,2005,2,CHI,1.414,4.083
2005_03_CIN_CHI,2005,3,CHI,4.083,3.291
2005_05_CHI_CLE,2005,5,CHI,3.291,2.964
2005_06_MIN_CHI,2005,6,CHI,2.964,4.922
2005_07_BAL_CHI,2005,7,CHI,4.922,5.391
2005_08_CHI_DET,2005,8,CHI,5.391,5.99
2005_09_CHI_NO,2005,9,CHI,5.99,6.477
2005_10_SF_CHI,2005,10,CHI,6.477,7.319
2005_11_CAR_CHI,2005,11,CHI,7.319,10.125
2005_12_CHI_TB,2005,12,CHI,10.125,9.806
2005_13_GB_CHI,2005,13,CHI,9.806,10.803
2005_14_CHI_PIT,2005,14,CHI,10.803,9.902
2005_15_ATL_CHI,2005,15,CHI,9.902,11.46
2005_16_CHI_GB,2005,16,CHI,11.46,12.628
2005_17_CHI_MIN,2005,17,CHI,12.628,10.119
2005_19_CAR_CHI,2005,19,CHI,10.119,7.312
2006_01_CHI_GB,2006,1,CHI,4.687,6.825
2006_02_DET_CHI,2006,2,CHI,6.825,6.369
2006_03_CHI_MIN,2006,3,CHI,6.369,5.833
2006_04_SEA_CHI,2006,4,CHI,5.833,8.531
2006_05_BUF_CHI,2006,5,CHI,8.531,10.437
2006_06_CHI_ARI,2006,6,CHI,10.437,8.813
2006_08_SF_CHI,2006,8,CHI,8.813,8.397
2006_09_MIA_CHI,2006,9,CHI,8.397,8.205
2006_10_CHI_NYG,2006,10,CHI,8.205,10.349
2006_11_CHI_NYJ,2006,11,CHI,10.349,11.601
2006_12_CHI_NE,2006,12,CHI,11.601,11.144
2006_13_MIN_CHI,2006,13,CHI,11.144,13.512
2006_14_CHI_LAR,2006,14,CHI,13.512,11.629
2006_15_TB_CHI,2006,15,CHI,11.629,12.062
2006_16_CHI_DET,2006,16,CHI,12.062,9.806
2006_17_GB_CHI,2006,17,CHI,9.806,9.643
2006_19_SEA_CHI,2006,19,CHI,9.643,9.888
2006_20_NO_CHI,2006,20,CHI,9.888,9.511
2006_21_IND_CHI,2006,21,CHI,9.511,9.714
2007_01_CHI_LAC,2007,1,CHI,6.227,6.769
2007_02_KC_CHI,2007,2,CHI,6.769,6.96
2007_03_DAL_CHI,2007,3,CHI,6.96,6.103
2007_04_CHI_DET,2007,4,CHI,6.103,5.572
2007_05_CHI_GB,2007,5,CHI,5.572,4.909
2007_06_MIN_CHI,2007,6,CHI,4.909,4.573
2007_07_CHI_PHI,2007,7,CHI,4.573,4.175
2007_08_DET_CHI,2007,8,CHI,4.175,3.854
2007_10_CHI_OAK,2007,10,CHI,3.854,5.121
2007_11_CHI_SEA,2007,11,CHI,5.121,3.142
2007_12_DEN_CHI,2007,12,CHI,3.142,2.283
2007_13_NYG_CHI,2007,13,CHI,2.283,2.644
2007_14_CHI_WAS,2007,14,CHI,2.644,2.954
2007_15_CHI_MIN,2007,15,CHI,2.954,3.414
2007_16_GB_CHI,2007,16,CHI,3.414,5.246
2007_17_NO_CHI,2007,17,CHI,5.246,5.806
2008_01_CHI_IND,2008,1,CHI,3.721,3.995
2008_02_CHI_CAR,2008,2,CHI,3.995,5.933
2008_03_TB_CHI,2008,3,CHI,5.933,4.755
2008_04_PHI_CHI,2008,4,CHI,4.755,5.515
2008_05_CHI_DET,2008,5,CHI,5.515,6.732
2008_06_CHI_ATL,2008,6,CHI,6.732,4.238
2008_07_MIN_CHI,2008,7,CHI,4.238,4.025
2008_09_DET_CHI,2008,9,CHI,4.025,3.095
2008_10_TEN_CHI,2008,10,CHI,3.095,0.376
2008_11_CHI_GB,2008,11,CHI,0.376,-1.177
2008_12_CHI_LAR,2008,12,CHI,-1.177,-0.482
2008_13_CHI_MIN,2008,13,CHI,-0.482,-1.552
2008_14_JAX_CHI,2008,14,CHI,-1.552,-0.509
2008_15_NO_CHI,2008,15,CHI,-0.509,0.778
2008_16_GB_CHI,2008,16,CHI,0.778,-0.447
2008_17_CHI_HOU,2008,17,CHI,-0.447,-2.719
2009_01_CHI_GB,2009,1,CHI,-1.743,-0.659
2009_02_PIT_CHI,2009,2,CHI,-0.659,-1.365
2009_03_CHI_SEA,2009,3,CHI,-1.365,-1.052
2009_04_DET_CHI,2009,4,CHI,-1.052,-1.604
2009_06_CHI_ATL,2009,6,CHI,-1.604,-1.051
2009_07_CHI_CIN,2009,7,CHI,-1.051,-4.22
2009_08_CLE_CHI,2009,8,CHI,-4.22,-2.683
2009_09_ARI_CHI,2009,9,CHI,-2.683,-5.245
2009_10_CHI_SF,2009,10,CHI,-5.245,-4.858
2009_11_PHI_CHI,2009,11,CHI,-4.858,-4.685
2009_12_CHI_MIN,2009,12,CHI,-4.685,-6.79
2009_13_LAR_CHI,2009,13,CHI,-6.79,-4.992
2009_14_GB_CHI,2009,14,CHI,-4.992,-3.296
2009_15_CHI_BAL,2009,15,CHI,-3.296,-5.743
2009_16_MIN_CHI,2009,16,CHI,-5.743,-6.451
2009_17_CHI_DET,2009,17,CHI,-6.451,-7.661
2010_01_DET_CHI,2010,1,CHI,-4.911,-4.555
2010_02_CHI_DAL,2010,2,CHI,-4.555,-5.149
2010_03_GB_CHI,2010,3,CHI,-5.149,-6.93
2010_04_CHI_NYG,2010,4,CHI,-6.93,-6.155
2010_05_CHI_CAR,2010,5,CHI,-6.155,-3.133
2010_06_SEA_CHI,2010,6,CHI,-3.133,-4.232
2010_07_WAS_CHI,2010,7,CHI,-4.232,-2.358
2010_09_CHI_BUF,2010,9,CHI,-2.358,-2.431
2010_10_MIN_CHI,2010,10,CHI,-2.431,-0.975
2010_11_CHI_MIA,2010,11,CHI,-0.975,0.87
2010_12_PHI_CHI,2010,12,CHI,0.87,0.034
2010_13_CHI_DET,2010,13,CHI,0.034,-1.447
2010_14_NE_CHI,2010,14,CHI,-1.447,-2.33
2010_15_CHI_MIN,2010,15,CHI,-2.33,-1.933
2010_16_NYJ_CHI,2010,16,CHI,-1.933,-3.173
2010_17_CHI_GB,2010,17,CHI,-3.173,-2.513
2010_19_SEA_CHI,2010,19,CHI,-2.513,-3.928
2010_20_GB_CHI,2010,20,CHI,-3.928,-3.043
2011_01_ATL_CHI,2011,1,CHI,-1.95,-1.066
2011_02_CHI_NO,2011,2,CHI,-1.066,-2.028
2011_03_GB_CHI,2011,3,CHI,-2.028,-2.573
2011_04_CAR_CHI,2011,4,CHI,-2.573,-5.333
2011_05_CHI_DET,2011,5,CHI,-5.333,-5.676
2011_06_MIN_CHI,2011,6,CHI,-5.676,-4.664
2011_07_CHI_TB,2011,7,CHI,-4.664,-3.254
2011_09_CHI_PHI,2011,9,CHI,-3.254,-1.886
2011_10_DET_CHI,2011,10,CHI,-1.886,0.212
2011_11_LAC_CHI,2011,11,CHI,0.212,-0.646
2011_12_CHI_OAK,2011,12,CHI,-0.646,0.461
2011_13_KC_CHI,2011,13,CHI,0.461,-0.372
2011_14_CHI_DEN,2011,14,CHI,-0.372,0.664
2011_15_SEA_CHI,2011,15,CHI,0.664,-0.205
2011_16_CHI_GB,2011,16,CHI,-0.205,-2.435
2011_17_CHI_MIN,2011,17,CHI,-2.435,-1.303
2012_01_IND_CHI,2012,1,CHI,-0.835,0.375
2012_02_CHI_GB,2012,2,CHI,0.375,2.82
2012_03_LAR_CHI,2012,3,CHI,2.82,5.493
2012_04_CHI_DAL,2012,4,CHI,5.493,6.579
2012_05_CHI_JAX,2012,5,CHI,6.579,8.189
2012_07_DET_CHI,2012,7,CHI,8.189,8.612
2012_08_CAR_CHI,2012,8,CHI,8.612,8.971
2012_09_CHI_TEN,2012,9,CHI,8.971,8.899
2012_10_HOU_CHI,2012,10,CHI,8.899,10.907
2012_11_CHI_SF,2012,11,CHI,10.907,8.588
2012_12_MIN_CHI,2012,12,CHI,8.588,9.241
2012_13_SEA_CHI,2012,13,CHI,9.241,6.422
2012_14_CHI_MIN,2012,14,CHI,6.422,7.272
2012_15_GB_CHI,2012,15,CHI,7.272,6.287
2012_16_CHI_ARI,2012,16,CHI,6.287,6.489
2012_17_CHI_DET,2012,17,CHI,6.489,5.86
2013_01_CIN_CHI,2013,1,CHI,3.756,2.346
2013_02_MIN_CHI,2013,2,CHI,2.346,2.215
2013_03_CHI_PIT,2013,3,CHI,2.215,1.399
2013_04_CHI_DET,2013,4,CHI,1.399,1.258
2013_05_NO_CHI,2013,5,CHI,1.258,0.156
2013_06_NYG_CHI,2013,6,CHI,0.156,1.251
2013_07_CHI_WAS,2013,7,CHI,1.251,-0.797
2013_09_CHI_GB,2013,9,CHI,-0.797,1.572
2013_10_DET_CHI,2013,10,CHI,1.572,2.035
2013_11_BAL_CHI,2013,11,CHI,2.035,3.227
2013_12_CHI_LAR,2013,12,CHI,3.227,3.431
2013_13_CHI_MIN,2013,13,CHI,3.431,5.353
2013_14_DAL_CHI,2013,14,CHI,5.353,4.892
2013_15_CHI_CLE,2013,15,CHI,4.892,4.287
2013_16_CHI_PHI,2013,16,CHI,4.287,2.885
2013_17_GB_CHI,2013,17,CHI,2.885,3.187
2014_01_BUF_CHI,2014,1,CHI,2.043,1.079
2014_02_CHI_SF,2014,2,CHI,1.079,2.279
2014_03_CHI_NYJ,2014,3,CHI,2.279,2.113
2014_04_GB_CHI,2014,4,CHI,2.113,-0.266
2014_05_CHI_CAR,2014,5,CHI,-0.266,0.12
2014_06_CHI_ATL,2014,6,CHI,0.12,2.087
2014_07_MIA_CHI,2014,7,CHI,2.087,0.04
2014_08_CHI_NE,2014,8,CHI,0.04,-3.816
2014_10_CHI_GB,2014,10,CHI,-3.816,-6.264
2014_11_MIN_CHI,2014,11,CHI,-6.264,-5.826
2014_12_TB_CHI,2014,12,CHI,-5.826,-4.242
2014_13_CHI_DET,2014,13,CHI,-4.242,-6.966
2014_14_DAL_CHI,2014,14,CHI,-6.966,-7.909
2014_15_NO_CHI,2014,15,CHI,-7.909,-9.262
2014_16_DET_CHI,2014,16,CHI,-9.262,-6.796
2014_17_CHI_MIN,2014,17,CHI,-6.796,-6.765
2015_01_GB_CHI,2015,1,CHI,-4.336,-5.456
2015_02_ARI_CHI,2015,2,CHI,-5.456,-6.278
2015_03_CHI_SEA,2015,3,CHI,-6.278,-5.725
2015_04_OAK_CHI,2015,4,CHI,-5.725,-5.169
2015_05_CHI_KC,2015,5,CHI,-5.169,-4.412
2015_06_CHI_DET,2015,6,CHI,-4.412,-7.187
2015_08_MIN_CHI,2015,8,CHI,-7.187,-6.938
2015_09_CHI_LAC,2015,9,CHI,-6.938,-6.27
2015_10_CHI_LAR,2015,10,CHI,-6.27,-4.751
2015_11_DEN_CHI,2015,11,CHI,-4.751,-5.376
2015_12_CHI_GB,2015,12,CHI,-5.376,-3.979
2015_13_SF_CHI,2015,13,CHI,-3.979,-5.595
2015_14_WAS_CHI,2015,14,CHI,-5.595,-6.402
2015_15_CHI_MIN,2015,15,CHI,-6.402,-9.512
2015_16_CHI_TB,2015,16,CHI,-9.512,-9.579
2015_17_DET_CHI,2015,17,CHI,-9.579,-10.402
2016_01_CHI_HOU,2016,1,CHI,-6.667,-6.686
2016_02_PHI_CHI,2016,2,CHI,-6.686,-6.219
2016_03_CHI_DAL,2016,3,CHI,-6.219,-9.119
2016_04_DET_CHI,2016,4,CHI,-9.119,-7.107
2016_05_CHI_IND,2016,5,CHI,-7.107,-7.51
2016_06_JAX_CHI,2016,6,CHI,-7.51,-6.936
2016_07_CHI_GB,2016,7,CHI,-6.936,-8.496
2016_08_MIN_CHI,2016,8,CHI,-8.496,-7.33
2016_10_CHI_TB,2016,10,CHI,-7.33,-7.251
2016_11_CHI_NYG,2016,11,CHI,-7.251,-7.56
2016_12_TEN_CHI,2016,12,CHI,-7.56,-8.731
2016_13_SF_CHI,2016,13,CHI,-8.731,-5.121
2016_14_CHI_DET,2016,14,CHI,-5.121,-3.631
2016_15_GB_CHI,2016,15,CHI,-3.631,-2.451
2016_16_WAS_CHI,2016,16,CHI,-2.451,-3.905
2016_17_CHI_MIN,2016,17,CHI,-3.905,-5.616
2017_01_ATL_CHI,2017,1,CHI,-3.6,-4.015
2017_02_CHI_TB,2017,2,CHI,-4.015,-3.686
2017_03_PIT_CHI,2017,3,CHI,-3.686,-2.771
2017_04_CHI_GB,2017,4,CHI,-2.771,-2.991
2017_05_MIN_CHI,2017,5,CHI,-2.991,0.336
2017_06_CHI_BAL,2017,6,CHI,0.336,2.246
2017_07_CAR_CHI,2017,7,CHI,2.246,3.768
2017_08_CHI_NO,2017,8,CHI,3.768,4.024
2017_10_GB_CHI,2017,10,CHI,4.024,3.237
2017_11_DET_CHI,2017,11,CHI,3.237,2.229
2017_12_CHI_PHI,2017,12,CHI,2.229,0.55
2017_13_SF_CHI,2017,13,CHI,0.55,0.164
2017_14_CHI_CIN,2017,14,CHI,0.164,1.855
2017_15_CHI_DET,2017,15,CHI,1.855,1.749
2017_16_CLE_CHI,2017,16,CHI,1.749,2.739
2017_17_CHI_MIN,2017,17,CHI,2.739,2.909
2018_01_CHI_GB,2018,1,CHI,1.865,0.74
2018_02_SEA_CHI,2018,2,CHI,0.74,2.102
2018_03_CHI_ARI,2018,3,CHI,2.102,3.299
2018_04_TB_CHI,2018,4,CHI,3.299,5.796
2018_06_CHI_MIA,2018,6,CHI,5.796,3.2
2018_07_NE_CHI,2018,7,CHI,3.2,2.54
2018_08_NYJ_CHI,2018,8,CHI,2.54,2.14
2018_09_CHI_BUF,2018,9,CHI,2.14,2.17
2018_10_DET_CHI,2018,10,CHI,2.17,3.632
2018_11_MIN_CHI,2018,11,CHI,3.632,4.146
2018_12_CHI_DET,2018,12,CHI,4.146,4.862
2018_13_CHI_NYG,2018,13,CHI,4.862,6.287
2018_14_LAR_CHI,2018,14,CHI,6.287,10.708
2018_15_GB_CHI,2018,15,CHI,10.708,12.108
2018_16_CHI_SF,2018,16,CHI,12.108,11.851
2018_17_CHI_MIN,2018,17,CHI,11.851,13.205
2018_18_PHI_CHI,2018,18,CHI,13.205,13.031
2019_01_GB_CHI,2019,1,CHI,8.353,9.892
2019_02_CHI_DEN,2019,2,CHI,9.892,9.017
2019_03_CHI_WAS,2019,3,CHI,9.017,9.435
2019_04_MIN_CHI,2019,4,CHI,9.435,10.213
2019_05_CHI_OAK,2019,5,CHI,10.213,8.845
2019_07_NO_CHI,2019,7,CHI,8.845,7.381
2019_08_LAC_CHI,2019,8,CHI,7.381,7.89
2019_09_CHI_PHI,2019,9,CHI,7.89,7.942
2019_10_DET_CHI,2019,10,CHI,7.942,6.591
2019_11_CHI_LAR,2019,11,CHI,6.591,7.302
2019_12_NYG_CHI,2019,12,CHI,7.302,6.388
2019_13_CHI_DET,2019,13,CHI,6.388,5.363
2019_14_DAL_CHI,2019,14,CHI,5.363,5.901
2019_15_CHI_GB,2019,15,CHI,5.901,5.822
2019_16_KC_CHI,2019,16,CHI,5.822,4.689
2019_17_CHI_MIN,2019,17,CHI,4.689,5.538
2020_01_CHI_DET,2020,1,CHI,3.55,3.369
2020_02_NYG_CHI,2020,2,CHI,3.369,4.345
2020_03_CHI_ATL,2020,3,CHI,4.345,6.158
2020_04_IND_CHI,2020,4,CHI,6.158,6.8
2020_05_TB_CHI,2020,5,CHI,6.8,7.682
2020_06_CHI_CAR,2020,6,CHI,7.682,9.546
2020_07_CHI_LAR,2020,7,CHI,9.546,8.88
2020_08_NO_CHI,2020,8,CHI,8.88,7.6
2020_09_CHI_TEN,2020,9,CHI,7.6,8.815
2020_10_MIN_CHI,2020,10,CHI,8.815,7.567
2020_12_CHI_GB,2020,12,CHI,7.567,6.184
2020_13_DET_CHI,2020,13,CHI,6.184,4.264
2020_14_HOU_CHI,2020,14,CHI,4.264,5.615
2020_15_CHI_MIN,2020,15,CHI,5.615,5.186
2020_16_CHI_JAX,2020,16,CHI,5.186,4.806
2020_17_GB_CHI,2020,17,CHI,4.806,3.839
2020_18_CHI_NO,2020,18,CHI,3.839,2.935
2021_01_CHI_LAR,2021,1,CHI,1.881,0.114
2021_02_CIN_CHI,2021,2,CHI,0.114,2.578
2021_03_CHI_CLE,2021,3,CHI,2.578,2.885
2021_04_DET_CHI,2021,4,CHI,2.885,2.847
2021_05_CHI_OAK,2021,5,CHI,2.847,4.624
2021_06_GB_CHI,2021,6,CHI,4.624,4.347
2021_07_CHI_TB,2021,7,CHI,4.347,4.146
2021_08_SF_CHI,2021,8,CHI,4.146,1.848
2021_09_CHI_PIT,2021,9,CHI,1.848,2.213
2021_11_BAL_CHI,2021,11,CHI,2.213,2.715
2021_12_CHI_DET,2021,12,CHI,2.715,1.531
2021_13_ARI_CHI,2021,13,CHI,1.531,0.226
2021_14_CHI_GB,2021,14,CHI,0.226,-1.3
2021_15_MIN_CHI,2021,15,CHI,-1.3,1.605
2021_16_CHI_SEA,2021,16,CHI,1.605,1.351
2021_17_NYG_CHI,2021,17,CHI,1.351,4.185
2021_18_CHI_MIN,2021,18,CHI,4.185,4.016
2022_01_SF_CHI,2022,1,CHI,2.574,3.965
2022_02_CHI_GB,2022,2,CHI,3.965,3.883
2022_03_HOU_CHI,2022,3,CHI,3.883,4.285
2022_04_CHI_NYG,2022,4,CHI,4.285,2.908
2022_05_CHI_MIN,2022,5,CHI,2.908,1.51
2022_06_WAS_CHI,2022,6,CHI,1.51,3.337
2022_07_CHI_NE,2022,7,CHI,3.337,5.025
2022_08_CHI_DAL,2022,8,CHI,5.025,3.285
2022_09_MIA_CHI,2022,9,CHI,3.285,1.39
2022_10_DET_CHI,2022,10,CHI,1.39,0.83
2022_11_CHI_ATL,2022,11,CHI,0.83,0.09
2022_12_CHI_NYJ,2022,12,CHI,0.09,-2.753
2022_13_GB_CHI,2022,13,CHI,-2.753,-2.372
2022_15_PHI_CHI,2022,15,CHI,-2.372,-3.495
2022_16_BUF_CHI,2022,16,CHI,-3.495,-3.188
2022_17_CHI_DET,2022,17,CHI,-3.188,-4.014
2022_18_MIN_CHI,2022,18,CHI,-4.014,-4.714
2023_01_GB_CHI,2023,1,CHI,-3.022,-4.037
2023_02_CHI_TB,2023,2,CHI,-4.037,-6.438
2023_03_CHI_KC,2023,3,CHI,-6.438,-7.617
2023_04_DEN_CHI,2023,4,CHI,-7.617,-8.653
2023_05_CHI_WAS,2023,5,CHI,-8.653,-10.245
2023_06_MIN_CHI,2023,6,CHI,-10.245,-9.157
2023_07_OAK_CHI,2023,7,CHI,-9.157,-7.232
2023_08_CHI_LAC,2023,8,CHI,-7.232,-9.297
2023_09_CHI_NO,2023,9,CHI,-9.297,-10.172
2023_10_CAR_CHI,2023,10,CHI,-10.172,-9.248
2023_11_CHI_DET,2023,11,CHI,-9.248,-7.288
2023_12_CHI_MIN,2023,12,CHI,-7.288,-5.01
2023_14_DET_CHI,2023,14,CHI,-5.01,-1.943
2023_15_CHI_CLE,2023,15,CHI,-1.943,-1.526
2023_16_ARI_CHI,2023,16,CHI,-1.526,-2.142
2023_17_ATL_CHI,2023,17,CHI,-2.142,-0.567
2023_18_CHI_GB,2023,18,CHI,-0.567,-2.139
2024_01_TEN_CHI,2024,1,CHI,-1.371,-0.296
2024_02_CHI_HOU,2024,2,CHI,-0.296,0.173
2024_03_CHI_IND,2024,3,CHI,0.173,1.864
2024_04_LAR_CHI,2024,4,CHI,1.864,2.802
2024_05_CAR_CHI,2024,5,CHI,2.802,4.609
2024_06_JAX_CHI,2024,6,CHI,4.609,4.649
2024_08_CHI_WAS,2024,8,CHI,4.649,3.624
2024_09_CHI_ARI,2024,9,CHI,3.624,5.523
2024_10_NE_CHI,2024,10,CHI,5.523,5.565
2024_11_GB_CHI,2024,11,CHI,5.565,4.622
2024_12_MIN_CHI,2024,12,CHI,4.622,3.514
2024_13_CHI_DET,2024,13,CHI,3.514,3.262
2024_14_CHI_SF,2024,14,CHI,3.262,1.599
2024_15_CHI_MIN,2024,15,CHI,1.599,2.382
2024_16_DET_CHI,2024,16,CHI,2.382,0.845
2024_17_SEA_CHI,2024,17,CHI,0.845,1.608
2024_18_CHI_GB,2024,18,CHI,1.608,2.601
2025_01_MIN_CHI,2025,1,CHI,1.667,1.388
2025_02_CHI_DET,2025,2,CHI,1.388,-2.034
2025_03_DAL_CHI,2025,3,CHI,-2.034,-1.264
2025_04_CHI_OAK,2025,4,CHI,-1.264,-0.361
2025_06_CHI_WAS,2025,6,CHI,-0.361,-0.912
2025_07_NO_CHI,2025,7,CHI,-0.912,0.446
2025_08_CHI_BAL,2025,8,CHI,0.446,-0.736
2025_09_CHI_CIN,2025,9,CHI,-0.736,-2.662
2025_10_NYG_CHI,2025,10,CHI,-2.662,-4.809
2025_11_CHI_MIN,2025,11,CHI,-4.809,-3.551
2025_12_PIT_CHI,2025,12,CHI,-3.551,-3.251
2025_13_CHI_PHI,2025,13,CHI,-3.251,-3.345
2025_14_CHI_GB,2025,14,CHI,-3.345,-3.977
2025_15_CLE_CHI,2025,15,CHI,-3.977,-1.764
2025_16_GB_CHI,2025,16,CHI,-1.764,-0.248
2025_17_CHI_SF,2025,17,CHI,-0.248,-2.648
2025_18_DET_CHI,2025,18,CHI,-2.648,-2.353
2025_19_GB_CHI,2025,19,CHI,-2.353,-3.813
2025_20_LAR_CHI,2025,20,CHI,-3.813,-1.398
2026_01_CHI_CAR,2026,1,CHI,-0.896,-2.911
1999_01_CIN_TEN,1999,1,CIN,0.0,-3.204
1999_02_LAC_CIN,1999,2,CIN,-3.204,-3.188
1999_03_CIN_CAR,1999,3,CIN,-3.188,-4.758
1999_04_LAR_CIN,1999,4,CIN,-4.758,-7.66
1999_05_CIN_CLE,1999,5,CIN,-7.66,-6.574
1999_06_PIT_CIN,1999,6,CIN,-6.574,-5.983
1999_07_CIN_IND,1999,7,CIN,-5.983,-6.305
1999_08_JAX_CIN,1999,8,CIN,-6.305,-7.226
1999_09_CIN_SEA,1999,9,CIN,-7.226,-7.421
1999_10_TEN_CIN,1999,10,CIN,-7.421,-6.992
1999_11_BAL_CIN,1999,11,CIN,-6.992,-7.067
1999_12_CIN_PIT,1999,12,CIN,-7.067,-5.341
1999_13_SF_CIN,1999,13,CIN,-5.341,-9.639
1999_14_CLE_CIN,1999,14,CIN,-9.639,-9.334
1999_16_CIN_BAL,1999,16,CIN,-9.334,-8.871
1999_17_CIN_JAX,1999,17,CIN,-8.871,-11.078
2000_02_CLE_CIN,2000,2,CIN,-7.101,-8.111
2000_03_CIN_JAX,2000,3,CIN,-8.111,-7.308
2000_04_CIN_BAL,2000,4,CIN,-7.308,-8.382
2000_05_MIA_CIN,2000,5,CIN,-8.382,-9.658
2000_06_TEN_CIN,2000,6,CIN,-9.658,-9.271
2000_07_CIN_PIT,2000,7,CIN,-9.271,-8.913
2000_08_DEN_CIN,2000,8,CIN,-8.913,-10.063
2000_09_CIN_CLE,2000,9,CIN,-10.063,-9.749
2000_10_BAL_CIN,2000,10,CIN,-9.749,-11.841
2000_11_CIN_DAL,2000,11,CIN,-11.841,-13.988
2000_12_CIN_NE,2000,12,CIN,-13.988,-13.963
2000_13_PIT_CIN,2000,13,CIN,-13.963,-15.686
2000_14_ARI_CIN,2000,14,CIN,-15.686,-16.261
2000_15_CIN_TEN,2000,15,CIN,-16.261,-16.776
2000_16_JAX_CIN,2000,16,CIN,-16.776,-17.761
2000_17_CIN_PHI,2000,17,CIN,-17.761,-16.617
2001_01_NE_CIN,2001,1,CIN,-10.652,-10.842
2001_02_BAL_CIN,2001,2,CIN,-10.842,-8.945
2001_03_CIN_LAC,2001,3,CIN,-8.945,-8.043
2001_04_CIN_PIT,2001,4,CIN,-8.043,-9.463
2001_05_CLE_CIN,2001,5,CIN,-9.463,-9.373
2001_06_CHI_CIN,2001,6,CIN,-9.373,-11.432
2001_07_CIN_DET,2001,7,CIN,-11.432,-10.838
2001_10_TEN_CIN,2001,10,CIN,-10.838,-11.472
2001_11_CIN_CLE,2001,11,CIN,-11.472,-10.336
2001_12_TB_CIN,2001,12,CIN,-10.336,-9.651
2001_13_JAX_CIN,2001,13,CIN,-9.651,-8.564
2001_14_CIN_NYJ,2001,14,CIN,-8.564,-9.771
2001_15_CIN_BAL,2001,15,CIN,-9.771,-7.79
2001_16_PIT_CIN,2001,16,CIN,-7.79,-6.222
2001_17_CIN_TEN,2001,17,CIN,-6.222,-6.048
2002_01_LAC_CIN,2002,1,CIN,-3.877,-5.805
2002_02_CIN_CLE,2002,2,CIN,-5.805,-6.971
2002_03_CIN_ATL,2002,3,CIN,-6.971,-8.815
2002_04_TB_CIN,2002,4,CIN,-8.815,-9.201
2002_05_CIN_IND,2002,5,CIN,-9.201,-10.026
2002_06_PIT_CIN,2002,6,CIN,-10.026,-9.6
2002_08_TEN_CIN,2002,8,CIN,-9.6,-10.508
2002_09_CIN_HOU,2002,9,CIN,-10.508,-9.68
2002_10_CIN_BAL,2002,10,CIN,-9.68,-9.701
2002_11_CLE_CIN,2002,11,CIN,-9.701,-11.318
2002_12_CIN_PIT,2002,12,CIN,-11.318,-13.084
2002_13_BAL_CIN,2002,13,CIN,-13.084,-13.198
2002_14_CIN_CAR,2002,14,CIN,-13.198,-15.931
2002_15_JAX_CIN,2002,15,CIN,-15.931,-16.883
2002_16_NO_CIN,2002,16,CIN,-16.883,-15.389
2002_17_CIN_BUF,2002,17,CIN,-15.389,-16.792
2003_01_DEN_CIN,2003,1,CIN,-10.764,-8.511
2003_02_CIN_OAK,2003,2,CIN,-8.511,-6.709
2003_03_PIT_CIN,2003,3,CIN,-6.709,-6.592
2003_04_CIN_CLE,2003,4,CIN,-6.592,-7.457
2003_05_CIN_BUF,2003,5,CIN,-7.457,-6.704
2003_07_BAL_CIN,2003,7,CIN,-6.704,-7.503
2003_08_SEA_CIN,2003,8,CIN,-7.503,-7.915
2003_09_CIN_ARI,2003,9,CIN,-7.915,-8.583
2003_10_HOU_CIN,2003,10,CIN,-8.583,-8.302
2003_11_KC_CIN,2003,11,CIN,-8.302,-9.509
2003_12_CIN_LAC,2003,12,CIN,-9.509,-9.472
2003_13_CIN_PIT,2003,13,CIN,-9.472,-9.629
2003_14_CIN_BAL,2003,14,CIN,-9.629,-8.527
2003_15_SF_CIN,2003,15,CIN,-8.527,-12.257
2003_16_CIN_LAR,2003,16,CIN,-12.257,-12.412
2003_17_CLE_CIN,2003,17,CIN,-12.412,-11.857
2004_01_CIN_NYJ,2004,1,CIN,-7.6,-8.667
2004_02_MIA_CIN,2004,2,CIN,-8.667,-7.86
2004_03_BAL_CIN,2004,3,CIN,-7.86,-8.874
2004_04_CIN_PIT,2004,4,CIN,-8.874,-9.353
2004_06_CIN_CLE,2004,6,CIN,-9.353,-10.56
2004_07_DEN_CIN,2004,7,CIN,-10.56,-8.689
2004_08_CIN_TEN,2004,8,CIN,-8.689,-9.021
2004_09_DAL_CIN,2004,9,CIN,-9.021,-7.301
2004_10_CIN_WAS,2004,10,CIN,-7.301,-5.036
2004_11_PIT_CIN,2004,11,CIN,-5.036,-3.331
2004_12_CLE_CIN,2004,12,CIN,-3.331,-6.766
2004_13_CIN_BAL,2004,13,CIN,-6.766,-6.572
2004_14_CIN_NE,2004,14,CIN,-6.572,-7.535
2004_15_BUF_CIN,2004,15,CIN,-7.535,-8.129
2004_16_NYG_CIN,2004,16,CIN,-8.129,-7.502
2004_17_CIN_PHI,2004,17,CIN,-7.502,-6.397
2005_01_CIN_CLE,2005,1,CIN,-4.101,-4.927
2005_02_MIN_CIN,2005,2,CIN,-4.927,-1.909
2005_03_CIN_CHI,2005,3,CIN,-1.909,0.863
2005_04_HOU_CIN,2005,4,CIN,0.863,0.917
2005_05_CIN_JAX,2005,5,CIN,0.917,0.707
2005_06_CIN_TEN,2005,6,CIN,0.707,1.153
2005_07_PIT_CIN,2005,7,CIN,1.153,2.019
2005_08_GB_CIN,2005,8,CIN,2.019,3.798
2005_09_CIN_BAL,2005,9,CIN,3.798,2.947
2005_11_IND_CIN,2005,11,CIN,2.947,2.339
2005_12_BAL_CIN,2005,12,CIN,2.339,1.967
2005_13_CIN_PIT,2005,13,CIN,1.967,0.434
2005_14_CLE_CIN,2005,14,CIN,0.434,-0.515
2005_15_CIN_DET,2005,15,CIN,-0.515,1.114
2005_16_BUF_CIN,2005,16,CIN,1.114,-0.502
2005_17_CIN_KC,2005,17,CIN,-0.502,-1.853
2005_18_PIT_CIN,2005,18,CIN,-1.853,-3.578
2006_01_CIN_KC,2006,1,CIN,-2.294,-0.433
2006_02_CLE_CIN,2006,2,CIN,-0.433,-1.327
2006_03_CIN_PIT,2006,3,CIN,-1.327,1.344
2006_04_NE_CIN,2006,4,CIN,1.344,0.891
2006_06_CIN_TB,2006,6,CIN,0.891,0.082
2006_07_CAR_CIN,2006,7,CIN,0.082,0.016
2006_08_ATL_CIN,2006,8,CIN,0.016,-2.83
2006_09_CIN_BAL,2006,9,CIN,-2.83,-3.516
2006_10_LAC_CIN,2006,10,CIN,-3.516,-5.258
2006_11_CIN_NO,2006,11,CIN,-5.258,-6.153
2006_12_CIN_CLE,2006,12,CIN,-6.153,-3.505
2006_13_BAL_CIN,2006,13,CIN,-3.505,-4.634
2006_14_OAK_CIN,2006,14,CIN,-4.634,-4.19
2006_15_CIN_IND,2006,15,CIN,-4.19,-6.368
2006_16_CIN_DEN,2006,16,CIN,-6.368,-5.831
2006_17_PIT_CIN,2006,17,CIN,-5.831,-6.91
2007_01_BAL_CIN,2007,1,CIN,-4.429,-3.178
2007_02_CIN_CLE,2007,2,CIN,-3.178,-6.884
2007_03_CIN_SEA,2007,3,CIN,-6.884,-6.886
2007_04_NE_CIN,2007,4,CIN,-6.886,-7.621
2007_06_CIN_KC,2007,6,CIN,-7.621,-8.347
2007_07_NYJ_CIN,2007,7,CIN,-8.347,-9.371
2007_08_PIT_CIN,2007,8,CIN,-9.371,-10.049
2007_09_CIN_BUF,2007,9,CIN,-10.049,-11.82
2007_10_CIN_BAL,2007,10,CIN,-11.82,-10.286
2007_11_ARI_CIN,2007,11,CIN,-10.286,-10.101
2007_12_TEN_CIN,2007,12,CIN,-10.101,-9.77
2007_13_CIN_PIT,2007,13,CIN,-9.77,-10.174
2007_14_LAR_CIN,2007,14,CIN,-10.174,-9.731
2007_15_CIN_SF,2007,15,CIN,-9.731,-11.686
2007_16_CLE_CIN,2007,16,CIN,-11.686,-10.71
2007_17_CIN_MIA,2007,17,CIN,-10.71,-11.261
2008_01_CIN_BAL,2008,1,CIN,-7.218,-8.008
2008_02_TEN_CIN,2008,2,CIN,-8.008,-8.407
2008_03_CIN_NYG,2008,3,CIN,-8.407,-9.484
2008_04_CLE_CIN,2008,4,CIN,-9.484,-9.184
2008_05_CIN_DAL,2008,5,CIN,-9.184,-8.79
2008_06_CIN_NYJ,2008,6,CIN,-8.79,-7.52
2008_07_PIT_CIN,2008,7,CIN,-7.52,-8.455
2008_08_CIN_HOU,2008,8,CIN,-8.455,-10.657
2008_09_JAX_CIN,2008,9,CIN,-10.657,-9.211
2008_11_PHI_CIN,2008,11,CIN,-9.211,-7.041
2008_12_CIN_PIT,2008,12,CIN,-7.041,-8.893
2008_13_BAL_CIN,2008,13,CIN,-8.893,-10.302
2008_14_CIN_IND,2008,14,CIN,-10.302,-12.135
2008_15_WAS_CIN,2008,15,CIN,-12.135,-12.8
2008_16_CIN_CLE,2008,16,CIN,-12.8,-10.938
2008_17_KC_CIN,2008,17,CIN,-10.938,-10.79
2009_01_DEN_CIN,2009,1,CIN,-6.916,-7.096
2009_02_CIN_GB,2009,2,CIN,-7.096,-6.306
2009_03_PIT_CIN,2009,3,CIN,-6.306,-7.492
2009_04_CIN_CLE,2009,4,CIN,-7.492,-7.904
2009_05_CIN_BAL,2009,5,CIN,-7.904,-7.079
2009_06_HOU_CIN,2009,6,CIN,-7.079,-8.898
2009_07_CHI_CIN,2009,7,CIN,-8.898,-7.644
2009_09_BAL_CIN,2009,9,CIN,-7.644,-4.957
2009_10_CIN_PIT,2009,10,CIN,-4.957,-2.476
2009_11_CIN_OAK,2009,11,CIN,-2.476,-3.185
2009_12_CLE_CIN,2009,12,CIN,-3.185,-3.105
2009_13_DET_CIN,2009,13,CIN,-3.105,-0.964
2009_14_CIN_MIN,2009,14,CIN,-0.964,0.527
2009_15_CIN_LAC,2009,15,CIN,0.527,0.623
2009_16_KC_CIN,2009,16,CIN,0.623,0.404
2009_17_CIN_NYJ,2009,17,CIN,0.404,0.084
2009_18_NYJ_CIN,2009,18,CIN,0.084,-1.794
2010_01_CIN_NE,2010,1,CIN,-1.15,-2.741
2010_02_BAL_CIN,2010,2,CIN,-2.741,-0.097
2010_03_CIN_CAR,2010,3,CIN,-0.097,0.484
2010_04_CIN_CLE,2010,4,CIN,0.484,0.77
2010_05_TB_CIN,2010,5,CIN,0.77,0.241
2010_07_CIN_ATL,2010,7,CIN,0.241,-2.026
2010_08_MIA_CIN,2010,8,CIN,-2.026,-1.674
2010_09_PIT_CIN,2010,9,CIN,-1.674,-1.104
2010_10_CIN_IND,2010,10,CIN,-1.104,0.76
2010_11_BUF_CIN,2010,11,CIN,0.76,-1.203
2010_12_CIN_NYJ,2010,12,CIN,-1.203,-0.144
2010_13_NO_CIN,2010,13,CIN,-0.144,-0.869
2010_14_CIN_PIT,2010,14,CIN,-0.869,-0.499
2010_15_CLE_CIN,2010,15,CIN,-0.499,-1.942
2010_16_LAC_CIN,2010,16,CIN,-1.942,-2.005
2010_17_CIN_BAL,2010,17,CIN,-2.005,0.02
2011_01_CIN_CLE,2011,1,CIN,0.013,0.058
2011_02_CIN_DEN,2011,2,CIN,0.058,-0.258
2011_03_SF_CIN,2011,3,CIN,-0.258,0.566
2011_04_BUF_CIN,2011,4,CIN,0.566,0.864
2011_05_CIN_JAX,2011,5,CIN,0.864,0.524
2011_06_IND_CIN,2011,6,CIN,0.524,-0.327
2011_08_CIN_SEA,2011,8,CIN,-0.327,0.324
2011_09_CIN_TEN,2011,9,CIN,0.324,-0.66
2011_10_PIT_CIN,2011,10,CIN,-0.66,0.604
2011_11_CIN_BAL,2011,11,CIN,0.604,-0.233
2011_12_CLE_CIN,2011,12,CIN,-0.233,-0.077
2011_13_CIN_PIT,2011,13,CIN,-0.077,-0.369
2011_14_HOU_CIN,2011,14,CIN,-0.369,-1.321
2011_15_CIN_LAR,2011,15,CIN,-1.321,-2.506
2011_16_ARI_CIN,2011,16,CIN,-2.506,-1.483
2011_17_BAL_CIN,2011,17,CIN,-1.483,-2.109
2011_18_CIN_HOU,2011,18,CIN,-2.109,-2.194
2012_01_CIN_BAL,2012,1,CIN,-1.406,-2.696
2012_02_CLE_CIN,2012,2,CIN,-2.696,-5.181
2012_03_CIN_WAS,2012,3,CIN,-5.181,-5.771
2012_04_CIN_JAX,2012,4,CIN,-5.771,-5.136
2012_05_MIA_CIN,2012,5,CIN,-5.136,-4.898
2012_06_CIN_CLE,2012,6,CIN,-4.898,-5.396
2012_07_PIT_CIN,2012,7,CIN,-5.396,-4.909
2012_09_DEN_CIN,2012,9,CIN,-4.909,-5.139
2012_10_NYG_CIN,2012,10,CIN,-5.139,-3.084
2012_11_CIN_KC,2012,11,CIN,-3.084,-2.486
2012_12_OAK_CIN,2012,12,CIN,-2.486,-0.339
2012_13_CIN_LAC,2012,13,CIN,-0.339,0.6
2012_14_DAL_CIN,2012,14,CIN,0.6,1.749
2012_15_CIN_PHI,2012,15,CIN,1.749,2.119
2012_16_CIN_PIT,2012,16,CIN,2.119,4.418
2012_17_BAL_CIN,2012,17,CIN,4.418,3.36
2012_18_CIN_HOU,2012,18,CIN,3.36,2.52
2013_01_CIN_CHI,2013,1,CIN,1.615,0.196
2013_02_PIT_CIN,2013,2,CIN,0.196,0.73
2013_03_GB_CIN,2013,3,CIN,0.73,2.742
2013_04_CIN_CLE,2013,4,CIN,2.742,0.835
2013_05_NE_CIN,2013,5,CIN,0.835,3.88
2013_06_CIN_BUF,2013,6,CIN,3.88,2.595
2013_07_CIN_DET,2013,7,CIN,2.595,1.03
2013_08_NYJ_CIN,2013,8,CIN,1.03,2.178
2013_09_CIN_MIA,2013,9,CIN,2.178,1.255
2013_10_CIN_BAL,2013,10,CIN,1.255,3.214
2013_11_CLE_CIN,2013,11,CIN,3.214,5.968
2013_13_CIN_LAC,2013,13,CIN,5.968,6.76
2013_14_IND_CIN,2013,14,CIN,6.76,2.889
2013_15_CIN_PIT,2013,15,CIN,2.889,2.78
2013_16_MIN_CIN,2013,16,CIN,2.78,5.744
2013_17_BAL_CIN,2013,17,CIN,5.744,6.926
2013_18_LAC_CIN,2013,18,CIN,6.926,7.363
2014_01_CIN_BAL,2014,1,CIN,4.72,4.524
2014_02_ATL_CIN,2014,2,CIN,4.524,6.433
2014_03_TEN_CIN,2014,3,CIN,6.433,7.028
2014_05_CIN_NE,2014,5,CIN,7.028,5.466
2014_06_CAR_CIN,2014,6,CIN,5.466,2.007
2014_07_CIN_IND,2014,7,CIN,2.007,1.358
2014_08_BAL_CIN,2014,8,CIN,1.358,3.24
2014_09_JAX_CIN,2014,9,CIN,3.24,2.238
2014_10_CLE_CIN,2014,10,CIN,2.238,1.436
2014_11_CIN_NO,2014,11,CIN,1.436,0.488
2014_12_CIN_HOU,2014,12,CIN,0.488,1.593
2014_13_CIN_TB,2014,13,CIN,1.593,2.704
2014_14_PIT_CIN,2014,14,CIN,2.704,0.754
2014_15_CIN_CLE,2014,15,CIN,0.754,3.101
2014_16_DEN_CIN,2014,16,CIN,3.101,4.944
2014_17_CIN_PIT,2014,17,CIN,4.944,4.367
2014_18_CIN_IND,2014,18,CIN,4.367,2.468
2015_01_CIN_OAK,2015,1,CIN,1.582,2.208
2015_02_LAC_CIN,2015,2,CIN,2.208,2.495
2015_03_CIN_BAL,2015,3,CIN,2.495,0.519
2015_04_KC_CIN,2015,4,CIN,0.519,-0.308
2015_05_SEA_CIN,2015,5,CIN,-0.308,0.798
2015_06_CIN_BUF,2015,6,CIN,0.798,-0.45
2015_08_CIN_PIT,2015,8,CIN,-0.45,1.462
2015_09_CLE_CIN,2015,9,CIN,1.462,1.575
2015_10_HOU_CIN,2015,10,CIN,1.575,2.753
2015_11_CIN_ARI,2015,11,CIN,2.753,2.298
2015_12_LAR_CIN,2015,12,CIN,2.298,3.21
2015_13_CIN_CLE,2015,13,CIN,3.21,3.364
2015_14_PIT_CIN,2015,14,CIN,3.364,3.442
2015_15_CIN_SF,2015,15,CIN,3.442,3.926
2015_16_CIN_DEN,2015,16,CIN,3.926,2.23
2015_17_BAL_CIN,2015,17,CIN,2.23,2.131
2015_18_PIT_CIN,2015,18,CIN,2.131,3.097
2016_01_CIN_NYJ,2016,1,CIN,1.985,2.122
2016_02_CIN_PIT,2016,2,CIN,2.122,2.368
2016_03_DEN_CIN,2016,3,CIN,2.368,-0.563
2016_04_MIA_CIN,2016,4,CIN,-0.563,1.538
2016_05_CIN_DAL,2016,5,CIN,1.538,0.125
2016_06_CIN_NE,2016,6,CIN,0.125,-1.688
2016_07_CLE_CIN,2016,7,CIN,-1.688,-1.373
2016_08_WAS_CIN,2016,8,CIN,-1.373,-2.975
2016_10_CIN_NYG,2016,10,CIN,-2.975,-2.974
2016_11_BUF_CIN,2016,11,CIN,-2.974,-2.01
2016_12_CIN_BAL,2016,12,CIN,-2.01,-2.34
2016_13_PHI_CIN,2016,13,CIN,-2.34,-2.095
2016_14_CIN_CLE,2016,14,CIN,-2.095,-0.785
2016_15_PIT_CIN,2016,15,CIN,-0.785,-0.771
2016_16_CIN_HOU,2016,16,CIN,-0.771,-0.255
2016_17_BAL_CIN,2016,17,CIN,-0.255,0.635
2017_01_BAL_CIN,2017,1,CIN,0.407,1.747
2017_02_HOU_CIN,2017,2,CIN,1.747,0.965
2017_03_CIN_GB,2017,3,CIN,0.965,1.273
2017_04_CIN_CLE,2017,4,CIN,1.273,2.575
2017_05_BUF_CIN,2017,5,CIN,2.575,5.084
2017_07_CIN_PIT,2017,7,CIN,5.084,4.284
2017_08_IND_CIN,2017,8,CIN,4.284,3.973
2017_09_CIN_JAX,2017,9,CIN,3.973,2.535
2017_10_CIN_TEN,2017,10,CIN,2.535,2.921
2017_11_CIN_DEN,2017,11,CIN,2.921,2.838
2017_12_CLE_CIN,2017,12,CIN,2.838,1.309
2017_13_PIT_CIN,2017,13,CIN,1.309,1.057
2017_14_CHI_CIN,2017,14,CIN,1.057,-1.318
2017_15_CIN_MIN,2017,15,CIN,-1.318,-2.618
2017_16_DET_CIN,2017,16,CIN,-2.618,-1.163
2017_17_CIN_BAL,2017,17,CIN,-1.163,-1.117
2018_01_CIN_IND,2018,1,CIN,-0.716,-1.86
2018_02_BAL_CIN,2018,2,CIN,-1.86,-1.362
2018_03_CIN_CAR,2018,3,CIN,-1.362,-2.71
2018_04_CIN_ATL,2018,4,CIN,-2.71,-4.522
2018_05_MIA_CIN,2018,5,CIN,-4.522,-2.662
2018_06_PIT_CIN,2018,6,CIN,-2.662,-4.062
2018_07_CIN_KC,2018,7,CIN,-4.062,-6.384
2018_08_TB_CIN,2018,8,CIN,-6.384,-3.054
2018_10_NO_CIN,2018,10,CIN,-3.054,-4.573
2018_11_CIN_BAL,2018,11,CIN,-4.573,-4.898
2018_12_CLE_CIN,2018,12,CIN,-4.898,-7.07
2018_13_DEN_CIN,2018,13,CIN,-7.07,-6.329
2018_14_CIN_LAC,2018,14,CIN,-6.329,-5.421
2018_15_OAK_CIN,2018,15,CIN,-5.421,-4.06
2018_16_CIN_CLE,2018,16,CIN,-4.06,-6.398
2018_17_CIN_PIT,2018,17,CIN,-6.398,-5.758
2019_01_CIN_SEA,2019,1,CIN,-3.691,-2.917
2019_02_SF_CIN,2019,2,CIN,-2.917,-4.616
2019_03_CIN_BUF,2019,3,CIN,-4.616,-5.094
2019_04_CIN_PIT,2019,4,CIN,-5.094,-7.037
2019_05_ARI_CIN,2019,5,CIN,-7.037,-9.306
2019_06_CIN_BAL,2019,6,CIN,-9.306,-11.962
2019_07_JAX_CIN,2019,7,CIN,-11.962,-12.159
2019_08_CIN_LAR,2019,8,CIN,-12.159,-13.31
2019_10_BAL_CIN,2019,10,CIN,-13.31,-15.85
2019_11_CIN_OAK,2019,11,CIN,-15.85,-15.939
2019_12_PIT_CIN,2019,12,CIN,-15.939,-13.771
2019_13_NYJ_CIN,2019,13,CIN,-13.771,-12.626
2019_14_CIN_CLE,2019,14,CIN,-12.626,-11.134
2019_15_NE_CIN,2019,15,CIN,-11.134,-9.574
2019_16_CIN_MIA,2019,16,CIN,-9.574,-11.442
2019_17_CLE_CIN,2019,17,CIN,-11.442,-9.267
2020_01_LAC_CIN,2020,1,CIN,-5.94,-5.128
2020_02_CIN_CLE,2020,2,CIN,-5.128,-5.712
2020_03_CIN_PHI,2020,3,CIN,-5.712,-5.711
2020_04_JAX_CIN,2020,4,CIN,-5.711,-6.46
2020_05_CIN_BAL,2020,5,CIN,-6.46,-4.406
2020_06_CIN_IND,2020,6,CIN,-4.406,-5.868
2020_07_CLE_CIN,2020,7,CIN,-5.868,-8.717
2020_08_TEN_CIN,2020,8,CIN,-8.717,-8.365
2020_10_CIN_PIT,2020,10,CIN,-8.365,-10.15
2020_11_CIN_WAS,2020,11,CIN,-10.15,-8.455
2020_12_NYG_CIN,2020,12,CIN,-8.455,-8.231
2020_13_CIN_MIA,2020,13,CIN,-8.231,-9.538
2020_14_DAL_CIN,2020,14,CIN,-9.538,-9.553
2020_15_PIT_CIN,2020,15,CIN,-9.553,-7.319
2020_16_CIN_HOU,2020,16,CIN,-7.319,-8.893
2020_17_BAL_CIN,2020,17,CIN,-8.893,-8.98
2021_01_MIN_CIN,2021,1,CIN,-5.756,-7.073
2021_02_CIN_CHI,2021,2,CIN,-7.073,-6.551
2021_03_CIN_PIT,2021,3,CIN,-6.551,-5.404
2021_04_JAX_CIN,2021,4,CIN,-5.404,-6.446
2021_05_GB_CIN,2021,5,CIN,-6.446,-6.658
2021_06_CIN_DET,2021,6,CIN,-6.658,-5.493
2021_07_CIN_BAL,2021,7,CIN,-5.493,-4.428
2021_08_CIN_NYJ,2021,8,CIN,-4.428,-7.112
2021_09_CLE_CIN,2021,9,CIN,-7.112,-7.091
2021_11_CIN_OAK,2021,11,CIN,-7.091,-5.854
2021_12_PIT_CIN,2021,12,CIN,-5.854,-4.122
2021_13_LAC_CIN,2021,13,CIN,-4.122,-4.049
2021_14_SF_CIN,2021,14,CIN,-4.049,-4.148
2021_15_CIN_DEN,2021,15,CIN,-4.148,-2.547
2021_16_BAL_CIN,2021,16,CIN,-2.547,-4.716
2021_17_KC_CIN,2021,17,CIN,-4.716,-5.806
2021_18_CIN_CLE,2021,18,CIN,-5.806,-6.086
2021_19_OAK_CIN,2021,19,CIN,-6.086,-5.377
2021_20_CIN_TEN,2021,20,CIN,-5.377,-3.76
2021_21_CIN_KC,2021,21,CIN,-3.76,-1.84
2021_22_LAR_CIN,2021,22,CIN,-1.84,-1.429
2022_01_PIT_CIN,2022,1,CIN,-0.916,-0.387
2022_02_CIN_DAL,2022,2,CIN,-0.387,-1.14
2022_03_CIN_NYJ,2022,3,CIN,-1.14,1.179
2022_04_MIA_CIN,2022,4,CIN,1.179,3.291
2022_05_CIN_BAL,2022,5,CIN,3.291,4.008
2022_06_CIN_NO,2022,6,CIN,4.008,4.332
2022_07_ATL_CIN,2022,7,CIN,4.332,4.73
2022_08_CIN_CLE,2022,8,CIN,4.73,2.972
2022_09_CAR_CIN,2022,9,CIN,2.972,4.983
2022_11_CIN_PIT,2022,11,CIN,4.983,3.812
2022_12_CIN_TEN,2022,12,CIN,3.812,3.034
2022_13_KC_CIN,2022,13,CIN,3.034,4.112
2022_14_CLE_CIN,2022,14,CIN,4.112,4.377
2022_15_CIN_TB,2022,15,CIN,4.377,3.947
2022_16_CIN_NE,2022,16,CIN,3.947,3.293
2022_18_BAL_CIN,2022,18,CIN,3.293,5.198
2022_19_BAL_CIN,2022,19,CIN,5.198,3.981
2022_20_CIN_BUF,2022,20,CIN,3.981,4.609
2022_21_CIN_KC,2022,21,CIN,4.609,4.4
2023_01_CIN_CLE,2023,1,CIN,2.82,3.41
2023_02_BAL_CIN,2023,2,CIN,3.41,1.339
2023_03_LAR_CIN,2023,3,CIN,1.339,3.797
2023_04_CIN_TEN,2023,4,CIN,3.797,3.897
2023_05_CIN_ARI,2023,5,CIN,3.897,5.865
2023_06_SEA_CIN,2023,6,CIN,5.865,6.489
2023_08_CIN_SF,2023,8,CIN,6.489,5.126
2023_09_BUF_CIN,2023,9,CIN,5.126,4.725
2023_10_HOU_CIN,2023,10,CIN,4.725,3.648
2023_11_CIN_BAL,2023,11,CIN,3.648,3.021
2023_12_PIT_CIN,2023,12,CIN,3.021,2.027
2023_13_CIN_JAX,2023,13,CIN,2.027,0.766
2023_14_IND_CIN,2023,14,CIN,0.766,1.136
2023_15_MIN_CIN,2023,15,CIN,1.136,0.611
2023_16_CIN_PIT,2023,16,CIN,0.611,-0.89
2023_17_CIN_KC,2023,17,CIN,-0.89,-0.595
2023_18_CLE_CIN,2023,18,CIN,-0.595,0.007
2024_01_NE_CIN,2024,1,CIN,0.004,0.647
2024_02_CIN_KC,2024,2,CIN,0.647,2.055
2024_03_WAS_CIN,2024,3,CIN,2.055,-0.539
2024_04_CIN_CAR,2024,4,CIN,-0.539,-1.031
2024_05_BAL_CIN,2024,5,CIN,-1.031,-3.053
2024_06_CIN_NYG,2024,6,CIN,-3.053,-2.267
2024_07_CIN_CLE,2024,7,CIN,-2.267,-1.951
2024_08_PHI_CIN,2024,8,CIN,-1.951,-4.672
2024_09_OAK_CIN,2024,9,CIN,-4.672,-3.686
2024_10_CIN_BAL,2024,10,CIN,-3.686,-5.394
2024_11_CIN_LAC,2024,11,CIN,-5.394,-6.315
2024_13_PIT_CIN,2024,13,CIN,-6.315,-8.323
2024_14_CIN_DAL,2024,14,CIN,-8.323,-7.209
2024_15_CIN_TEN,2024,15,CIN,-7.209,-5.063
2024_16_CLE_CIN,2024,16,CIN,-5.063,-3.495
2024_17_DEN_CIN,2024,17,CIN,-3.495,-4.326
2024_18_CIN_PIT,2024,18,CIN,-4.326,-2.962
2025_01_CIN_CLE,2025,1,CIN,-1.899,-1.826
2025_02_JAX_CIN,2025,2,CIN,-1.826,-1.774
2025_03_CIN_MIN,2025,3,CIN,-1.774,-1.912
2025_04_CIN_DEN,2025,4,CIN,-1.912,-3.641
2025_05_DET_CIN,2025,5,CIN,-3.641,-3.707
2025_06_CIN_GB,2025,6,CIN,-3.707,-3.935
2025_07_PIT_CIN,2025,7,CIN,-3.935,-4.518
2025_08_NYJ_CIN,2025,8,CIN,-4.518,-5.555
2025_09_CHI_CIN,2025,9,CIN,-5.555,-7.383
2025_11_CIN_PIT,2025,11,CIN,-7.383,-6.549
2025_12_NE_CIN,2025,12,CIN,-6.549,-6.411
2025_13_CIN_BAL,2025,13,CIN,-6.411,-4.419
2025_14_CIN_BUF,2025,14,CIN,-4.419,-6.615
2025_15_BAL_CIN,2025,15,CIN,-6.615,-5.712
2025_16_CIN_MIA,2025,16,CIN,-5.712,-5.834
2025_17_ARI_CIN,2025,17,CIN,-5.834,-4.94
2025_18_CLE_CIN,2025,18,CIN,-4.94,-3.038
2026_01_TB_CIN,2026,1,CIN,-1.947,-2.225
1999_01_PIT_CLE,1999,1,CLE,0.0,-2.383
1999_02_CLE_TEN,1999,2,CLE,-2.383,-5.551
1999_03_CLE_BAL,1999,3,CLE,-5.551,-5.101
1999_04_NE_CLE,1999,4,CLE,-5.101,-6.399
1999_05_CIN_CLE,1999,5,CLE,-6.399,-6.899
1999_06_CLE_JAX,1999,6,CLE,-6.899,-7.355
1999_07_CLE_LAR,1999,7,CLE,-7.355,-9.338
1999_08_CLE_NO,1999,8,CLE,-9.338,-8.542
1999_09_BAL_CLE,1999,9,CLE,-8.542,-9.127
1999_10_CLE_PIT,1999,10,CLE,-9.127,-8.473
1999_11_CAR_CLE,1999,11,CLE,-8.473,-10.265
1999_12_TEN_CLE,1999,12,CLE,-10.265,-11.299
1999_13_CLE_LAC,1999,13,CLE,-11.299,-10.816
1999_14_CLE_CIN,1999,14,CLE,-10.816,-11.348
1999_15_JAX_CLE,1999,15,CLE,-11.348,-12.628
1999_16_IND_CLE,1999,16,CLE,-12.628,-13.378
2000_01_JAX_CLE,2000,1,CLE,-8.575,-9.459
2000_02_CLE_CIN,2000,2,CLE,-9.459,-6.828
2000_03_PIT_CLE,2000,3,CLE,-6.828,-6.223
2000_04_CLE_OAK,2000,4,CLE,-6.223,-6.08
2000_05_BAL_CLE,2000,5,CLE,-6.08,-5.111
2000_06_CLE_ARI,2000,6,CLE,-5.111,-6.064
2000_07_CLE_DEN,2000,7,CLE,-6.064,-8.264
2000_08_CLE_PIT,2000,8,CLE,-8.264,-6.946
2000_09_CIN_CLE,2000,9,CLE,-6.946,-4.568
2000_10_NYG_CLE,2000,10,CLE,-4.568,-5.827
2000_11_NE_CLE,2000,11,CLE,-5.827,-5.287
2000_12_CLE_TEN,2000,12,CLE,-5.287,-2.987
2000_13_CLE_BAL,2000,13,CLE,-2.987,-3.494
2000_14_CLE_JAX,2000,14,CLE,-3.494,-4.007
2000_15_PHI_CLE,2000,15,CLE,-4.007,-6.03
2000_16_TEN_CLE,2000,16,CLE,-6.03,-4.418
2001_01_SEA_CLE,2001,1,CLE,-2.832,-1.407
2001_02_DET_CLE,2001,2,CLE,-1.407,1.881
2001_04_LAC_CLE,2001,4,CLE,1.881,2.778
2001_05_CLE_CIN,2001,5,CLE,2.778,1.709
2001_06_BAL_CLE,2001,6,CLE,1.709,3.147
2001_08_CLE_CHI,2001,8,CLE,3.147,3.198
2001_09_PIT_CLE,2001,9,CLE,3.198,1.989
2001_10_CLE_BAL,2001,10,CLE,1.989,3.342
2001_11_CIN_CLE,2001,11,CLE,3.342,4.671
2001_12_TEN_CLE,2001,12,CLE,4.671,2.655
2001_13_CLE_NE,2001,13,CLE,2.655,3.422
2001_14_JAX_CLE,2001,14,CLE,3.422,6.006
2001_15_CLE_GB,2001,15,CLE,6.006,4.518
2001_16_CLE_TEN,2001,16,CLE,4.518,2.595
2001_17_CLE_PIT,2001,17,CLE,2.595,4.481
2002_01_KC_CLE,2002,1,CLE,2.872,1.0
2002_02_CIN_CLE,2002,2,CLE,1.0,2.856
2002_03_CLE_TEN,2002,3,CLE,2.856,2.645
2002_04_CLE_PIT,2002,4,CLE,2.645,2.838
2002_05_BAL_CLE,2002,5,CLE,2.838,0.627
2002_06_CLE_TB,2002,6,CLE,0.627,1.297
2002_07_HOU_CLE,2002,7,CLE,1.297,1.433
2002_08_CLE_NYJ,2002,8,CLE,1.433,0.421
2002_09_PIT_CLE,2002,9,CLE,0.421,0.035
2002_11_CLE_CIN,2002,11,CLE,0.035,-1.481
2002_12_CLE_NO,2002,12,CLE,-1.481,-0.134
2002_13_CAR_CLE,2002,13,CLE,-0.134,-0.178
2002_15_IND_CLE,2002,15,CLE,-0.178,-0.716
2002_16_CLE_BAL,2002,16,CLE,-0.716,-0.438
2002_17_ATL_CLE,2002,17,CLE,-0.438,0.412
2002_18_CLE_PIT,2002,18,CLE,0.412,-0.936
2003_01_IND_CLE,2003,1,CLE,-0.6,0.649
2003_02_CLE_BAL,2003,2,CLE,0.649,2.675
2003_03_CLE_SF,2003,3,CLE,2.675,3.359
2003_04_CIN_CLE,2003,4,CLE,3.359,0.933
2003_05_CLE_PIT,2003,5,CLE,0.933,3.505
2003_06_OAK_CLE,2003,6,CLE,3.505,3.198
2003_07_LAC_CLE,2003,7,CLE,3.198,4.647
2003_08_CLE_NE,2003,8,CLE,4.647,3.858
2003_10_CLE_KC,2003,10,CLE,3.858,1.619
2003_11_ARI_CLE,2003,11,CLE,1.619,2.948
2003_12_PIT_CLE,2003,12,CLE,2.948,4.016
2003_13_CLE_SEA,2003,13,CLE,4.016,2.047
2003_14_LAR_CLE,2003,14,CLE,2.047,2.353
2003_15_CLE_DEN,2003,15,CLE,2.353,2.394
2003_16_BAL_CLE,2003,16,CLE,2.394,2.438
2003_17_CLE_CIN,2003,17,CLE,2.438,3.34
2004_01_BAL_CLE,2004,1,CLE,2.141,2.904
2004_02_CLE_DAL,2004,2,CLE,2.904,2.729
2004_03_CLE_NYG,2004,3,CLE,2.729,1.54
2004_04_WAS_CLE,2004,4,CLE,1.54,1.238
2004_05_CLE_PIT,2004,5,CLE,1.238,-0.721
2004_06_CIN_CLE,2004,6,CLE,-0.721,-0.096
2004_07_PHI_CLE,2004,7,CLE,-0.096,-2.564
2004_09_CLE_BAL,2004,9,CLE,-2.564,-2.737
2004_10_PIT_CLE,2004,10,CLE,-2.737,-1.838
2004_11_NYJ_CLE,2004,11,CLE,-1.838,0.468
2004_12_CLE_CIN,2004,12,CLE,0.468,-1.723
2004_13_NE_CLE,2004,13,CLE,-1.723,-0.629
2004_14_CLE_BUF,2004,14,CLE,-0.629,0.394
2004_15_LAC_CLE,2004,15,CLE,0.394,0.853
2004_16_CLE_MIA,2004,16,CLE,0.853,0.134
2004_17_CLE_HOU,2004,17,CLE,0.134,0.984
2005_01_CIN_CLE,2005,1,CLE,0.631,-0.653
2005_02_CLE_GB,2005,2,CLE,-0.653,-2.778
2005_03_CLE_IND,2005,3,CLE,-2.778,-2.092
2005_05_CHI_CLE,2005,5,CLE,-2.092,-2.286
2005_06_CLE_BAL,2005,6,CLE,-2.286,-3.755
2005_07_DET_CLE,2005,7,CLE,-3.755,-4.522
2005_08_CLE_HOU,2005,8,CLE,-4.522,-4.031
2005_09_TEN_CLE,2005,9,CLE,-4.031,-3.048
2005_10_CLE_PIT,2005,10,CLE,-3.048,-4.587
2005_11_MIA_CLE,2005,11,CLE,-4.587,-3.042
2005_12_CLE_MIN,2005,12,CLE,-3.042,-3.886
2005_13_JAX_CLE,2005,13,CLE,-3.886,-3.828
2005_14_CLE_CIN,2005,14,CLE,-3.828,-1.875
2005_15_CLE_OAK,2005,15,CLE,-1.875,-0.517
2005_16_PIT_CLE,2005,16,CLE,-0.517,-0.782
2005_17_BAL_CLE,2005,17,CLE,-0.782,1.593
2006_01_NO_CLE,2006,1,CLE,1.021,1.669
2006_02_CLE_CIN,2006,2,CLE,1.669,2.192
2006_03_BAL_CLE,2006,3,CLE,2.192,1.869
2006_04_CLE_OAK,2006,4,CLE,1.869,3.164
2006_05_CLE_CAR,2006,5,CLE,3.164,2.515
2006_07_DEN_CLE,2006,7,CLE,2.515,3.453
2006_08_NYJ_CLE,2006,8,CLE,3.453,5.556
2006_09_CLE_LAC,2006,9,CLE,5.556,5.878
2006_10_CLE_ATL,2006,10,CLE,5.878,6.367
2006_11_PIT_CLE,2006,11,CLE,6.367,6.378
2006_12_CIN_CLE,2006,12,CLE,6.378,5.061
2006_13_KC_CLE,2006,13,CLE,5.061,2.558
2006_14_CLE_PIT,2006,14,CLE,2.558,0.452
2006_15_CLE_BAL,2006,15,CLE,0.452,2.395
2006_16_TB_CLE,2006,16,CLE,2.395,2.758
2006_17_CLE_HOU,2006,17,CLE,2.758,4.087
2007_01_PIT_CLE,2007,1,CLE,2.62,1.248
2007_02_CIN_CLE,2007,2,CLE,1.248,-1.831
2007_03_CLE_OAK,2007,3,CLE,-1.831,-1.74
2007_04_BAL_CLE,2007,4,CLE,-1.74,-2.849
2007_05_CLE_NE,2007,5,CLE,-2.849,-3.67
2007_06_MIA_CLE,2007,6,CLE,-3.67,-5.408
2007_08_CLE_LAR,2007,8,CLE,-5.408,-6.985
2007_09_SEA_CLE,2007,9,CLE,-6.985,-8.658
2007_10_CLE_PIT,2007,10,CLE,-8.658,-9.822
2007_11_CLE_BAL,2007,11,CLE,-9.822,-8.236
2007_12_HOU_CLE,2007,12,CLE,-8.236,-8.424
2007_13_CLE_ARI,2007,13,CLE,-8.424,-8.439
2007_14_CLE_NYJ,2007,14,CLE,-8.439,-8.177
2007_15_BUF_CLE,2007,15,CLE,-8.177,-7.635
2007_16_CLE_CIN,2007,16,CLE,-7.635,-5.938
2007_17_SF_CLE,2007,17,CLE,-5.938,-5.039
2008_01_DAL_CLE,2008,1,CLE,-3.23,-4.581
2008_02_PIT_CLE,2008,2,CLE,-4.581,-4.229
2008_03_CLE_BAL,2008,3,CLE,-4.229,-2.71
2008_04_CLE_CIN,2008,4,CLE,-2.71,-2.151
2008_06_NYG_CLE,2008,6,CLE,-2.151,-1.041
2008_07_CLE_WAS,2008,7,CLE,-1.041,-0.938
2008_08_CLE_JAX,2008,8,CLE,-0.938,-2.576
2008_09_BAL_CLE,2008,9,CLE,-2.576,-3.558
2008_10_DEN_CLE,2008,10,CLE,-3.558,-5.67
2008_11_CLE_BUF,2008,11,CLE,-5.67,-5.304
2008_12_HOU_CLE,2008,12,CLE,-5.304,-6.212
2008_13_IND_CLE,2008,13,CLE,-6.212,-4.028
2008_14_CLE_TEN,2008,14,CLE,-4.028,-3.752
2008_15_CLE_PHI,2008,15,CLE,-3.752,-4.536
2008_16_CIN_CLE,2008,16,CLE,-4.536,-5.266
2008_17_CLE_PIT,2008,17,CLE,-5.266,-4.579
2009_01_MIN_CLE,2009,1,CLE,-2.935,-1.57
2009_02_CLE_DEN,2009,2,CLE,-1.57,-2.425
2009_03_CLE_BAL,2009,3,CLE,-2.425,-4.451
2009_04_CIN_CLE,2009,4,CLE,-4.451,-4.46
2009_05_CLE_BUF,2009,5,CLE,-4.46,-3.926
2009_06_CLE_PIT,2009,6,CLE,-3.926,-5.04
2009_07_GB_CLE,2009,7,CLE,-5.04,-7.1
2009_08_CLE_CHI,2009,8,CLE,-7.1,-5.452
2009_10_BAL_CLE,2009,10,CLE,-5.452,-4.815
2009_11_CLE_DET,2009,11,CLE,-4.815,-7.867
2009_12_CLE_CIN,2009,12,CLE,-7.867,-6.479
2009_13_LAC_CLE,2009,13,CLE,-6.479,-7.749
2009_14_PIT_CLE,2009,14,CLE,-7.749,-5.646
2009_15_CLE_KC,2009,15,CLE,-5.646,-8.003
2009_16_OAK_CLE,2009,16,CLE,-8.003,-7.066
2009_17_JAX_CLE,2009,17,CLE,-7.066,-7.698
2010_01_CLE_TB,2010,1,CLE,-4.935,-5.464
2010_02_KC_CLE,2010,2,CLE,-5.464,-4.45
2010_03_CLE_BAL,2010,3,CLE,-4.45,-7.009
2010_04_CIN_CLE,2010,4,CLE,-7.009,-8.384
2010_05_ATL_CLE,2010,5,CLE,-8.384,-7.708
2010_06_CLE_PIT,2010,6,CLE,-7.708,-8.781
2010_07_CLE_NO,2010,7,CLE,-8.781,-7.008
2010_09_NE_CLE,2010,9,CLE,-7.008,-6.709
2010_10_NYJ_CLE,2010,10,CLE,-6.709,-8.312
2010_11_CLE_JAX,2010,11,CLE,-8.312,-6.407
2010_12_CAR_CLE,2010,12,CLE,-6.407,-5.745
2010_13_CLE_MIA,2010,13,CLE,-5.745,-3.873
2010_14_CLE_BUF,2010,14,CLE,-3.873,-4.249
2010_15_CLE_CIN,2010,15,CLE,-4.249,-4.402
2010_16_BAL_CLE,2010,16,CLE,-4.402,-4.276
2010_17_PIT_CLE,2010,17,CLE,-4.276,-6.217
2011_01_CIN_CLE,2011,1,CLE,-3.985,-3.239
2011_02_CLE_IND,2011,2,CLE,-3.239,-2.271
2011_03_MIA_CLE,2011,3,CLE,-2.271,-1.994
2011_04_TEN_CLE,2011,4,CLE,-1.994,-2.865
2011_06_CLE_OAK,2011,6,CLE,-2.865,-2.107
2011_07_SEA_CLE,2011,7,CLE,-2.107,0.451
2011_08_CLE_SF,2011,8,CLE,0.451,-0.271
2011_09_CLE_HOU,2011,9,CLE,-0.271,0.731
2011_10_LAR_CLE,2011,10,CLE,0.731,0.52
2011_11_JAX_CLE,2011,11,CLE,0.52,-0.332
2011_12_CLE_CIN,2011,12,CLE,-0.332,-1.56
2011_13_BAL_CLE,2011,13,CLE,-1.56,-0.68
2011_14_CLE_PIT,2011,14,CLE,-0.68,-1.644
2011_15_CLE_ARI,2011,15,CLE,-1.644,-2.355
2011_16_CLE_BAL,2011,16,CLE,-2.355,-2.198
2011_17_PIT_CLE,2011,17,CLE,-2.198,-1.757
2012_01_PHI_CLE,2012,1,CLE,-1.126,0.541
2012_02_CLE_CIN,2012,2,CLE,0.541,-0.309
2012_03_BUF_CLE,2012,3,CLE,-0.309,-1.488
2012_04_CLE_BAL,2012,4,CLE,-1.488,-1.891
2012_05_CLE_NYG,2012,5,CLE,-1.891,-2.759
2012_06_CIN_CLE,2012,6,CLE,-2.759,-3.899
2012_07_CLE_IND,2012,7,CLE,-3.899,-4.148
2012_08_LAC_CLE,2012,8,CLE,-4.148,-3.299
2012_09_BAL_CLE,2012,9,CLE,-3.299,-3.237
2012_11_CLE_DAL,2012,11,CLE,-3.237,-2.751
2012_12_PIT_CLE,2012,12,CLE,-2.751,-1.382
2012_13_CLE_OAK,2012,13,CLE,-1.382,-2.973
2012_14_KC_CLE,2012,14,CLE,-2.973,-0.952
2012_15_WAS_CLE,2012,15,CLE,-0.952,-3.475
2012_16_CLE_DEN,2012,16,CLE,-3.475,-5.037
2012_17_CLE_PIT,2012,17,CLE,-5.037,-5.075
2013_01_MIA_CLE,2013,1,CLE,-3.253,-2.905
2013_02_CLE_BAL,2013,2,CLE,-2.905,-2.868
2013_03_CLE_MIN,2013,3,CLE,-2.868,-2.994
2013_04_CIN_CLE,2013,4,CLE,-2.994,-1.743
2013_05_BUF_CLE,2013,5,CLE,-1.743,-1.09
2013_06_DET_CLE,2013,6,CLE,-1.09,-1.67
2013_07_CLE_GB,2013,7,CLE,-1.67,-2.725
2013_08_CLE_KC,2013,8,CLE,-2.725,-2.958
2013_09_BAL_CLE,2013,9,CLE,-2.958,-2.451
2013_11_CLE_CIN,2013,11,CLE,-2.451,-1.215
2013_12_PIT_CLE,2013,12,CLE,-1.215,-2.57
2013_13_JAX_CLE,2013,13,CLE,-2.57,-2.578
2013_14_CLE_NE,2013,14,CLE,-2.578,-2.749
2013_15_CHI_CLE,2013,15,CLE,-2.749,-3.643
2013_16_CLE_NYJ,2013,16,CLE,-3.643,-6.662
2013_17_CLE_PIT,2013,17,CLE,-6.662,-4.809
2014_01_CLE_PIT,2014,1,CLE,-3.082,-3.394
2014_02_NO_CLE,2014,2,CLE,-3.394,-2.571
2014_03_BAL_CLE,2014,3,CLE,-2.571,-2.852
2014_05_CLE_TEN,2014,5,CLE,-2.852,-3.78
2014_06_PIT_CLE,2014,6,CLE,-3.78,-2.568
2014_07_CLE_JAX,2014,7,CLE,-2.568,-1.095
2014_08_OAK_CLE,2014,8,CLE,-1.095,-2.011
2014_09_TB_CLE,2014,9,CLE,-2.011,-2.03
2014_10_CLE_CIN,2014,10,CLE,-2.03,2.36
2014_11_HOU_CLE,2014,11,CLE,2.36,1.072
2014_12_CLE_ATL,2014,12,CLE,1.072,1.344
2014_13_CLE_BUF,2014,13,CLE,1.344,2.444
2014_14_IND_CLE,2014,14,CLE,2.444,3.73
2014_15_CIN_CLE,2014,15,CLE,3.73,5.537
2014_16_CLE_CAR,2014,16,CLE,5.537,4.413
2014_17_CLE_BAL,2014,17,CLE,4.413,3.112
2015_01_CLE_NYJ,2015,1,CLE,1.995,1.809
2015_02_TEN_CLE,2015,2,CLE,1.809,2.32
2015_03_OAK_CLE,2015,3,CLE,2.32,0.228
2015_04_CLE_LAC,2015,4,CLE,0.228,-1.286
2015_05_CLE_BAL,2015,5,CLE,-1.286,-2.217
2015_06_DEN_CLE,2015,6,CLE,-2.217,-1.078
2015_07_CLE_LAR,2015,7,CLE,-1.078,-0.27
2015_08_ARI_CLE,2015,8,CLE,-0.27,-2.267
2015_09_CLE_CIN,2015,9,CLE,-2.267,-3.049
2015_10_CLE_PIT,2015,10,CLE,-3.049,-2.352
2015_12_BAL_CLE,2015,12,CLE,-2.352,-2.381
2015_13_CIN_CLE,2015,13,CLE,-2.381,-3.52
2015_14_SF_CLE,2015,14,CLE,-3.52,-2.202
2015_15_CLE_SEA,2015,15,CLE,-2.202,-3.396
2015_16_CLE_KC,2015,16,CLE,-3.396,-3.852
2015_17_PIT_CLE,2015,17,CLE,-3.852,-4.903
2016_01_CLE_PHI,2016,1,CLE,-3.143,-3.991
2016_02_BAL_CLE,2016,2,CLE,-3.991,-3.929
2016_03_CLE_MIA,2016,3,CLE,-3.929,-4.704
2016_04_CLE_WAS,2016,4,CLE,-4.704,-4.231
2016_05_NE_CLE,2016,5,CLE,-4.231,-6.587
2016_06_CLE_TEN,2016,6,CLE,-6.587,-8.524
2016_07_CLE_CIN,2016,7,CLE,-8.524,-8.701
2016_08_NYJ_CLE,2016,8,CLE,-8.701,-8.244
2016_09_DAL_CLE,2016,9,CLE,-8.244,-10.344
2016_10_CLE_BAL,2016,10,CLE,-10.344,-11.118
2016_11_PIT_CLE,2016,11,CLE,-11.118,-10.133
2016_12_NYG_CLE,2016,12,CLE,-10.133,-10.106
2016_14_CIN_CLE,2016,14,CLE,-10.106,-9.748
2016_15_CLE_BUF,2016,15,CLE,-9.748,-10.773
2016_16_LAC_CLE,2016,16,CLE,-10.773,-11.127
2016_17_CLE_PIT,2016,17,CLE,-11.127,-11.547
2017_01_PIT_CLE,2017,1,CLE,-7.401,-7.274
2017_02_CLE_BAL,2017,2,CLE,-7.274,-7.315
2017_03_CLE_IND,2017,3,CLE,-7.315,-9.034
2017_04_CIN_CLE,2017,4,CLE,-9.034,-11.562
2017_05_NYJ_CLE,2017,5,CLE,-11.562,-11.212
2017_06_CLE_HOU,2017,6,CLE,-11.212,-11.283
2017_07_TEN_CLE,2017,7,CLE,-11.283,-10.133
2017_08_MIN_CLE,2017,8,CLE,-10.133,-10.726
2017_10_CLE_DET,2017,10,CLE,-10.726,-10.267
2017_11_JAX_CLE,2017,11,CLE,-10.267,-9.271
2017_12_CLE_CIN,2017,12,CLE,-9.271,-10.071
2017_13_CLE_LAC,2017,13,CLE,-10.071,-10.792
2017_14_GB_CLE,2017,14,CLE,-10.792,-13.994
2017_15_BAL_CLE,2017,15,CLE,-13.994,-15.008
2017_16_CLE_CHI,2017,16,CLE,-15.008,-14.709
2017_17_CLE_PIT,2017,17,CLE,-14.709,-15.111
2018_01_PIT_CLE,2018,1,CLE,-9.686,-7.565
2018_02_CLE_NO,2018,2,CLE,-7.565,-7.038
2018_03_NYJ_CLE,2018,3,CLE,-7.038,-4.725
2018_04_CLE_OAK,2018,4,CLE,-4.725,-5.711
2018_05_BAL_CLE,2018,5,CLE,-5.711,-4.317
2018_06_LAC_CLE,2018,6,CLE,-4.317,-3.241
2018_07_CLE_TB,2018,7,CLE,-3.241,-3.276
2018_08_CLE_PIT,2018,8,CLE,-3.276,-3.207
2018_09_KC_CLE,2018,9,CLE,-3.207,-4.517
2018_10_ATL_CLE,2018,10,CLE,-4.517,-5.48
2018_12_CLE_CIN,2018,12,CLE,-5.48,-4.719
2018_13_CLE_HOU,2018,13,CLE,-4.719,-4.255
2018_14_CAR_CLE,2018,14,CLE,-4.255,-3.426
2018_15_CLE_DEN,2018,15,CLE,-3.426,-2.945
2018_16_CIN_CLE,2018,16,CLE,-2.945,-3.624
2018_17_CLE_BAL,2018,17,CLE,-3.624,-5.262
2019_01_TEN_CLE,2019,1,CLE,-3.373,-4.059
2019_02_CLE_NYJ,2019,2,CLE,-4.059,-2.252
2019_03_LAR_CLE,2019,3,CLE,-2.252,-2.035
2019_04_CLE_BAL,2019,4,CLE,-2.035,-2.467
2019_05_CLE_SF,2019,5,CLE,-2.467,-2.561
2019_06_SEA_CLE,2019,6,CLE,-2.561,-3.68
2019_08_CLE_NE,2019,8,CLE,-3.68,-2.812
2019_09_CLE_DEN,2019,9,CLE,-2.812,-3.315
2019_10_BUF_CLE,2019,10,CLE,-3.315,-4.527
2019_11_PIT_CLE,2019,11,CLE,-4.527,-1.624
2019_12_MIA_CLE,2019,12,CLE,-1.624,-1.593
2019_13_CLE_PIT,2019,13,CLE,-1.593,-1.691
2019_14_CIN_CLE,2019,14,CLE,-1.691,-1.197
2019_15_CLE_ARI,2019,15,CLE,-1.197,-2.514
2019_16_BAL_CLE,2019,16,CLE,-2.514,-4.145
2019_17_CLE_CIN,2019,17,CLE,-4.145,-3.907
2020_01_CLE_BAL,2020,1,CLE,-2.504,-3.665
2020_02_CIN_CLE,2020,2,CLE,-3.665,-5.035
2020_03_WAS_CLE,2020,3,CLE,-5.035,-3.829
2020_04_CLE_DAL,2020,4,CLE,-3.829,-5.95
2020_05_IND_CLE,2020,5,CLE,-5.95,-4.533
2020_06_CLE_PIT,2020,6,CLE,-4.533,-3.322
2020_07_CLE_CIN,2020,7,CLE,-3.322,-6.39
2020_08_OAK_CLE,2020,8,CLE,-6.39,-5.344
2020_10_HOU_CLE,2020,10,CLE,-5.344,-4.637
2020_11_PHI_CLE,2020,11,CLE,-4.637,-3.173
2020_12_CLE_JAX,2020,12,CLE,-3.173,-4.417
2020_13_CLE_TEN,2020,13,CLE,-4.417,-5.014
2020_14_BAL_CLE,2020,14,CLE,-5.014,-6.691
2020_15_CLE_NYG,2020,15,CLE,-6.691,-7.068
2020_16_CLE_NYJ,2020,16,CLE,-7.068,-7.03
2020_17_PIT_CLE,2020,17,CLE,-7.03,-7.724
2020_18_CLE_PIT,2020,18,CLE,-7.724,-9.318
2020_19_CLE_KC,2020,19,CLE,-9.318,-9.463
2021_01_CLE_KC,2021,1,CLE,-6.066,-7.724
2021_02_HOU_CLE,2021,2,CLE,-7.724,-8.914
2021_03_CHI_CLE,2021,3,CLE,-8.914,-4.373
2021_04_CLE_MIN,2021,4,CLE,-4.373,-2.005
2021_05_CLE_LAC,2021,5,CLE,-2.005,-4.665
2021_06_ARI_CLE,2021,6,CLE,-4.665,-4.804
2021_07_DEN_CLE,2021,7,CLE,-4.804,-4.5
2021_08_PIT_CLE,2021,8,CLE,-4.5,-4.519
2021_09_CLE_CIN,2021,9,CLE,-4.519,-2.361
2021_10_CLE_NE,2021,10,CLE,-2.361,-3.533
2021_11_DET_CLE,2021,11,CLE,-3.533,-2.077
2021_12_CLE_BAL,2021,12,CLE,-2.077,0.629
2021_14_BAL_CLE,2021,14,CLE,0.629,2.53
2021_15_OAK_CLE,2021,15,CLE,2.53,3.171
2021_16_CLE_GB,2021,16,CLE,3.171,2.659
2021_17_CLE_PIT,2021,17,CLE,2.659,4.39
2021_18_CIN_CLE,2021,18,CLE,4.39,5.16
2022_01_CLE_CAR,2022,1,CLE,3.308,3.588
2022_02_NYJ_CLE,2022,2,CLE,3.588,1.655
2022_03_PIT_CLE,2022,3,CLE,1.655,1.329
2022_04_CLE_ATL,2022,4,CLE,1.329,3.277
2022_05_LAC_CLE,2022,5,CLE,3.277,3.626
2022_06_NE_CLE,2022,6,CLE,3.626,1.707
2022_07_CLE_BAL,2022,7,CLE,1.707,3.234
2022_08_CIN_CLE,2022,8,CLE,3.234,4.428
2022_10_CLE_MIA,2022,10,CLE,4.428,2.468
2022_11_CLE_BUF,2022,11,CLE,2.468,3.96
2022_12_TB_CLE,2022,12,CLE,3.96,3.865
2022_13_CLE_HOU,2022,13,CLE,3.865,4.535
2022_14_CLE_CIN,2022,14,CLE,4.535,5.486
2022_15_BAL_CLE,2022,15,CLE,5.486,6.923
2022_16_NO_CLE,2022,16,CLE,6.923,7.407
2022_17_CLE_WAS,2022,17,CLE,7.407,9.35
2022_18_CLE_PIT,2022,18,CLE,9.35,9.386
2023_01_CIN_CLE,2023,1,CLE,6.016,8.763
2023_02_CLE_PIT,2023,2,CLE,8.763,9.528
2023_03_TEN_CLE,2023,3,CLE,9.528,11.796
2023_04_BAL_CLE,2023,4,CLE,11.796,10.365
2023_06_SF_CLE,2023,6,CLE,10.365,12.512
2023_07_CLE_IND,2023,7,CLE,12.512,10.32
2023_08_CLE_SEA,2023,8,CLE,10.32,10.366
2023_09_ARI_CLE,2023,9,CLE,10.366,13.341
2023_10_CLE_BAL,2023,10,CLE,13.341,14.654
2023_11_PIT_CLE,2023,11,CLE,14.654,15.53
2023_12_CLE_DEN,2023,12,CLE,15.53,14.916
2023_13_CLE_LAR,2023,13,CLE,14.916,12.808
2023_14_JAX_CLE,2023,14,CLE,12.808,14.252
2023_15_CHI_CLE,2023,15,CLE,14.252,15.871
2023_16_CLE_HOU,2023,16,CLE,15.871,18.142
2023_17_NYJ_CLE,2023,17,CLE,18.142,16.495
2023_18_CLE_CIN,2023,18,CLE,16.495,15.066
2023_19_CLE_HOU,2023,19,CLE,15.066,12.744
2024_01_DAL_CLE,2024,1,CLE,8.169,9.133
2024_02_CLE_JAX,2024,2,CLE,9.133,9.772
2024_03_NYG_CLE,2024,3,CLE,9.772,8.002
2024_04_CLE_OAK,2024,4,CLE,8.002,8.989
2024_05_CLE_WAS,2024,5,CLE,8.989,8.612
2024_06_CLE_PHI,2024,6,CLE,8.612,7.495
2024_07_CIN_CLE,2024,7,CLE,7.495,8.496
2024_08_BAL_CLE,2024,8,CLE,8.496,8.445
2024_09_LAC_CLE,2024,9,CLE,8.445,8.625
2024_11_CLE_NO,2024,11,CLE,8.625,7.082
2024_12_PIT_CLE,2024,12,CLE,7.082,6.542
2024_13_CLE_DEN,2024,13,CLE,6.542,7.198
2024_14_CLE_PIT,2024,14,CLE,7.198,7.077
2024_15_KC_CLE,2024,15,CLE,7.077,7.023
2024_16_CLE_CIN,2024,16,CLE,7.023,6.491
2024_17_MIA_CLE,2024,17,CLE,6.491,4.035
2024_18_CLE_BAL,2024,18,CLE,4.035,3.973
2025_01_CIN_CLE,2025,1,CLE,2.547,4.618
2025_02_CLE_BAL,2025,2,CLE,4.618,4.591
2025_03_GB_CLE,2025,3,CLE,4.591,5.942
2025_04_CLE_DET,2025,4,CLE,5.942,6.624
2025_05_MIN_CLE,2025,5,CLE,6.624,5.416
2025_06_CLE_PIT,2025,6,CLE,5.416,4.33
2025_07_MIA_CLE,2025,7,CLE,4.33,7.587
2025_08_CLE_NE,2025,8,CLE,7.587,7.12
2025_10_CLE_NYJ,2025,10,CLE,7.12,8.721
2025_11_BAL_CLE,2025,11,CLE,8.721,12.06
2025_12_CLE_OAK,2025,12,CLE,12.06,12.705
2025_13_SF_CLE,2025,13,CLE,12.705,12.212
2025_14_TEN_CLE,2025,14,CLE,12.212,12.182
2025_15_CLE_CHI,2025,15,CLE,12.182,10.935
2025_16_BUF_CLE,2025,16,CLE,10.935,12.504
2025_17_PIT_CLE,2025,17,CLE,12.504,13.428
2025_18_CLE_CIN,2025,18,CLE,13.428,12.302
2026_01_CLE_JAX,2026,1,CLE,7.886,5.873
1999_01_DAL_WAS,1999,1,DAL,0.0,-2.96
1999_02_ATL_DAL,1999,2,DAL,-2.96,-2.341
1999_04_ARI_DAL,1999,4,DAL,-2.341,-1.529
1999_05_DAL_PHI,1999,5,DAL,-1.529,-0.963
1999_06_DAL_NYG,1999,6,DAL,-0.963,-0.936
1999_07_WAS_DAL,1999,7,DAL,-0.936,-2.33
1999_08_DAL_IND,1999,8,DAL,-2.33,-3.654
1999_09_DAL_MIN,1999,9,DAL,-3.654,-3.689
1999_10_GB_DAL,1999,10,DAL,-3.689,-2.969
1999_11_DAL_ARI,1999,11,DAL,-2.969,-1.716
1999_12_MIA_DAL,1999,12,DAL,-1.716,1.633
1999_13_DAL_NE,1999,13,DAL,1.633,2.224
1999_14_PHI_DAL,1999,14,DAL,2.224,3.802
1999_15_NYJ_DAL,1999,15,DAL,3.802,2.179
1999_16_DAL_NO,1999,16,DAL,2.179,0.397
1999_17_NYG_DAL,1999,17,DAL,0.397,-0.88
1999_18_DAL_MIN,1999,18,DAL,-0.88,-1.562
2000_01_PHI_DAL,2000,1,DAL,-1.001,-1.231
2000_02_DAL_ARI,2000,2,DAL,-1.231,-3.375
2000_03_DAL_WAS,2000,3,DAL,-3.375,-3.206
2000_04_SF_DAL,2000,4,DAL,-3.206,-5.749
2000_05_DAL_CAR,2000,5,DAL,-5.749,-5.522
2000_07_DAL_NYG,2000,7,DAL,-5.522,-5.445
2000_08_ARI_DAL,2000,8,DAL,-5.445,-4.976
2000_09_JAX_DAL,2000,9,DAL,-4.976,-8.851
2000_10_DAL_PHI,2000,10,DAL,-8.851,-9.75
2000_11_CIN_DAL,2000,11,DAL,-9.75,-8.421
2000_12_DAL_BAL,2000,12,DAL,-8.421,-8.784
2000_13_MIN_DAL,2000,13,DAL,-8.784,-8.802
2000_14_DAL_TB,2000,14,DAL,-8.802,-7.685
2000_15_WAS_DAL,2000,15,DAL,-7.685,-6.163
2000_16_NYG_DAL,2000,16,DAL,-6.163,-4.663
2000_17_DAL_TEN,2000,17,DAL,-4.663,-4.974
2001_01_TB_DAL,2001,1,DAL,-3.188,-3.671
2001_02_LAC_DAL,2001,2,DAL,-3.671,-5.613
2001_03_DAL_PHI,2001,3,DAL,-5.613,-5.899
2001_04_DAL_OAK,2001,4,DAL,-5.899,-6.16
2001_05_WAS_DAL,2001,5,DAL,-6.16,-6.227
2001_07_ARI_DAL,2001,7,DAL,-6.227,-5.888
2001_08_DAL_NYG,2001,8,DAL,-5.888,-6.438
2001_09_DAL_ATL,2001,9,DAL,-6.438,-4.986
2001_10_PHI_DAL,2001,10,DAL,-4.986,-4.112
2001_11_DEN_DAL,2001,11,DAL,-4.112,-3.332
2001_12_DAL_WAS,2001,12,DAL,-3.332,-3.935
2001_13_NYG_DAL,2001,13,DAL,-3.935,-3.137
2001_14_DAL_SEA,2001,14,DAL,-3.137,-3.902
2001_15_DAL_ARI,2001,15,DAL,-3.902,-3.04
2001_16_SF_DAL,2001,16,DAL,-3.04,-4.389
2001_17_DAL_DET,2001,17,DAL,-4.389,-6.822
2002_01_DAL_HOU,2002,1,DAL,-4.373,-2.518
2002_02_TEN_DAL,2002,2,DAL,-2.518,-1.384
2002_03_DAL_PHI,2002,3,DAL,-1.384,-4.48
2002_04_DAL_LAR,2002,4,DAL,-4.48,-2.326
2002_05_NYG_DAL,2002,5,DAL,-2.326,-3.094
2002_06_CAR_DAL,2002,6,DAL,-3.094,-3.907
2002_07_DAL_ARI,2002,7,DAL,-3.907,-4.496
2002_08_SEA_DAL,2002,8,DAL,-4.496,-3.369
2002_09_DAL_DET,2002,9,DAL,-3.369,-1.062
2002_11_DAL_IND,2002,11,DAL,-1.062,-1.948
2002_12_JAX_DAL,2002,12,DAL,-1.948,-1.683
2002_13_WAS_DAL,2002,13,DAL,-1.683,-2.756
2002_14_SF_DAL,2002,14,DAL,-2.756,-5.761
2002_15_DAL_NYG,2002,15,DAL,-5.761,-5.444
2002_16_PHI_DAL,2002,16,DAL,-5.444,-5.394
2002_17_DAL_WAS,2002,17,DAL,-5.394,-4.563
2003_01_ATL_DAL,2003,1,DAL,-2.925,-4.326
2003_02_DAL_NYG,2003,2,DAL,-4.326,-3.014
2003_04_DAL_NYJ,2003,4,DAL,-3.014,-3.913
2003_05_ARI_DAL,2003,5,DAL,-3.913,-1.806
2003_06_PHI_DAL,2003,6,DAL,-1.806,-0.212
2003_07_DAL_DET,2003,7,DAL,-0.212,1.967
2003_08_DAL_TB,2003,8,DAL,1.967,3.109
2003_09_WAS_DAL,2003,9,DAL,3.109,3.188
2003_10_BUF_DAL,2003,10,DAL,3.188,4.469
2003_11_DAL_NE,2003,11,DAL,4.469,5.364
2003_12_CAR_DAL,2003,12,DAL,5.364,5.738
2003_13_MIA_DAL,2003,13,DAL,5.738,2.682
2003_14_DAL_PHI,2003,14,DAL,2.682,0.93
2003_15_DAL_WAS,2003,15,DAL,0.93,4.501
2003_16_NYG_DAL,2003,16,DAL,4.501,5.22
2003_17_DAL_NO,2003,17,DAL,5.22,5.423
2003_18_DAL_CAR,2003,18,DAL,5.423,3.882
2004_01_DAL_MIN,2004,1,DAL,2.488,0.032
2004_02_CLE_DAL,2004,2,DAL,0.032,3.485
2004_03_DAL_WAS,2004,3,DAL,3.485,2.723
2004_05_NYG_DAL,2004,5,DAL,2.723,3.079
2004_06_PIT_DAL,2004,6,DAL,3.079,1.456
2004_07_DAL_GB,2004,7,DAL,1.456,-0.234
2004_08_DET_DAL,2004,8,DAL,-0.234,-1.157
2004_09_DAL_CIN,2004,9,DAL,-1.157,-3.401
2004_10_PHI_DAL,2004,10,DAL,-3.401,-5.415
2004_11_DAL_BAL,2004,11,DAL,-5.415,-7.503
2004_12_CHI_DAL,2004,12,DAL,-7.503,-6.979
2004_13_DAL_SEA,2004,13,DAL,-6.979,-10.259
2004_14_NO_DAL,2004,14,DAL,-10.259,-9.464
2004_15_DAL_PHI,2004,15,DAL,-9.464,-7.638
2004_16_WAS_DAL,2004,16,DAL,-7.638,-6.633
2004_17_DAL_NYG,2004,17,DAL,-6.633,-7.742
2005_01_DAL_LAC,2005,1,DAL,-4.963,-3.493
2005_02_WAS_DAL,2005,2,DAL,-3.493,-4.218
2005_03_DAL_SF,2005,3,DAL,-4.218,-5.496
2005_04_DAL_OAK,2005,4,DAL,-5.496,-4.48
2005_05_PHI_DAL,2005,5,DAL,-4.48,-1.589
2005_06_NYG_DAL,2005,6,DAL,-1.589,-0.454
2005_07_DAL_SEA,2005,7,DAL,-0.454,0.52
2005_08_ARI_DAL,2005,8,DAL,0.52,2.212
2005_10_DAL_PHI,2005,10,DAL,2.212,3.035
2005_11_DET_DAL,2005,11,DAL,3.035,2.267
2005_12_DEN_DAL,2005,12,DAL,2.267,3.061
2005_13_DAL_NYG,2005,13,DAL,3.061,4.961
2005_14_KC_DAL,2005,14,DAL,4.961,3.935
2005_15_DAL_WAS,2005,15,DAL,3.935,1.813
2005_16_DAL_CAR,2005,16,DAL,1.813,2.411
2005_17_LAR_DAL,2005,17,DAL,2.411,2.391
2006_01_DAL_JAX,2006,1,DAL,1.532,0.293
2006_02_WAS_DAL,2006,2,DAL,0.293,2.043
2006_04_DAL_TEN,2006,4,DAL,2.043,3.473
2006_05_DAL_PHI,2006,5,DAL,3.473,2.461
2006_06_HOU_DAL,2006,6,DAL,2.461,3.326
2006_07_NYG_DAL,2006,7,DAL,3.326,3.762
2006_08_DAL_CAR,2006,8,DAL,3.762,5.488
2006_09_DAL_WAS,2006,9,DAL,5.488,4.841
2006_10_DAL_ARI,2006,10,DAL,4.841,4.573
2006_11_IND_DAL,2006,11,DAL,4.573,6.136
2006_12_TB_DAL,2006,12,DAL,6.136,6.932
2006_13_DAL_NYG,2006,13,DAL,6.932,4.078
2006_14_NO_DAL,2006,14,DAL,4.078,1.421
2006_15_DAL_ATL,2006,15,DAL,1.421,-0.116
2006_16_PHI_DAL,2006,16,DAL,-0.116,-0.502
2006_17_DET_DAL,2006,17,DAL,-0.502,-2.375
2006_18_DAL_SEA,2006,18,DAL,-2.375,-2.598
2007_01_NYG_DAL,2007,1,DAL,-1.666,-4.339
2007_02_DAL_MIA,2007,2,DAL,-4.339,-3.164
2007_03_DAL_CHI,2007,3,DAL,-3.164,-1.174
2007_04_LAR_DAL,2007,4,DAL,-1.174,1.242
2007_05_DAL_BUF,2007,5,DAL,1.242,1.034
2007_06_NE_DAL,2007,6,DAL,1.034,-1.273
2007_07_MIN_DAL,2007,7,DAL,-1.273,-0.059
2007_09_DAL_PHI,2007,9,DAL,-0.059,1.101
2007_10_DAL_NYG,2007,10,DAL,1.101,2.032
2007_11_WAS_DAL,2007,11,DAL,2.032,0.083
2007_12_NYJ_DAL,2007,12,DAL,0.083,1.542
2007_13_GB_DAL,2007,13,DAL,1.542,4.911
2007_14_DAL_DET,2007,14,DAL,4.911,4.177
2007_15_PHI_DAL,2007,15,DAL,4.177,4.037
2007_16_DAL_CAR,2007,16,DAL,4.037,4.697
2007_17_DAL_WAS,2007,17,DAL,4.697,3.586
2007_19_NYG_DAL,2007,19,DAL,3.586,3.162
2008_01_DAL_CLE,2008,1,DAL,2.027,2.146
2008_02_PHI_DAL,2008,2,DAL,2.146,1.958
2008_03_DAL_GB,2008,3,DAL,1.958,2.158
2008_04_WAS_DAL,2008,4,DAL,2.158,1.403
2008_05_CIN_DAL,2008,5,DAL,1.403,1.444
2008_06_DAL_ARI,2008,6,DAL,1.444,0.921
2008_07_DAL_LAR,2008,7,DAL,0.921,1.208
2008_08_TB_DAL,2008,8,DAL,1.208,1.325
2008_09_DAL_NYG,2008,9,DAL,1.325,2.047
2008_11_DAL_WAS,2008,11,DAL,2.047,2.249
2008_12_SF_DAL,2008,12,DAL,2.249,1.284
2008_13_SEA_DAL,2008,13,DAL,1.284,2.425
2008_14_DAL_PIT,2008,14,DAL,2.425,2.612
2008_15_NYG_DAL,2008,15,DAL,2.612,6.425
2008_16_BAL_DAL,2008,16,DAL,6.425,6.913
2008_17_DAL_PHI,2008,17,DAL,6.913,5.878
2009_01_DAL_TB,2009,1,DAL,3.768,2.077
2009_02_NYG_DAL,2009,2,DAL,2.077,-0.403
2009_03_CAR_DAL,2009,3,DAL,-0.403,-0.0
2009_04_DAL_DEN,2009,4,DAL,-0.0,-0.899
2009_05_DAL_KC,2009,5,DAL,-0.899,-1.377
2009_07_ATL_DAL,2009,7,DAL,-1.377,0.336
2009_08_SEA_DAL,2009,8,DAL,0.336,-0.265
2009_09_DAL_PHI,2009,9,DAL,-0.265,1.927
2009_10_DAL_GB,2009,10,DAL,1.927,1.783
2009_11_WAS_DAL,2009,11,DAL,1.783,1.498
2009_12_OAK_DAL,2009,12,DAL,1.498,0.714
2009_13_DAL_NYG,2009,13,DAL,0.714,0.908
2009_14_LAC_DAL,2009,14,DAL,0.908,1.309
2009_15_DAL_NO,2009,15,DAL,1.309,2.781
2009_16_DAL_WAS,2009,16,DAL,2.781,3.743
2009_17_PHI_DAL,2009,17,DAL,3.743,5.059
2009_18_PHI_DAL,2009,18,DAL,5.059,6.37
2009_19_DAL_MIN,2009,19,DAL,6.37,5.7
2010_01_DAL_WAS,2010,1,DAL,3.654,4.47
2010_02_CHI_DAL,2010,2,DAL,4.47,2.308
2010_03_DAL_HOU,2010,3,DAL,2.308,3.625
2010_05_TEN_DAL,2010,5,DAL,3.625,3.559
2010_06_DAL_MIN,2010,6,DAL,3.559,3.915
2010_07_NYG_DAL,2010,7,DAL,3.915,2.61
2010_08_JAX_DAL,2010,8,DAL,2.61,-0.172
2010_09_DAL_GB,2010,9,DAL,-0.172,-2.945
2010_10_DAL_NYG,2010,10,DAL,-2.945,-4.55
2010_11_DET_DAL,2010,11,DAL,-4.55,-5.128
2010_12_NO_DAL,2010,12,DAL,-5.128,-4.157
2010_13_DAL_IND,2010,13,DAL,-4.157,-4.156
2010_14_PHI_DAL,2010,14,DAL,-4.156,-3.679
2010_15_WAS_DAL,2010,15,DAL,-3.679,-4.352
2010_16_DAL_ARI,2010,16,DAL,-4.352,-4.924
2010_17_DAL_PHI,2010,17,DAL,-4.924,-1.647
2011_01_DAL_NYJ,2011,1,DAL,-1.055,-1.333
2011_02_DAL_SF,2011,2,DAL,-1.333,-0.54
2011_03_WAS_DAL,2011,3,DAL,-0.54,-0.53
2011_04_DET_DAL,2011,4,DAL,-0.53,-0.328
2011_06_DAL_NE,2011,6,DAL,-0.328,0.669
2011_07_LAR_DAL,2011,7,DAL,0.669,0.858
2011_08_DAL_PHI,2011,8,DAL,0.858,-0.063
2011_09_SEA_DAL,2011,9,DAL,-0.063,1.243
2011_10_BUF_DAL,2011,10,DAL,1.243,2.661
2011_11_DAL_WAS,2011,11,DAL,2.661,0.513
2011_12_MIA_DAL,2011,12,DAL,0.513,0.224
2011_13_DAL_ARI,2011,13,DAL,0.224,-0.194
2011_14_NYG_DAL,2011,14,DAL,-0.194,-1.188
2011_15_DAL_TB,2011,15,DAL,-1.188,-1.219
2011_16_PHI_DAL,2011,16,DAL,-1.219,-1.518
2011_17_DAL_NYG,2011,17,DAL,-1.518,-3.628
2012_01_DAL_NYG,2012,1,DAL,-2.325,-1.846
2012_02_DAL_SEA,2012,2,DAL,-1.846,-2.993
2012_03_TB_DAL,2012,3,DAL,-2.993,-0.722
2012_04_CHI_DAL,2012,4,DAL,-0.722,-2.413
2012_06_DAL_BAL,2012,6,DAL,-2.413,-3.007
2012_07_DAL_CAR,2012,7,DAL,-3.007,-3.197
2012_08_NYG_DAL,2012,8,DAL,-3.197,-1.367
2012_09_DAL_ATL,2012,9,DAL,-1.367,-1.431
2012_10_DAL_PHI,2012,10,DAL,-1.431,-0.719
2012_11_CLE_DAL,2012,11,DAL,-0.719,-1.454
2012_12_WAS_DAL,2012,12,DAL,-1.454,-2.498
2012_13_PHI_DAL,2012,13,DAL,-2.498,-4.028
2012_14_DAL_CIN,2012,14,DAL,-4.028,-2.11
2012_15_PIT_DAL,2012,15,DAL,-2.11,-1.743
2012_16_NO_DAL,2012,16,DAL,-1.743,-4.585
2012_17_DAL_WAS,2012,17,DAL,-4.585,-4.149
2013_01_NYG_DAL,2013,1,DAL,-2.659,-3.724
2013_02_DAL_KC,2013,2,DAL,-3.724,-4.292
2013_03_LAR_DAL,2013,3,DAL,-4.292,-2.911
2013_04_DAL_LAC,2013,4,DAL,-2.911,-5.633
2013_05_DEN_DAL,2013,5,DAL,-5.633,-7.873
2013_06_WAS_DAL,2013,6,DAL,-7.873,-6.769
2013_07_DAL_PHI,2013,7,DAL,-6.769,-4.575
2013_08_DAL_DET,2013,8,DAL,-4.575,-6.195
2013_09_MIN_DAL,2013,9,DAL,-6.195,-7.3
2013_10_DAL_NO,2013,10,DAL,-7.3,-9.904
2013_12_DAL_NYG,2013,12,DAL,-9.904,-9.917
2013_13_OAK_DAL,2013,13,DAL,-9.917,-10.001
2013_14_DAL_CHI,2013,14,DAL,-10.001,-14.544
2013_15_GB_DAL,2013,15,DAL,-14.544,-16.198
2013_16_DAL_WAS,2013,16,DAL,-16.198,-16.041
2013_17_PHI_DAL,2013,17,DAL,-16.041,-14.602
2014_01_SF_DAL,2014,1,DAL,-9.36,-9.455
2014_02_DAL_TEN,2014,2,DAL,-9.455,-8.056
2014_03_DAL_LAR,2014,3,DAL,-8.056,-10.315
2014_04_NO_DAL,2014,4,DAL,-10.315,-10.739
2014_05_HOU_DAL,2014,5,DAL,-10.739,-9.546
2014_06_DAL_SEA,2014,6,DAL,-9.546,-7.333
2014_07_NYG_DAL,2014,7,DAL,-7.333,-9.024
2014_08_WAS_DAL,2014,8,DAL,-9.024,-10.066
2014_09_ARI_DAL,2014,9,DAL,-10.066,-10.011
2014_10_DAL_JAX,2014,10,DAL,-10.011,-8.875
2014_12_DAL_NYG,2014,12,DAL,-8.875,-10.401
2014_13_PHI_DAL,2014,13,DAL,-10.401,-12.07
2014_14_DAL_CHI,2014,14,DAL,-12.07,-14.163
2014_15_DAL_PHI,2014,15,DAL,-14.163,-12.278
2014_16_IND_DAL,2014,16,DAL,-12.278,-9.41
2014_17_DAL_WAS,2014,17,DAL,-9.41,-10.046
2014_18_DET_DAL,2014,18,DAL,-10.046,-10.203
2014_19_DAL_GB,2014,19,DAL,-10.203,-10.349
2015_01_NYG_DAL,2015,1,DAL,-6.634,-5.803
2015_02_DAL_PHI,2015,2,DAL,-5.803,-5.181
2015_03_ATL_DAL,2015,3,DAL,-5.181,-6.155
2015_04_DAL_NO,2015,4,DAL,-6.155,-7.305
2015_05_NE_DAL,2015,5,DAL,-7.305,-6.7
2015_07_DAL_NYG,2015,7,DAL,-6.7,-4.878
2015_08_SEA_DAL,2015,8,DAL,-4.878,-5.088
2015_09_PHI_DAL,2015,9,DAL,-5.088,-6.327
2015_10_DAL_TB,2015,10,DAL,-6.327,-5.436
2015_11_DAL_MIA,2015,11,DAL,-5.436,-4.413
2015_12_CAR_DAL,2015,12,DAL,-4.413,-4.329
2015_13_DAL_WAS,2015,13,DAL,-4.329,-4.081
2015_14_DAL_GB,2015,14,DAL,-4.081,-4.215
2015_15_NYJ_DAL,2015,15,DAL,-4.215,-4.043
2015_16_DAL_BUF,2015,16,DAL,-4.043,-3.382
2015_17_WAS_DAL,2015,17,DAL,-3.382,-3.923
2016_01_NYG_DAL,2016,1,DAL,-2.515,-2.714
2016_02_DAL_WAS,2016,2,DAL,-2.714,-2.88
2016_03_CHI_DAL,2016,3,DAL,-2.88,-4.73
2016_04_DAL_SF,2016,4,DAL,-4.73,-4.809
2016_05_CIN_DAL,2016,5,DAL,-4.809,-5.517
2016_06_DAL_GB,2016,6,DAL,-5.517,-5.823
2016_08_PHI_DAL,2016,8,DAL,-5.823,-5.968
2016_09_DAL_CLE,2016,9,DAL,-5.968,-5.968
2016_10_DAL_PIT,2016,10,DAL,-5.968,-8.986
2016_11_BAL_DAL,2016,11,DAL,-8.986,-9.642
2016_12_WAS_DAL,2016,12,DAL,-9.642,-12.582
2016_13_DAL_MIN,2016,13,DAL,-12.582,-12.873
2016_14_DAL_NYG,2016,14,DAL,-12.873,-11.056
2016_15_TB_DAL,2016,15,DAL,-11.056,-8.34
2016_16_DET_DAL,2016,16,DAL,-8.34,-6.586
2016_17_DAL_PHI,2016,17,DAL,-6.586,-7.637
2016_19_GB_DAL,2016,19,DAL,-7.637,-6.95
2017_01_NYG_DAL,2017,1,DAL,-4.455,-3.655
2017_02_DAL_DEN,2017,2,DAL,-3.655,-4.979
2017_03_DAL_ARI,2017,3,DAL,-4.979,-4.863
2017_04_LAR_DAL,2017,4,DAL,-4.863,-5.743
2017_05_GB_DAL,2017,5,DAL,-5.743,-5.637
2017_07_DAL_SF,2017,7,DAL,-5.637,-5.744
2017_08_DAL_WAS,2017,8,DAL,-5.744,-3.918
2017_09_KC_DAL,2017,9,DAL,-3.918,-3.951
2017_10_DAL_ATL,2017,10,DAL,-3.951,-3.935
2017_11_PHI_DAL,2017,11,DAL,-3.935,-3.655
2017_12_LAC_DAL,2017,12,DAL,-3.655,-6.749
2017_13_WAS_DAL,2017,13,DAL,-6.749,-5.227
2017_14_DAL_NYG,2017,14,DAL,-5.227,-5.312
2017_15_DAL_OAK,2017,15,DAL,-5.312,-6.033
2017_16_SEA_DAL,2017,16,DAL,-6.033,-4.656
2017_17_DAL_PHI,2017,17,DAL,-4.656,-5.41
2018_01_DAL_CAR,2018,1,DAL,-3.468,-3.513
2018_02_NYG_DAL,2018,2,DAL,-3.513,-3.442
2018_03_DAL_SEA,2018,3,DAL,-3.442,-3.135
2018_04_DET_DAL,2018,4,DAL,-3.135,-4.119
2018_05_DAL_HOU,2018,5,DAL,-4.119,-5.781
2018_06_JAX_DAL,2018,6,DAL,-5.781,-3.967
2018_07_DAL_WAS,2018,7,DAL,-3.967,-3.636
2018_09_TEN_DAL,2018,9,DAL,-3.636,-4.984
2018_10_DAL_PHI,2018,10,DAL,-4.984,-5.69
2018_11_DAL_ATL,2018,11,DAL,-5.69,-4.309
2018_12_WAS_DAL,2018,12,DAL,-4.309,-4.051
2018_13_NO_DAL,2018,13,DAL,-4.051,-1.056
2018_14_PHI_DAL,2018,14,DAL,-1.056,-1.384
2018_15_DAL_IND,2018,15,DAL,-1.384,-0.296
2018_16_TB_DAL,2018,16,DAL,-0.296,-1.54
2018_17_DAL_NYG,2018,17,DAL,-1.54,-2.152
2018_18_SEA_DAL,2018,18,DAL,-2.152,-3.047
2018_19_DAL_LAR,2018,19,DAL,-3.047,-2.035
2019_01_NYG_DAL,2019,1,DAL,-1.305,-2.619
2019_02_DAL_WAS,2019,2,DAL,-2.619,-3.373
2019_03_MIA_DAL,2019,3,DAL,-3.373,-2.599
2019_04_DAL_NO,2019,4,DAL,-2.599,-1.266
2019_05_GB_DAL,2019,5,DAL,-1.266,-0.011
2019_06_DAL_NYJ,2019,6,DAL,-0.011,-1.243
2019_07_PHI_DAL,2019,7,DAL,-1.243,0.377
2019_09_DAL_NYG,2019,9,DAL,0.377,0.684
2019_10_MIN_DAL,2019,10,DAL,0.684,0.139
2019_11_DAL_DET,2019,11,DAL,0.139,-1.651
2019_12_DAL_NE,2019,12,DAL,-1.651,0.023
2019_13_BUF_DAL,2019,13,DAL,0.023,-0.656
2019_14_DAL_CHI,2019,14,DAL,-0.656,-3.217
2019_15_LAR_DAL,2019,15,DAL,-3.217,-3.386
2019_16_DAL_PHI,2019,16,DAL,-3.386,-4.847
2019_17_WAS_DAL,2019,17,DAL,-4.847,-3.48
2020_01_DAL_LAR,2020,1,DAL,-2.231,-1.782
2020_02_ATL_DAL,2020,2,DAL,-1.782,-3.318
2020_03_DAL_SEA,2020,3,DAL,-3.318,-4.554
2020_04_CLE_DAL,2020,4,DAL,-4.554,-4.456
2020_05_NYG_DAL,2020,5,DAL,-4.456,-3.615
2020_06_ARI_DAL,2020,6,DAL,-3.615,-4.098
2020_07_DAL_WAS,2020,7,DAL,-4.098,-4.462
2020_08_DAL_PHI,2020,8,DAL,-4.462,-2.369
2020_09_PIT_DAL,2020,9,DAL,-2.369,-4.447
2020_11_DAL_MIN,2020,11,DAL,-4.447,-6.014
2020_12_WAS_DAL,2020,12,DAL,-6.014,-4.468
2020_13_DAL_BAL,2020,13,DAL,-4.468,-5.388
2020_14_DAL_CIN,2020,14,DAL,-5.388,-7.406
2020_15_SF_DAL,2020,15,DAL,-7.406,-6.636
2020_16_PHI_DAL,2020,16,DAL,-6.636,-6.848
2020_17_DAL_NYG,2020,17,DAL,-6.848,-7.03
2021_01_DAL_TB,2021,1,DAL,-4.506,-5.617
2021_02_DAL_LAC,2021,2,DAL,-5.617,-5.425
2021_03_PHI_DAL,2021,3,DAL,-5.425,-5.597
2021_04_CAR_DAL,2021,4,DAL,-5.597,-6.355
2021_05_NYG_DAL,2021,5,DAL,-6.355,-4.432
2021_06_DAL_NE,2021,6,DAL,-4.432,-4.333
2021_08_DAL_MIN,2021,8,DAL,-4.333,-3.699
2021_09_DEN_DAL,2021,9,DAL,-3.699,-3.561
2021_10_ATL_DAL,2021,10,DAL,-3.561,0.204
2021_11_DAL_KC,2021,11,DAL,0.204,2.198
2021_12_OAK_DAL,2021,12,DAL,2.198,1.493
2021_14_DAL_WAS,2021,14,DAL,1.493,3.671
2021_15_DAL_NYG,2021,15,DAL,3.671,5.768
2021_16_WAS_DAL,2021,16,DAL,5.768,8.8
2021_17_ARI_DAL,2021,17,DAL,8.8,7.545
2021_18_DAL_PHI,2021,18,DAL,7.545,8.314
2021_19_SF_DAL,2021,19,DAL,8.314,8.882
2022_01_TB_DAL,2022,1,DAL,5.693,7.028
2022_02_CIN_DAL,2022,2,DAL,7.028,7.796
2022_03_DAL_NYG,2022,3,DAL,7.796,8.503
2022_04_WAS_DAL,2022,4,DAL,8.503,9.622
2022_05_DAL_LAR,2022,5,DAL,9.622,9.829
2022_06_DAL_PHI,2022,6,DAL,9.829,10.772
2022_07_DET_DAL,2022,7,DAL,10.772,12.369
2022_08_CHI_DAL,2022,8,DAL,12.369,10.259
2022_10_DAL_GB,2022,10,DAL,10.259,9.3
2022_11_DAL_MIN,2022,11,DAL,9.3,12.505
2022_12_NYG_DAL,2022,12,DAL,12.505,12.423
2022_13_IND_DAL,2022,13,DAL,12.423,13.984
2022_14_HOU_DAL,2022,14,DAL,13.984,13.345
2022_15_DAL_JAX,2022,15,DAL,13.345,11.194
2022_16_PHI_DAL,2022,16,DAL,11.194,9.67
2022_17_DAL_TEN,2022,17,DAL,9.67,9.525
2022_18_DAL_WAS,2022,18,DAL,9.525,8.73
2022_19_DAL_TB,2022,19,DAL,8.73,9.281
2022_20_DAL_SF,2022,20,DAL,9.281,8.981
2023_01_DAL_NYG,2023,1,DAL,5.757,9.711
2023_02_NYJ_DAL,2023,2,DAL,9.711,11.155
2023_03_DAL_ARI,2023,3,DAL,11.155,9.127
2023_04_NE_DAL,2023,4,DAL,9.127,10.74
2023_05_DAL_SF,2023,5,DAL,10.74,8.642
2023_06_DAL_LAC,2023,6,DAL,8.642,8.751
2023_08_LAR_DAL,2023,8,DAL,8.751,9.109
2023_09_DAL_PHI,2023,9,DAL,9.109,8.598
2023_10_NYG_DAL,2023,10,DAL,8.598,9.254
2023_11_DAL_CAR,2023,11,DAL,9.254,11.39
2023_12_WAS_DAL,2023,12,DAL,11.39,10.923
2023_13_SEA_DAL,2023,13,DAL,10.923,8.46
2023_14_PHI_DAL,2023,14,DAL,8.46,9.009
2023_15_DAL_BUF,2023,15,DAL,9.009,10.245
2023_16_DAL_MIA,2023,16,DAL,10.245,9.537
2023_17_DET_DAL,2023,17,DAL,9.537,10.481
2023_18_DAL_WAS,2023,18,DAL,10.481,11.495
2023_19_GB_DAL,2023,19,DAL,11.495,9.79
2024_01_DAL_CLE,2024,1,DAL,6.276,8.508
2024_02_NO_DAL,2024,2,DAL,8.508,7.636
2024_03_BAL_DAL,2024,3,DAL,7.636,5.773
2024_04_DAL_NYG,2024,4,DAL,5.773,5.052
2024_05_DAL_PIT,2024,5,DAL,5.052,5.601
2024_06_DET_DAL,2024,6,DAL,5.601,4.03
2024_08_DAL_SF,2024,8,DAL,4.03,2.342
2024_09_DAL_ATL,2024,9,DAL,2.342,1.851
2024_10_PHI_DAL,2024,10,DAL,1.851,1.462
2024_11_HOU_DAL,2024,11,DAL,1.462,0.992
2024_12_DAL_WAS,2024,12,DAL,0.992,-0.023
2024_13_NYG_DAL,2024,13,DAL,-0.023,0.639
2024_14_CIN_DAL,2024,14,DAL,0.639,-0.378
2024_15_DAL_CAR,2024,15,DAL,-0.378,0.474
2024_16_TB_DAL,2024,16,DAL,0.474,-0.191
2024_17_DAL_PHI,2024,17,DAL,-0.191,-1.079
2024_18_WAS_DAL,2024,18,DAL,-1.079,2.019
2025_01_DAL_PHI,2025,1,DAL,1.294,-0.039
2025_02_NYG_DAL,2025,2,DAL,-0.039,-2.464
2025_03_DAL_CHI,2025,3,DAL,-2.464,-5.037
2025_04_GB_DAL,2025,4,DAL,-5.037,-7.666
2025_05_DAL_NYJ,2025,5,DAL,-7.666,-7.705
2025_06_DAL_CAR,2025,6,DAL,-7.705,-8.392
2025_07_WAS_DAL,2025,7,DAL,-8.392,-7.717
2025_08_DAL_DEN,2025,8,DAL,-7.717,-8.224
2025_09_ARI_DAL,2025,9,DAL,-8.224,-8.56
2025_11_DAL_OAK,2025,11,DAL,-8.56,-7.841
2025_12_PHI_DAL,2025,12,DAL,-7.841,-9.702
2025_13_KC_DAL,2025,13,DAL,-9.702,-10.444
2025_14_DAL_DET,2025,14,DAL,-10.444,-10.714
2025_15_MIN_DAL,2025,15,DAL,-10.714,-12.464
2025_16_LAC_DAL,2025,16,DAL,-12.464,-15.568
2025_17_DAL_WAS,2025,17,DAL,-15.568,-15.687
2025_18_DAL_NYG,2025,18,DAL,-15.687,-15.639
2026_01_DAL_NYG,2026,1,DAL,-10.025,-11.792
1999_01_MIA_DEN,1999,1,DEN,0.0,-2.017
1999_02_DEN_KC,1999,2,DEN,-2.017,-2.593
1999_03_DEN_TB,1999,3,DEN,-2.593,-1.562
1999_04_NYJ_DEN,1999,4,DEN,-1.562,-1.262
1999_05_DEN_OAK,1999,5,DEN,-1.262,-0.331
1999_06_GB_DEN,1999,6,DEN,-0.331,2.301
1999_07_DEN_NE,1999,7,DEN,2.301,2.879
1999_08_MIN_DEN,1999,8,DEN,2.879,1.81
1999_09_DEN_LAC,1999,9,DEN,1.81,1.258
1999_10_DEN_SEA,1999,10,DEN,1.258,0.48
1999_11_OAK_DEN,1999,11,DEN,0.48,1.269
1999_13_KC_DEN,1999,13,DEN,1.269,1.099
1999_14_DEN_JAX,1999,14,DEN,1.099,2.689
1999_15_SEA_DEN,1999,15,DEN,2.689,1.326
1999_16_DEN_DET,1999,16,DEN,1.326,0.943
1999_17_LAC_DEN,1999,17,DEN,0.943,2.27
2000_01_DEN_LAR,2000,1,DEN,1.455,0.182
2000_02_ATL_DEN,2000,2,DEN,0.182,1.359
2000_03_DEN_OAK,2000,3,DEN,1.359,2.509
2000_04_KC_DEN,2000,4,DEN,2.509,1.817
2000_05_NE_DEN,2000,5,DEN,1.817,-0.068
2000_06_DEN_LAC,2000,6,DEN,-0.068,2.439
2000_07_CLE_DEN,2000,7,DEN,2.439,3.892
2000_08_DEN_CIN,2000,8,DEN,3.892,4.279
2000_10_DEN_NYJ,2000,10,DEN,4.279,3.956
2000_11_OAK_DEN,2000,11,DEN,3.956,4.078
2000_12_LAC_DEN,2000,12,DEN,4.078,2.234
2000_13_DEN_SEA,2000,13,DEN,2.234,2.477
2000_14_DEN_NO,2000,14,DEN,2.477,0.257
2000_15_SEA_DEN,2000,15,DEN,0.257,-1.783
2000_16_DEN_KC,2000,16,DEN,-1.783,-2.331
2000_17_SF_DEN,2000,17,DEN,-2.331,1.257
2000_18_DEN_BAL,2000,18,DEN,1.257,0.297
2001_01_NYG_DEN,2001,1,DEN,0.19,-0.88
2001_02_DEN_ARI,2001,2,DEN,-0.88,-1.344
2001_03_BAL_DEN,2001,3,DEN,-1.344,-1.603
2001_04_KC_DEN,2001,4,DEN,-1.603,0.625
2001_05_DEN_SEA,2001,5,DEN,0.625,0.739
2001_06_DEN_LAC,2001,6,DEN,0.739,0.149
2001_07_NE_DEN,2001,7,DEN,0.149,0.895
2001_08_DEN_OAK,2001,8,DEN,0.895,-1.441
2001_09_LAC_DEN,2001,9,DEN,-1.441,1.47
2001_10_WAS_DEN,2001,10,DEN,1.47,2.466
2001_11_DEN_DAL,2001,11,DEN,2.466,2.658
2001_12_DEN_MIA,2001,12,DEN,2.658,1.831
2001_13_SEA_DEN,2001,13,DEN,1.831,2.794
2001_14_DEN_KC,2001,14,DEN,2.794,2.247
2001_16_OAK_DEN,2001,16,DEN,2.247,1.886
2001_17_DEN_IND,2001,17,DEN,1.886,2.339
2002_01_LAR_DEN,2002,1,DEN,1.5,1.069
2002_02_DEN_SF,2002,2,DEN,1.069,0.381
2002_03_BUF_DEN,2002,3,DEN,0.381,-0.624
2002_04_DEN_BAL,2002,4,DEN,-0.624,-1.603
2002_05_LAC_DEN,2002,5,DEN,-1.603,-2.504
2002_06_MIA_DEN,2002,6,DEN,-2.504,-1.755
2002_07_DEN_KC,2002,7,DEN,-1.755,-0.616
2002_08_DEN_NE,2002,8,DEN,-0.616,0.96
2002_10_OAK_DEN,2002,10,DEN,0.96,-2.226
2002_11_DEN_SEA,2002,11,DEN,-2.226,-0.43
2002_12_IND_DEN,2002,12,DEN,-0.43,0.582
2002_13_DEN_LAC,2002,13,DEN,0.582,-0.325
2002_14_DEN_NYJ,2002,14,DEN,-0.325,-0.492
2002_15_KC_DEN,2002,15,DEN,-0.492,-0.969
2002_16_DEN_OAK,2002,16,DEN,-0.969,-0.37
2002_17_ARI_DEN,2002,17,DEN,-0.37,-0.571
2003_01_DEN_CIN,2003,1,DEN,-0.366,1.001
2003_02_DEN_LAC,2003,2,DEN,1.001,1.221
2003_03_OAK_DEN,2003,3,DEN,1.221,3.715
2003_04_DET_DEN,2003,4,DEN,3.715,3.086
2003_05_DEN_KC,2003,5,DEN,3.086,3.142
2003_06_PIT_DEN,2003,6,DEN,3.142,4.604
2003_07_DEN_MIN,2003,7,DEN,4.604,3.409
2003_08_DEN_BAL,2003,8,DEN,3.409,2.688
2003_09_NE_DEN,2003,9,DEN,2.688,0.661
2003_11_LAC_DEN,2003,11,DEN,0.661,2.878
2003_12_CHI_DEN,2003,12,DEN,2.878,2.884
2003_13_DEN_OAK,2003,13,DEN,2.884,3.531
2003_14_KC_DEN,2003,14,DEN,3.531,1.294
2003_15_CLE_DEN,2003,15,DEN,1.294,1.023
2003_16_DEN_IND,2003,16,DEN,1.023,3.112
2003_17_DEN_GB,2003,17,DEN,3.112,4.243
2003_18_DEN_IND,2003,18,DEN,4.243,0.514
2004_01_KC_DEN,2004,1,DEN,0.329,1.733
2004_02_DEN_JAX,2004,2,DEN,1.733,1.48
2004_03_LAC_DEN,2004,3,DEN,1.48,1.911
2004_04_DEN_TB,2004,4,DEN,1.911,1.288
2004_05_CAR_DEN,2004,5,DEN,1.288,0.315
2004_06_DEN_OAK,2004,6,DEN,0.315,2.062
2004_07_DEN_CIN,2004,7,DEN,2.062,1.706
2004_08_ATL_DEN,2004,8,DEN,1.706,-2.488
2004_09_HOU_DEN,2004,9,DEN,-2.488,-1.477
2004_11_DEN_NO,2004,11,DEN,-1.477,-1.019
2004_12_OAK_DEN,2004,12,DEN,-1.019,-3.23
2004_13_DEN_LAC,2004,13,DEN,-3.23,-0.612
2004_14_MIA_DEN,2004,14,DEN,-0.612,0.357
2004_15_DEN_KC,2004,15,DEN,0.357,-0.861
2004_16_DEN_TEN,2004,16,DEN,-0.861,2.776
2004_17_IND_DEN,2004,17,DEN,2.776,1.344
2004_18_DEN_IND,2004,18,DEN,1.344,-1.614
2005_01_DEN_MIA,2005,1,DEN,-1.034,-2.803
2005_02_LAC_DEN,2005,2,DEN,-2.803,-0.925
2005_03_KC_DEN,2005,3,DEN,-0.925,-0.23
2005_04_DEN_JAX,2005,4,DEN,-0.23,0.283
2005_05_WAS_DEN,2005,5,DEN,0.283,-2.134
2005_06_NE_DEN,2005,6,DEN,-2.134,-2.611
2005_07_DEN_NYG,2005,7,DEN,-2.611,-3.458
2005_08_PHI_DEN,2005,8,DEN,-3.458,-2.283
2005_10_DEN_OAK,2005,10,DEN,-2.283,-0.845
2005_11_NYJ_DEN,2005,11,DEN,-0.845,-0.54
2005_12_DEN_DAL,2005,12,DEN,-0.54,-1.562
2005_13_DEN_KC,2005,13,DEN,-1.562,-2.185
2005_14_BAL_DEN,2005,14,DEN,-2.185,-2.176
2005_15_DEN_BUF,2005,15,DEN,-2.176,-2.987
2005_16_OAK_DEN,2005,16,DEN,-2.987,-1.548
2005_17_DEN_LAC,2005,17,DEN,-1.548,0.185
2005_19_NE_DEN,2005,19,DEN,0.185,0.545
2005_20_PIT_DEN,2005,20,DEN,0.545,-1.77
2006_01_DEN_LAR,2006,1,DEN,-1.135,0.147
2006_02_KC_DEN,2006,2,DEN,0.147,-0.711
2006_03_DEN_NE,2006,3,DEN,-0.711,-1.87
2006_05_BAL_DEN,2006,5,DEN,-1.87,0.192
2006_06_OAK_DEN,2006,6,DEN,0.192,0.922
2006_07_DEN_CLE,2006,7,DEN,0.922,1.935
2006_08_IND_DEN,2006,8,DEN,1.935,-0.667
2006_09_DEN_PIT,2006,9,DEN,-0.667,-1.43
2006_10_DEN_OAK,2006,10,DEN,-1.43,-2.143
2006_11_LAC_DEN,2006,11,DEN,-2.143,-2.219
2006_12_DEN_KC,2006,12,DEN,-2.219,-1.272
2006_13_SEA_DEN,2006,13,DEN,-1.272,-0.834
2006_14_DEN_LAC,2006,14,DEN,-0.834,-2.244
2006_15_DEN_ARI,2006,15,DEN,-2.244,-1.013
2006_16_CIN_DEN,2006,16,DEN,-1.013,0.247
2006_17_SF_DEN,2006,17,DEN,0.247,1.1
2007_01_DEN_BUF,2007,1,DEN,0.705,1.613
2007_02_OAK_DEN,2007,2,DEN,1.613,4.252
2007_03_JAX_DEN,2007,3,DEN,4.252,3.567
2007_04_DEN_IND,2007,4,DEN,3.567,2.129
2007_05_LAC_DEN,2007,5,DEN,2.129,-0.507
2007_07_PIT_DEN,2007,7,DEN,-0.507,-1.701
2007_08_GB_DEN,2007,8,DEN,-1.701,-3.474
2007_09_DEN_DET,2007,9,DEN,-3.474,-4.455
2007_10_DEN_KC,2007,10,DEN,-4.455,-2.267
2007_11_TEN_DEN,2007,11,DEN,-2.267,-4.76
2007_12_DEN_CHI,2007,12,DEN,-4.76,-4.269
2007_13_DEN_OAK,2007,13,DEN,-4.269,-6.461
2007_14_KC_DEN,2007,14,DEN,-6.461,-5.158
2007_15_DEN_HOU,2007,15,DEN,-5.158,-6.29
2007_16_DEN_LAC,2007,16,DEN,-6.29,-6.815
2007_17_MIN_DEN,2007,17,DEN,-6.815,-7.387
2008_01_DEN_OAK,2008,1,DEN,-4.735,-5.553
2008_02_LAC_DEN,2008,2,DEN,-5.553,-7.367
2008_03_NO_DEN,2008,3,DEN,-7.367,-9.685
2008_04_DEN_KC,2008,4,DEN,-9.685,-10.569
2008_05_TB_DEN,2008,5,DEN,-10.569,-9.169
2008_06_JAX_DEN,2008,6,DEN,-9.169,-9.728
2008_07_DEN_NE,2008,7,DEN,-9.728,-10.118
2008_09_MIA_DEN,2008,9,DEN,-10.118,-8.922
2008_10_DEN_CLE,2008,10,DEN,-8.922,-10.639
2008_11_DEN_ATL,2008,11,DEN,-10.639,-10.459
2008_12_OAK_DEN,2008,12,DEN,-10.459,-11.71
2008_13_DEN_NYJ,2008,13,DEN,-11.71,-9.998
2008_14_KC_DEN,2008,14,DEN,-9.998,-10.467
2008_15_DEN_CAR,2008,15,DEN,-10.467,-10.794
2008_16_BUF_DEN,2008,16,DEN,-10.794,-11.681
2008_17_DEN_LAC,2008,17,DEN,-11.681,-11.474
2009_01_DEN_CIN,2009,1,DEN,-7.355,-5.714
2009_02_CLE_DEN,2009,2,DEN,-5.714,-4.12
2009_03_DEN_OAK,2009,3,DEN,-4.12,-2.133
2009_04_DAL_DEN,2009,4,DEN,-2.133,-0.314
2009_05_NE_DEN,2009,5,DEN,-0.314,-0.06
2009_06_DEN_LAC,2009,6,DEN,-0.06,0.792
2009_08_DEN_BAL,2009,8,DEN,0.792,0.448
2009_09_PIT_DEN,2009,9,DEN,0.448,0.084
2009_10_DEN_WAS,2009,10,DEN,0.084,-0.237
2009_11_LAC_DEN,2009,11,DEN,-0.237,-0.275
2009_12_NYG_DEN,2009,12,DEN,-0.275,0.892
2009_13_DEN_KC,2009,13,DEN,0.892,3.552
2009_14_DEN_IND,2009,14,DEN,3.552,5.087
2009_15_OAK_DEN,2009,15,DEN,5.087,5.012
2009_16_DEN_PHI,2009,16,DEN,5.012,4.312
2009_17_KC_DEN,2009,17,DEN,4.312,4.101
2010_01_DEN_JAX,2010,1,DEN,2.629,1.193
2010_02_SEA_DEN,2010,2,DEN,1.193,1.216
2010_03_IND_DEN,2010,3,DEN,1.216,0.007
2010_04_DEN_TEN,2010,4,DEN,0.007,-0.467
2010_05_DEN_BAL,2010,5,DEN,-0.467,-1.297
2010_06_NYJ_DEN,2010,6,DEN,-1.297,-0.2
2010_07_OAK_DEN,2010,7,DEN,-0.2,-1.334
2010_08_DEN_SF,2010,8,DEN,-1.334,-3.111
2010_10_KC_DEN,2010,10,DEN,-3.111,-6.034
2010_11_DEN_LAC,2010,11,DEN,-6.034,-6.307
2010_12_LAR_DEN,2010,12,DEN,-6.307,-7.835
2010_13_DEN_KC,2010,13,DEN,-7.835,-7.123
2010_14_DEN_ARI,2010,14,DEN,-7.123,-6.379
2010_15_DEN_OAK,2010,15,DEN,-6.379,-6.823
2010_16_HOU_DEN,2010,16,DEN,-6.823,-7.309
2010_17_LAC_DEN,2010,17,DEN,-7.309,-5.078
2011_01_OAK_DEN,2011,1,DEN,-3.255,-3.147
2011_02_CIN_DEN,2011,2,DEN,-3.147,-5.245
2011_03_DEN_TEN,2011,3,DEN,-5.245,-6.968
2011_04_DEN_GB,2011,4,DEN,-6.968,-10.25
2011_05_LAC_DEN,2011,5,DEN,-10.25,-9.029
2011_07_DEN_MIA,2011,7,DEN,-9.029,-8.96
2011_08_DET_DEN,2011,8,DEN,-8.96,-10.685
2011_09_DEN_OAK,2011,9,DEN,-10.685,-9.993
2011_10_DEN_KC,2011,10,DEN,-9.993,-8.495
2011_11_NYJ_DEN,2011,11,DEN,-8.495,-7.373
2011_12_DEN_LAC,2011,12,DEN,-7.373,-6.074
2011_13_DEN_MIN,2011,13,DEN,-6.074,-7.525
2011_14_CHI_DEN,2011,14,DEN,-7.525,-7.013
2011_15_NE_DEN,2011,15,DEN,-7.013,-7.37
2011_16_DEN_BUF,2011,16,DEN,-7.37,-7.116
2011_17_KC_DEN,2011,17,DEN,-7.116,-6.176
2011_18_PIT_DEN,2011,18,DEN,-6.176,-4.951
2011_19_DEN_NE,2011,19,DEN,-4.951,-7.89
2012_01_PIT_DEN,2012,1,DEN,-5.058,-3.746
2012_02_DEN_ATL,2012,2,DEN,-3.746,-4.284
2012_03_HOU_DEN,2012,3,DEN,-4.284,-5.373
2012_04_OAK_DEN,2012,4,DEN,-5.373,-3.876
2012_05_DEN_NE,2012,5,DEN,-3.876,-3.112
2012_06_DEN_LAC,2012,6,DEN,-3.112,-0.733
2012_08_NO_DEN,2012,8,DEN,-0.733,0.86
2012_09_DEN_CIN,2012,9,DEN,0.86,1.245
2012_10_DEN_CAR,2012,10,DEN,1.245,3.612
2012_11_LAC_DEN,2012,11,DEN,3.612,4.567
2012_12_DEN_KC,2012,12,DEN,4.567,5.596
2012_13_TB_DEN,2012,13,DEN,5.596,5.932
2012_14_DEN_OAK,2012,14,DEN,5.932,5.233
2012_15_DEN_BAL,2012,15,DEN,5.233,5.704
2012_16_CLE_DEN,2012,16,DEN,5.704,6.064
2012_17_KC_DEN,2012,17,DEN,6.064,7.283
2012_19_BAL_DEN,2012,19,DEN,7.283,4.804
2013_01_BAL_DEN,2013,1,DEN,3.079,3.738
2013_02_DEN_NYG,2013,2,DEN,3.738,4.9
2013_03_OAK_DEN,2013,3,DEN,4.9,5.505
2013_04_PHI_DEN,2013,4,DEN,5.505,6.039
2013_05_DEN_DAL,2013,5,DEN,6.039,3.215
2013_06_JAX_DEN,2013,6,DEN,3.215,3.137
2013_07_DEN_IND,2013,7,DEN,3.137,1.353
2013_08_WAS_DEN,2013,8,DEN,1.353,4.336
2013_10_DEN_LAC,2013,10,DEN,4.336,5.428
2013_11_KC_DEN,2013,11,DEN,5.428,4.735
2013_12_DEN_NE,2013,12,DEN,4.735,2.407
2013_13_DEN_KC,2013,13,DEN,2.407,0.296
2013_14_TEN_DEN,2013,14,DEN,0.296,0.962
2013_15_LAC_DEN,2013,15,DEN,0.962,1.707
2013_16_DEN_HOU,2013,16,DEN,1.707,3.8
2013_19_LAC_DEN,2013,19,DEN,3.8,3.859
2013_20_NE_DEN,2013,20,DEN,3.859,2.813
2013_21_SEA_DEN,2013,21,DEN,2.813,1.02
2014_01_IND_DEN,2014,1,DEN,0.654,-0.469
2014_02_KC_DEN,2014,2,DEN,-0.469,-1.107
2014_03_DEN_SEA,2014,3,DEN,-1.107,-1.651
2014_05_ARI_DEN,2014,5,DEN,-1.651,-0.711
2014_06_DEN_NYJ,2014,6,DEN,-0.711,-0.084
2014_07_SF_DEN,2014,7,DEN,-0.084,1.561
2014_08_LAC_DEN,2014,8,DEN,1.561,1.2
2014_09_DEN_NE,2014,9,DEN,1.2,-0.121
2014_10_DEN_OAK,2014,10,DEN,-0.121,-0.304
2014_11_DEN_LAR,2014,11,DEN,-0.304,-0.479
2014_12_MIA_DEN,2014,12,DEN,-0.479,-2.171
2014_13_DEN_KC,2014,13,DEN,-2.171,-0.563
2014_14_BUF_DEN,2014,14,DEN,-0.563,-0.909
2014_15_DEN_LAC,2014,15,DEN,-0.909,0.028
2014_16_DEN_CIN,2014,16,DEN,0.028,-0.494
2014_17_OAK_DEN,2014,17,DEN,-0.494,1.055
2014_19_IND_DEN,2014,19,DEN,1.055,0.978
2015_01_BAL_DEN,2015,1,DEN,0.627,3.013
2015_02_DEN_KC,2015,2,DEN,3.013,4.973
2015_03_DEN_DET,2015,3,DEN,4.973,5.6
2015_04_MIN_DEN,2015,4,DEN,5.6,5.585
2015_05_DEN_OAK,2015,5,DEN,5.585,6.042
2015_06_DEN_CLE,2015,6,DEN,6.042,7.134
2015_08_GB_DEN,2015,8,DEN,7.134,9.089
2015_09_DEN_IND,2015,9,DEN,9.089,7.618
2015_10_KC_DEN,2015,10,DEN,7.618,7.427
2015_11_DEN_CHI,2015,11,DEN,7.427,7.823
2015_12_NE_DEN,2015,12,DEN,7.823,7.867
2015_13_DEN_LAC,2015,13,DEN,7.867,10.53
2015_14_OAK_DEN,2015,14,DEN,10.53,12.132
2015_15_DEN_PIT,2015,15,DEN,12.132,10.921
2015_16_CIN_DEN,2015,16,DEN,10.921,9.161
2015_17_LAC_DEN,2015,17,DEN,9.161,9.721
2015_19_PIT_DEN,2015,19,DEN,9.721,9.555
2015_20_NE_DEN,2015,20,DEN,9.555,11.864
2015_21_CAR_DEN,2015,21,DEN,11.864,14.274
2016_01_CAR_DEN,2016,1,DEN,9.15,9.386
2016_02_IND_DEN,2016,2,DEN,9.386,11.3
2016_03_DEN_CIN,2016,3,DEN,11.3,12.014
2016_04_DEN_TB,2016,4,DEN,12.014,14.26
2016_05_ATL_DEN,2016,5,DEN,14.26,14.691
2016_06_DEN_LAC,2016,6,DEN,14.691,14.997
2016_07_HOU_DEN,2016,7,DEN,14.997,15.132
2016_08_LAC_DEN,2016,8,DEN,15.132,17.623
2016_09_DEN_OAK,2016,9,DEN,17.623,18.362
2016_10_DEN_NO,2016,10,DEN,18.362,17.983
2016_12_KC_DEN,2016,12,DEN,17.983,18.533
2016_13_DEN_JAX,2016,13,DEN,18.533,19.244
2016_14_DEN_TEN,2016,14,DEN,19.244,21.054
2016_15_NE_DEN,2016,15,DEN,21.054,22.444
2016_16_DEN_KC,2016,16,DEN,22.444,19.613
2016_17_OAK_DEN,2016,17,DEN,19.613,19.91
2017_01_LAC_DEN,2017,1,DEN,12.762,11.903
2017_02_DAL_DEN,2017,2,DEN,11.903,12.165
2017_03_DEN_BUF,2017,3,DEN,12.165,11.704
2017_04_OAK_DEN,2017,4,DEN,11.704,12.419
2017_06_NYG_DEN,2017,6,DEN,12.419,13.325
2017_07_DEN_LAC,2017,7,DEN,13.325,13.559
2017_08_DEN_KC,2017,8,DEN,13.559,13.744
2017_09_DEN_PHI,2017,9,DEN,13.744,12.283
2017_10_NE_DEN,2017,10,DEN,12.283,10.876
2017_11_CIN_DEN,2017,11,DEN,10.876,10.202
2017_12_DEN_OAK,2017,12,DEN,10.202,9.141
2017_13_DEN_MIA,2017,13,DEN,9.141,9.179
2017_14_NYJ_DEN,2017,14,DEN,9.179,12.167
2017_15_DEN_IND,2017,15,DEN,12.167,11.153
2017_16_DEN_WAS,2017,16,DEN,11.153,10.269
2017_17_KC_DEN,2017,17,DEN,10.269,9.887
2018_01_SEA_DEN,2018,1,DEN,6.338,7.562
2018_02_OAK_DEN,2018,2,DEN,7.562,5.362
2018_03_DEN_BAL,2018,3,DEN,5.362,4.973
2018_04_KC_DEN,2018,4,DEN,4.973,3.714
2018_05_DEN_NYJ,2018,5,DEN,3.714,3.141
2018_06_LAR_DEN,2018,6,DEN,3.141,5.968
2018_07_DEN_ARI,2018,7,DEN,5.968,8.318
2018_08_DEN_KC,2018,8,DEN,8.318,7.166
2018_09_HOU_DEN,2018,9,DEN,7.166,6.717
2018_11_DEN_LAC,2018,11,DEN,6.717,6.632
2018_12_PIT_DEN,2018,12,DEN,6.632,5.413
2018_13_DEN_CIN,2018,13,DEN,5.413,4.969
2018_14_DEN_SF,2018,14,DEN,4.969,4.194
2018_15_CLE_DEN,2018,15,DEN,4.194,4.78
2018_16_DEN_OAK,2018,16,DEN,4.78,4.937
2018_17_LAC_DEN,2018,17,DEN,4.937,6.159
2019_01_DEN_OAK,2019,1,DEN,3.948,2.096
2019_02_CHI_DEN,2019,2,DEN,2.096,2.794
2019_03_DEN_GB,2019,3,DEN,2.794,2.904
2019_04_JAX_DEN,2019,4,DEN,2.904,2.93
2019_05_DEN_LAC,2019,5,DEN,2.93,3.963
2019_06_TEN_DEN,2019,6,DEN,3.963,7.263
2019_07_KC_DEN,2019,7,DEN,7.263,8.388
2019_08_DEN_IND,2019,8,DEN,8.388,9.03
2019_09_CLE_DEN,2019,9,DEN,9.03,7.583
2019_11_DEN_MIN,2019,11,DEN,7.583,6.415
2019_12_DEN_BUF,2019,12,DEN,6.415,5.62
2019_13_LAC_DEN,2019,13,DEN,5.62,5.249
2019_14_DEN_HOU,2019,14,DEN,5.249,5.132
2019_15_DEN_KC,2019,15,DEN,5.132,4.506
2019_16_DET_DEN,2019,16,DEN,4.506,5.355
2019_17_OAK_DEN,2019,17,DEN,5.355,4.26
2020_01_TEN_DEN,2020,1,DEN,2.731,1.334
2020_02_DEN_PIT,2020,2,DEN,1.334,0.551
2020_03_TB_DEN,2020,3,DEN,0.551,-0.208
2020_04_DEN_NYJ,2020,4,DEN,-0.208,-0.696
2020_06_DEN_NE,2020,6,DEN,-0.696,0.277
2020_07_KC_DEN,2020,7,DEN,0.277,1.569
2020_08_LAC_DEN,2020,8,DEN,1.569,1.136
2020_09_DEN_ATL,2020,9,DEN,1.136,0.56
2020_10_DEN_OAK,2020,10,DEN,0.56,1.532
2020_11_MIA_DEN,2020,11,DEN,1.532,3.865
2020_13_DEN_KC,2020,13,DEN,3.865,4.203
2020_14_DEN_CAR,2020,14,DEN,4.203,3.291
2020_15_BUF_DEN,2020,15,DEN,3.291,0.025
2020_16_DEN_LAC,2020,16,DEN,0.025,-0.064
2020_17_OAK_DEN,2020,17,DEN,-0.064,0.314
2021_01_DEN_NYG,2021,1,DEN,0.201,-1.257
2021_02_DEN_JAX,2021,2,DEN,-1.257,0.899
2021_03_NYJ_DEN,2021,3,DEN,0.899,3.81
2021_04_BAL_DEN,2021,4,DEN,3.81,3.888
2021_05_DEN_PIT,2021,5,DEN,3.888,3.218
2021_06_OAK_DEN,2021,6,DEN,3.218,2.251
2021_07_DEN_CLE,2021,7,DEN,2.251,1.681
2021_08_WAS_DEN,2021,8,DEN,1.681,2.925
2021_09_DEN_DAL,2021,9,DEN,2.925,4.669
2021_10_PHI_DEN,2021,10,DEN,4.669,4.256
2021_12_LAC_DEN,2021,12,DEN,4.256,4.81
2021_13_DEN_KC,2021,13,DEN,4.81,6.12
2021_14_DET_DEN,2021,14,DEN,6.12,6.442
2021_15_CIN_DEN,2021,15,DEN,6.442,6.462
2021_16_DEN_OAK,2021,16,DEN,6.462,7.019
2021_17_DEN_LAC,2021,17,DEN,7.019,6.52
2021_18_KC_DEN,2021,18,DEN,6.52,5.737
2022_01_DEN_SEA,2022,1,DEN,3.677,2.193
2022_02_HOU_DEN,2022,2,DEN,2.193,3.969
2022_03_SF_DEN,2022,3,DEN,3.969,5.171
2022_04_DEN_OAK,2022,4,DEN,5.171,5.467
2022_05_IND_DEN,2022,5,DEN,5.467,7.854
2022_06_DEN_LAC,2022,6,DEN,7.854,8.952
2022_07_NYJ_DEN,2022,7,DEN,8.952,9.273
2022_08_DEN_JAX,2022,8,DEN,9.273,10.792
2022_10_DEN_TEN,2022,10,DEN,10.792,9.612
2022_11_OAK_DEN,2022,11,DEN,9.612,8.071
2022_12_DEN_CAR,2022,12,DEN,8.071,6.594
2022_13_DEN_BAL,2022,13,DEN,6.594,8.911
2022_14_KC_DEN,2022,14,DEN,8.911,9.925
2022_15_ARI_DEN,2022,15,DEN,9.925,11.315
2022_16_DEN_LAR,2022,16,DEN,11.315,8.159
2022_17_DEN_KC,2022,17,DEN,8.159,7.515
2022_18_LAC_DEN,2022,18,DEN,7.515,6.476
2023_01_OAK_DEN,2023,1,DEN,4.151,3.499
2023_02_WAS_DEN,2023,2,DEN,3.499,1.763
2023_03_DEN_MIA,2023,3,DEN,1.763,-1.109
2023_04_DEN_CHI,2023,4,DEN,-1.109,-3.417
2023_05_NYJ_DEN,2023,5,DEN,-3.417,-2.973
2023_06_DEN_KC,2023,6,DEN,-2.973,-2.802
2023_07_GB_DEN,2023,7,DEN,-2.802,-3.58
2023_08_KC_DEN,2023,8,DEN,-3.58,-0.808
2023_10_DEN_BUF,2023,10,DEN,-0.808,0.881
2023_11_MIN_DEN,2023,11,DEN,0.881,0.711
2023_12_CLE_DEN,2023,12,DEN,0.711,0.139
2023_13_DEN_HOU,2023,13,DEN,0.139,1.349
2023_14_DEN_LAC,2023,14,DEN,1.349,4.724
2023_15_DEN_DET,2023,15,DEN,4.724,2.446
2023_16_NE_DEN,2023,16,DEN,2.446,0.551
2023_17_LAC_DEN,2023,17,DEN,0.551,-0.339
2023_18_DEN_OAK,2023,18,DEN,-0.339,-1.384
2024_01_DEN_SEA,2024,1,DEN,-0.887,-1.034
2024_02_PIT_DEN,2024,2,DEN,-1.034,-0.425
2024_03_DEN_TB,2024,3,DEN,-0.425,1.552
2024_04_DEN_NYJ,2024,4,DEN,1.552,3.434
2024_05_OAK_DEN,2024,5,DEN,3.434,4.239
2024_06_LAC_DEN,2024,6,DEN,4.239,4.552
2024_07_DEN_NO,2024,7,DEN,4.552,4.569
2024_08_CAR_DEN,2024,8,DEN,4.569,3.899
2024_09_DEN_BAL,2024,9,DEN,3.899,3.218
2024_10_DEN_KC,2024,10,DEN,3.218,3.447
2024_11_ATL_DEN,2024,11,DEN,3.447,5.275
2024_12_DEN_OAK,2024,12,DEN,5.275,5.742
2024_13_CLE_DEN,2024,13,DEN,5.742,4.346
2024_15_IND_DEN,2024,15,DEN,4.346,5.229
2024_16_DEN_LAC,2024,16,DEN,5.229,3.956
2024_17_DEN_CIN,2024,17,DEN,3.956,2.021
2024_18_KC_DEN,2024,18,DEN,2.021,3.765
2024_19_DEN_BUF,2024,19,DEN,3.765,3.233
2025_01_TEN_DEN,2025,1,DEN,2.073,5.106
2025_02_DEN_IND,2025,2,DEN,5.106,3.399
2025_03_DEN_LAC,2025,3,DEN,3.399,4.722
2025_04_CIN_DEN,2025,4,DEN,4.722,6.029
2025_05_DEN_PHI,2025,5,DEN,6.029,7.0
2025_06_DEN_NYJ,2025,6,DEN,7.0,10.888
2025_07_NYG_DEN,2025,7,DEN,10.888,10.325
2025_08_DAL_DEN,2025,8,DEN,10.325,12.415
2025_09_DEN_HOU,2025,9,DEN,12.415,13.566
2025_10_OAK_DEN,2025,10,DEN,13.566,15.631
2025_11_KC_DEN,2025,11,DEN,15.631,16.368
2025_13_DEN_WAS,2025,13,DEN,16.368,14.841
2025_14_DEN_OAK,2025,14,DEN,14.841,14.926
2025_15_GB_DEN,2025,15,DEN,14.926,15.49
2025_16_JAX_DEN,2025,16,DEN,15.49,14.151
2025_17_DEN_KC,2025,17,DEN,14.151,13.781
2025_18_LAC_DEN,2025,18,DEN,13.781,15.163
2025_20_BUF_DEN,2025,20,DEN,15.163,14.867
2025_21_NE_DEN,2025,21,DEN,14.867,16.035
2026_01_DEN_KC,2026,1,DEN,10.278,10.624
1999_01_DET_SEA,1999,1,DET,0.0,-0.845
1999_02_GB_DET,1999,2,DET,-0.845,-0.843
1999_03_DET_KC,1999,3,DET,-0.843,-3.266
1999_05_LAC_DET,1999,5,DET,-3.266,-3.375
1999_06_MIN_DET,1999,6,DET,-3.375,-1.717
1999_07_DET_CAR,1999,7,DET,-1.717,-1.793
1999_08_TB_DET,1999,8,DET,-1.793,-2.328
1999_09_LAR_DET,1999,9,DET,-2.328,-2.708
1999_10_DET_ARI,1999,10,DET,-2.708,-2.774
1999_11_DET_GB,1999,11,DET,-2.774,-5.047
1999_12_CHI_DET,1999,12,DET,-5.047,-5.727
1999_13_WAS_DET,1999,13,DET,-5.727,-4.158
1999_14_DET_TB,1999,14,DET,-4.158,-5.425
1999_15_DET_CHI,1999,15,DET,-5.425,-8.281
1999_16_DEN_DET,1999,16,DET,-8.281,-8.408
1999_17_DET_MIN,1999,17,DET,-8.408,-6.819
1999_18_DET_WAS,1999,18,DET,-6.819,-5.467
2000_01_DET_NO,2000,1,DET,-3.504,-1.86
2000_02_WAS_DET,2000,2,DET,-1.86,-1.681
2000_03_TB_DET,2000,3,DET,-1.681,-3.817
2000_04_DET_CHI,2000,4,DET,-3.817,-4.796
2000_05_MIN_DET,2000,5,DET,-4.796,-6.519
2000_06_GB_DET,2000,6,DET,-6.519,-5.702
2000_08_DET_TB,2000,8,DET,-5.702,-4.337
2000_09_DET_IND,2000,9,DET,-4.337,-4.505
2000_10_MIA_DET,2000,10,DET,-4.505,-5.216
2000_11_ATL_DET,2000,11,DET,-5.216,-2.789
2000_12_DET_NYG,2000,12,DET,-2.789,-4.156
2000_13_NE_DET,2000,13,DET,-4.156,-3.02
2000_14_DET_MIN,2000,14,DET,-3.02,-1.992
2000_15_DET_GB,2000,15,DET,-1.992,-1.256
2000_16_DET_NYJ,2000,16,DET,-1.256,-1.134
2000_17_CHI_DET,2000,17,DET,-1.134,-1.37
2001_01_DET_GB,2001,1,DET,-0.878,-2.184
2001_02_DET_CLE,2001,2,DET,-2.184,-1.654
2001_04_LAR_DET,2001,4,DET,-1.654,-3.771
2001_05_DET_MIN,2001,5,DET,-3.771,-5.13
2001_06_TEN_DET,2001,6,DET,-5.13,-4.442
2001_07_CIN_DET,2001,7,DET,-4.442,-5.055
2001_08_DET_SF,2001,8,DET,-5.055,-5.23
2001_09_TB_DET,2001,9,DET,-5.23,-5.11
2001_10_DET_ARI,2001,10,DET,-5.11,-7.329
2001_11_GB_DET,2001,11,DET,-7.329,-8.073
2001_12_DET_CHI,2001,12,DET,-8.073,-7.071
2001_13_DET_TB,2001,13,DET,-7.071,-6.286
2001_14_MIN_DET,2001,14,DET,-6.286,-6.251
2001_15_DET_PIT,2001,15,DET,-6.251,-8.272
2001_16_CHI_DET,2001,16,DET,-8.272,-9.425
2001_17_DAL_DET,2001,17,DET,-9.425,-8.828
2002_01_DET_MIA,2002,1,DET,-5.659,-7.713
2002_02_DET_CAR,2002,2,DET,-7.713,-10.007
2002_03_GB_DET,2002,3,DET,-10.007,-11.481
2002_04_NO_DET,2002,4,DET,-11.481,-11.55
2002_06_DET_MIN,2002,6,DET,-11.55,-13.967
2002_07_CHI_DET,2002,7,DET,-13.967,-13.137
2002_08_DET_BUF,2002,8,DET,-13.137,-13.049
2002_09_DAL_DET,2002,9,DET,-13.049,-12.279
2002_10_DET_GB,2002,10,DET,-12.279,-13.44
2002_11_NYJ_DET,2002,11,DET,-13.44,-14.85
2002_12_DET_CHI,2002,12,DET,-14.85,-14.954
2002_13_NE_DET,2002,13,DET,-14.954,-14.073
2002_14_DET_ARI,2002,14,DET,-14.073,-13.159
2002_15_TB_DET,2002,15,DET,-13.159,-12.885
2002_16_DET_ATL,2002,16,DET,-12.885,-13.625
2002_17_MIN_DET,2002,17,DET,-13.625,-14.769
2003_01_ARI_DET,2003,1,DET,-9.467,-11.274
2003_02_DET_GB,2003,2,DET,-11.274,-10.95
2003_03_MIN_DET,2003,3,DET,-10.95,-10.652
2003_04_DET_DEN,2003,4,DET,-10.652,-12.659
2003_05_DET_SF,2003,5,DET,-12.659,-12.619
2003_07_DAL_DET,2003,7,DET,-12.619,-14.383
2003_08_DET_CHI,2003,8,DET,-14.383,-15.046
2003_09_OAK_DET,2003,9,DET,-15.046,-13.261
2003_10_CHI_DET,2003,10,DET,-13.261,-12.513
2003_11_DET_SEA,2003,11,DET,-12.513,-14.254
2003_12_DET_MIN,2003,12,DET,-14.254,-12.686
2003_13_GB_DET,2003,13,DET,-12.686,-11.461
2003_14_LAC_DET,2003,14,DET,-11.461,-12.714
2003_15_DET_KC,2003,15,DET,-12.714,-15.216
2003_16_DET_CAR,2003,16,DET,-15.216,-17.374
2003_17_LAR_DET,2003,17,DET,-17.374,-15.452
2004_01_DET_CHI,2004,1,DET,-9.905,-8.117
2004_02_HOU_DET,2004,2,DET,-8.117,-9.176
2004_03_PHI_DET,2004,3,DET,-9.176,-10.877
2004_05_DET_ATL,2004,5,DET,-10.877,-8.856
2004_06_GB_DET,2004,6,DET,-8.856,-9.893
2004_07_DET_NYG,2004,7,DET,-9.893,-8.715
2004_08_DET_DAL,2004,8,DET,-8.715,-9.599
2004_09_WAS_DET,2004,9,DET,-9.599,-8.309
2004_10_DET_JAX,2004,10,DET,-8.309,-9.524
2004_11_DET_MIN,2004,11,DET,-9.524,-8.659
2004_12_IND_DET,2004,12,DET,-8.659,-10.677
2004_13_ARI_DET,2004,13,DET,-10.677,-8.479
2004_14_DET_GB,2004,14,DET,-8.479,-8.005
2004_15_MIN_DET,2004,15,DET,-8.005,-8.641
2004_16_CHI_DET,2004,16,DET,-8.641,-8.699
2004_17_DET_TEN,2004,17,DET,-8.699,-8.859
2005_01_GB_DET,2005,1,DET,-5.678,-3.15
2005_02_DET_CHI,2005,2,DET,-3.15,-4.114
2005_04_DET_TB,2005,4,DET,-4.114,-3.466
2005_05_BAL_DET,2005,5,DET,-3.466,-4.188
2005_06_CAR_DET,2005,6,DET,-4.188,-3.133
2005_07_DET_CLE,2005,7,DET,-3.133,-0.033
2005_08_CHI_DET,2005,8,DET,-0.033,-1.18
2005_09_DET_MIN,2005,9,DET,-1.18,-1.152
2005_10_ARI_DET,2005,10,DET,-1.152,-3.599
2005_11_DET_DAL,2005,11,DET,-3.599,-2.461
2005_12_ATL_DET,2005,12,DET,-2.461,-3.145
2005_13_MIN_DET,2005,13,DET,-3.145,-4.693
2005_14_DET_GB,2005,14,DET,-4.693,-3.969
2005_15_CIN_DET,2005,15,DET,-3.969,-4.205
2005_16_DET_NO,2005,16,DET,-4.205,-4.749
2005_17_DET_PIT,2005,17,DET,-4.749,-3.082
2006_01_SEA_DET,2006,1,DET,-1.976,-1.488
2006_02_DET_CHI,2006,2,DET,-1.488,-4.869
2006_03_GB_DET,2006,3,DET,-4.869,-7.492
2006_04_DET_LAR,2006,4,DET,-7.492,-9.377
2006_05_DET_MIN,2006,5,DET,-9.377,-9.904
2006_06_BUF_DET,2006,6,DET,-9.904,-9.602
2006_07_DET_NYJ,2006,7,DET,-9.602,-9.056
2006_09_ATL_DET,2006,9,DET,-9.056,-8.19
2006_10_SF_DET,2006,10,DET,-8.19,-7.674
2006_11_DET_ARI,2006,11,DET,-7.674,-9.462
2006_12_MIA_DET,2006,12,DET,-9.462,-10.45
2006_13_DET_NE,2006,13,DET,-10.45,-10.041
2006_14_MIN_DET,2006,14,DET,-10.041,-9.875
2006_15_DET_GB,2006,15,DET,-9.875,-7.172
2006_16_CHI_DET,2006,16,DET,-7.172,-7.166
2006_17_DET_DAL,2006,17,DET,-7.166,-8.181
2007_01_DET_OAK,2007,1,DET,-5.244,-5.91
2007_02_MIN_DET,2007,2,DET,-5.91,-4.454
2007_03_DET_PHI,2007,3,DET,-4.454,-7.826
2007_04_CHI_DET,2007,4,DET,-7.826,-6.587
2007_05_DET_WAS,2007,5,DET,-6.587,-8.802
2007_07_TB_DET,2007,7,DET,-8.802,-10.522
2007_08_DET_CHI,2007,8,DET,-10.522,-7.93
2007_09_DEN_DET,2007,9,DET,-7.93,-5.905
2007_10_DET_ARI,2007,10,DET,-5.905,-7.178
2007_11_NYG_DET,2007,11,DET,-7.178,-8.448
2007_12_GB_DET,2007,12,DET,-8.448,-10.895
2007_13_DET_MIN,2007,13,DET,-10.895,-12.345
2007_14_DAL_DET,2007,14,DET,-12.345,-13.424
2007_15_DET_LAC,2007,15,DET,-13.424,-13.559
2007_16_KC_DET,2007,16,DET,-13.559,-12.851
2007_17_DET_GB,2007,17,DET,-12.851,-13.117
2008_01_DET_ATL,2008,1,DET,-8.408,-8.311
2008_02_GB_DET,2008,2,DET,-8.311,-10.795
2008_03_DET_SF,2008,3,DET,-10.795,-12.813
2008_05_CHI_DET,2008,5,DET,-12.813,-15.475
2008_06_DET_MIN,2008,6,DET,-15.475,-14.48
2008_07_DET_HOU,2008,7,DET,-14.48,-15.629
2008_08_WAS_DET,2008,8,DET,-15.629,-16.336
2008_09_DET_CHI,2008,9,DET,-16.336,-15.807
2008_10_JAX_DET,2008,10,DET,-15.807,-16.564
2008_11_DET_CAR,2008,11,DET,-16.564,-15.722
2008_12_TB_DET,2008,12,DET,-15.722,-13.936
2008_13_TEN_DET,2008,13,DET,-13.936,-13.1
2008_14_MIN_DET,2008,14,DET,-13.1,-11.341
2008_15_DET_IND,2008,15,DET,-11.341,-11.996
2008_16_NO_DET,2008,16,DET,-11.996,-13.348
2008_17_DET_GB,2008,17,DET,-13.348,-14.125
2009_01_DET_NO,2009,1,DET,-9.054,-11.948
2009_02_MIN_DET,2009,2,DET,-11.948,-12.159
2009_03_WAS_DET,2009,3,DET,-12.159,-13.318
2009_04_DET_CHI,2009,4,DET,-13.318,-13.291
2009_05_PIT_DET,2009,5,DET,-13.291,-13.606
2009_06_DET_GB,2009,6,DET,-13.606,-14.098
2009_08_LAR_DET,2009,8,DET,-14.098,-13.214
2009_09_DET_SEA,2009,9,DET,-13.214,-15.007
2009_10_DET_MIN,2009,10,DET,-15.007,-15.554
2009_11_CLE_DET,2009,11,DET,-15.554,-18.424
2009_12_GB_DET,2009,12,DET,-18.424,-20.02
2009_13_DET_CIN,2009,13,DET,-20.02,-18.118
2009_14_DET_BAL,2009,14,DET,-18.118,-18.697
2009_15_ARI_DET,2009,15,DET,-18.697,-17.553
2009_16_DET_SF,2009,16,DET,-17.553,-18.073
2009_17_CHI_DET,2009,17,DET,-18.073,-19.529
2010_01_DET_CHI,2010,1,DET,-12.518,-13.245
2010_02_PHI_DET,2010,2,DET,-13.245,-13.209
2010_03_DET_MIN,2010,3,DET,-13.209,-11.86
2010_04_DET_GB,2010,4,DET,-11.86,-10.606
2010_05_LAR_DET,2010,5,DET,-10.606,-8.969
2010_06_DET_NYG,2010,6,DET,-8.969,-9.03
2010_08_WAS_DET,2010,8,DET,-9.03,-7.722
2010_09_NYJ_DET,2010,9,DET,-7.722,-8.909
2010_10_DET_BUF,2010,10,DET,-8.909,-8.169
2010_11_DET_DAL,2010,11,DET,-8.169,-10.402
2010_12_NE_DET,2010,12,DET,-10.402,-12.185
2010_13_CHI_DET,2010,13,DET,-12.185,-12.231
2010_14_GB_DET,2010,14,DET,-12.231,-8.925
2010_15_DET_TB,2010,15,DET,-8.925,-9.346
2010_16_DET_MIA,2010,16,DET,-9.346,-9.552
2010_17_MIN_DET,2010,17,DET,-9.552,-8.836
2011_01_DET_TB,2011,1,DET,-5.664,-5.759
2011_02_KC_DET,2011,2,DET,-5.759,-3.515
2011_03_DET_MIN,2011,3,DET,-3.515,-2.957
2011_04_DET_DAL,2011,4,DET,-2.957,-3.617
2011_05_CHI_DET,2011,5,DET,-3.617,-4.536
2011_06_SF_DET,2011,6,DET,-4.536,-3.065
2011_07_ATL_DET,2011,7,DET,-3.065,-2.0
2011_08_DET_DEN,2011,8,DET,-2.0,-0.121
2011_10_DET_CHI,2011,10,DET,-0.121,0.668
2011_11_CAR_DET,2011,11,DET,0.668,0.687
2011_12_GB_DET,2011,12,DET,0.687,0.949
2011_13_DET_NO,2011,13,DET,0.949,-0.604
2011_14_MIN_DET,2011,14,DET,-0.604,1.152
2011_15_DET_OAK,2011,15,DET,1.152,-1.0
2011_16_LAC_DET,2011,16,DET,-1.0,-0.125
2011_17_DET_GB,2011,17,DET,-0.125,-4.869
2011_18_DET_NO,2011,18,DET,-4.869,-6.172
2012_01_LAR_DET,2012,1,DET,-3.956,-4.015
2012_02_DET_SF,2012,2,DET,-4.015,-4.512
2012_03_DET_TEN,2012,3,DET,-4.512,-7.956
2012_04_MIN_DET,2012,4,DET,-7.956,-6.726
2012_06_DET_PHI,2012,6,DET,-6.726,-7.071
2012_07_DET_CHI,2012,7,DET,-7.071,-5.967
2012_08_SEA_DET,2012,8,DET,-5.967,-7.801
2012_09_DET_JAX,2012,9,DET,-7.801,-8.667
2012_10_DET_MIN,2012,10,DET,-8.667,-10.275
2012_11_GB_DET,2012,11,DET,-10.275,-8.893
2012_12_HOU_DET,2012,12,DET,-8.893,-8.202
2012_13_IND_DET,2012,13,DET,-8.202,-8.393
2012_14_DET_GB,2012,14,DET,-8.393,-7.404
2012_15_DET_ARI,2012,15,DET,-7.404,-7.11
2012_16_ATL_DET,2012,16,DET,-7.11,-9.365
2012_17_CHI_DET,2012,17,DET,-9.365,-10.076
2013_01_MIN_DET,2013,1,DET,-6.458,-4.941
2013_02_DET_ARI,2013,2,DET,-4.941,-4.287
2013_03_DET_WAS,2013,3,DET,-4.287,-4.315
2013_04_CHI_DET,2013,4,DET,-4.315,-3.433
2013_05_DET_GB,2013,5,DET,-3.433,-3.303
2013_06_DET_CLE,2013,6,DET,-3.303,-3.866
2013_07_CIN_DET,2013,7,DET,-3.866,-6.662
2013_08_DAL_DET,2013,8,DET,-6.662,-6.56
2013_10_DET_CHI,2013,10,DET,-6.56,-5.863
2013_11_DET_PIT,2013,11,DET,-5.863,-8.693
2013_12_TB_DET,2013,12,DET,-8.693,-8.349
2013_13_GB_DET,2013,13,DET,-8.349,-5.262
2013_14_DET_PHI,2013,14,DET,-5.262,-5.166
2013_15_BAL_DET,2013,15,DET,-5.166,-4.947
2013_16_NYG_DET,2013,16,DET,-4.947,-4.785
2013_17_DET_MIN,2013,17,DET,-4.785,-3.8
2014_01_NYG_DET,2014,1,DET,-2.436,-0.583
2014_02_DET_CAR,2014,2,DET,-0.583,-0.685
2014_03_GB_DET,2014,3,DET,-0.685,0.627
2014_04_DET_NYJ,2014,4,DET,0.627,1.377
2014_05_BUF_DET,2014,5,DET,1.377,0.633
2014_06_DET_MIN,2014,6,DET,0.633,4.071
2014_07_NO_DET,2014,7,DET,4.071,3.53
2014_08_DET_ATL,2014,8,DET,3.53,3.191
2014_10_MIA_DET,2014,10,DET,3.191,3.83
2014_11_DET_ARI,2014,11,DET,3.83,2.42
2014_12_DET_NE,2014,12,DET,2.42,1.09
2014_13_CHI_DET,2014,13,DET,1.09,1.508
2014_14_TB_DET,2014,14,DET,1.508,3.332
2014_15_MIN_DET,2014,15,DET,3.332,2.383
2014_16_DET_CHI,2014,16,DET,2.383,1.476
2014_17_DET_GB,2014,17,DET,1.476,0.223
2014_18_DET_DAL,2014,18,DET,0.223,1.295
2015_01_DET_LAC,2015,1,DET,0.83,-0.732
2015_02_DET_MIN,2015,2,DET,-0.732,-1.896
2015_03_DEN_DET,2015,3,DET,-1.896,-2.765
2015_04_DET_SEA,2015,4,DET,-2.765,-2.63
2015_05_ARI_DET,2015,5,DET,-2.63,-2.839
2015_06_CHI_DET,2015,6,DET,-2.839,-3.755
2015_07_MIN_DET,2015,7,DET,-3.755,-4.867
2015_08_DET_KC,2015,8,DET,-4.867,-6.609
2015_10_DET_GB,2015,10,DET,-6.609,-6.219
2015_11_OAK_DET,2015,11,DET,-6.219,-4.76
2015_12_PHI_DET,2015,12,DET,-4.76,-4.423
2015_13_GB_DET,2015,13,DET,-4.423,-4.862
2015_14_DET_LAR,2015,14,DET,-4.862,-3.984
2015_15_DET_NO,2015,15,DET,-3.984,-5.441
2015_16_SF_DET,2015,16,DET,-5.441,-6.563
2015_17_DET_CHI,2015,17,DET,-6.563,-5.316
2016_01_DET_IND,2016,1,DET,-3.408,-6.094
2016_02_TEN_DET,2016,2,DET,-6.094,-6.415
2016_03_DET_GB,2016,3,DET,-6.415,-7.227
2016_04_DET_CHI,2016,4,DET,-7.227,-8.984
2016_05_PHI_DET,2016,5,DET,-8.984,-9.116
2016_06_LAR_DET,2016,6,DET,-9.116,-12.248
2016_07_WAS_DET,2016,7,DET,-12.248,-13.428
2016_08_DET_HOU,2016,8,DET,-13.428,-12.243
2016_09_DET_MIN,2016,9,DET,-12.243,-13.006
2016_11_JAX_DET,2016,11,DET,-13.006,-12.233
2016_12_MIN_DET,2016,12,DET,-12.233,-12.408
2016_13_DET_NO,2016,13,DET,-12.408,-9.92
2016_14_CHI_DET,2016,14,DET,-9.92,-10.308
2016_15_DET_NYG,2016,15,DET,-10.308,-10.534
2016_16_DET_DAL,2016,16,DET,-10.534,-11.732
2016_17_GB_DET,2016,17,DET,-11.732,-13.053
2016_18_DET_SEA,2016,18,DET,-13.053,-12.838
2017_01_ARI_DET,2017,1,DET,-8.229,-6.536
2017_02_DET_NYG,2017,2,DET,-6.536,-5.286
2017_03_ATL_DET,2017,3,DET,-5.286,-4.071
2017_04_DET_MIN,2017,4,DET,-4.071,-3.2
2017_05_CAR_DET,2017,5,DET,-3.2,-5.096
2017_06_DET_NO,2017,6,DET,-5.096,-3.502
2017_08_PIT_DET,2017,8,DET,-3.502,-3.522
2017_09_DET_GB,2017,9,DET,-3.522,-4.643
2017_10_CLE_DET,2017,10,DET,-4.643,-6.595
2017_11_DET_CHI,2017,11,DET,-6.595,-7.928
2017_12_MIN_DET,2017,12,DET,-7.928,-9.335
2017_13_DET_BAL,2017,13,DET,-9.335,-10.806
2017_14_DET_TB,2017,14,DET,-10.806,-10.594
2017_15_CHI_DET,2017,15,DET,-10.594,-9.999
2017_16_DET_CIN,2017,16,DET,-9.999,-9.284
2017_17_GB_DET,2017,17,DET,-9.284,-7.252
2018_01_NYJ_DET,2018,1,DET,-4.648,-4.566
2018_02_DET_SF,2018,2,DET,-4.566,-3.937
2018_03_NE_DET,2018,3,DET,-3.937,-1.314
2018_04_DET_DAL,2018,4,DET,-1.314,-1.68
2018_05_GB_DET,2018,5,DET,-1.68,-2.847
2018_07_DET_MIA,2018,7,DET,-2.847,-3.442
2018_08_SEA_DET,2018,8,DET,-3.442,-4.731
2018_09_DET_MIN,2018,9,DET,-4.731,-3.676
2018_10_DET_CHI,2018,10,DET,-3.676,-6.881
2018_11_CAR_DET,2018,11,DET,-6.881,-7.169
2018_12_CHI_DET,2018,12,DET,-7.169,-8.168
2018_13_LAR_DET,2018,13,DET,-8.168,-5.699
2018_14_DET_ARI,2018,14,DET,-5.699,-5.435
2018_15_DET_BUF,2018,15,DET,-5.435,-5.806
2018_16_MIN_DET,2018,16,DET,-5.806,-6.608
2018_17_DET_GB,2018,17,DET,-6.608,-5.524
2019_01_DET_ARI,2019,1,DET,-3.541,-2.74
2019_02_LAC_DET,2019,2,DET,-2.74,-2.115
2019_03_DET_PHI,2019,3,DET,-2.115,-2.035
2019_04_KC_DET,2019,4,DET,-2.035,-2.033
2019_06_DET_GB,2019,6,DET,-2.033,-1.961
2019_07_MIN_DET,2019,7,DET,-1.961,-4.305
2019_08_NYG_DET,2019,8,DET,-4.305,-6.621
2019_09_DET_OAK,2019,9,DET,-6.621,-7.159
2019_10_DET_CHI,2019,10,DET,-7.159,-6.973
2019_11_DAL_DET,2019,11,DET,-6.973,-8.774
2019_12_DET_WAS,2019,12,DET,-8.774,-7.233
2019_13_CHI_DET,2019,13,DET,-7.233,-9.281
2019_14_DET_MIN,2019,14,DET,-9.281,-9.244
2019_15_TB_DET,2019,15,DET,-9.244,-11.396
2019_16_DET_DEN,2019,16,DET,-11.396,-12.314
2019_17_GB_DET,2019,17,DET,-12.314,-11.296
2020_01_CHI_DET,2020,1,DET,-7.241,-8.291
2020_02_DET_GB,2020,2,DET,-8.291,-8.002
2020_03_DET_ARI,2020,3,DET,-8.002,-7.895
2020_04_NO_DET,2020,4,DET,-7.895,-6.76
2020_06_DET_JAX,2020,6,DET,-6.76,-6.816
2020_07_DET_ATL,2020,7,DET,-6.816,-7.376
2020_08_IND_DET,2020,8,DET,-7.376,-8.029
2020_09_DET_MIN,2020,9,DET,-8.029,-8.767
2020_10_WAS_DET,2020,10,DET,-8.767,-9.584
2020_11_DET_CAR,2020,11,DET,-9.584,-9.755
2020_12_HOU_DET,2020,12,DET,-9.755,-10.551
2020_13_DET_CHI,2020,13,DET,-10.551,-11.243
2020_14_GB_DET,2020,14,DET,-11.243,-12.615
2020_15_DET_TEN,2020,15,DET,-12.615,-15.006
2020_16_TB_DET,2020,16,DET,-15.006,-16.709
2020_17_MIN_DET,2020,17,DET,-16.709,-18.213
2021_01_SF_DET,2021,1,DET,-11.674,-12.375
2021_02_DET_GB,2021,2,DET,-12.375,-13.162
2021_03_BAL_DET,2021,3,DET,-13.162,-11.538
2021_04_DET_CHI,2021,4,DET,-11.538,-10.764
2021_05_DET_MIN,2021,5,DET,-10.764,-10.038
2021_06_CIN_DET,2021,6,DET,-10.038,-10.35
2021_07_DET_LAR,2021,7,DET,-10.35,-11.348
2021_08_PHI_DET,2021,8,DET,-11.348,-11.035
2021_10_DET_PIT,2021,10,DET,-11.035,-11.859
2021_11_DET_CLE,2021,11,DET,-11.859,-9.879
2021_12_CHI_DET,2021,12,DET,-9.879,-10.012
2021_13_MIN_DET,2021,13,DET,-10.012,-10.439
2021_14_DET_DEN,2021,14,DET,-10.439,-10.588
2021_15_ARI_DET,2021,15,DET,-10.588,-8.417
2021_16_DET_ATL,2021,16,DET,-8.417,-7.945
2021_17_DET_SEA,2021,17,DET,-7.945,-9.612
2021_18_GB_DET,2021,18,DET,-9.612,-7.687
2022_01_PHI_DET,2022,1,DET,-4.927,-6.046
2022_02_WAS_DET,2022,2,DET,-6.046,-6.646
2022_03_DET_MIN,2022,3,DET,-6.646,-6.64
2022_04_SEA_DET,2022,4,DET,-6.64,-10.217
2022_05_DET_NE,2022,5,DET,-10.217,-10.631
2022_07_DET_DAL,2022,7,DET,-10.631,-9.833
2022_08_MIA_DET,2022,8,DET,-9.833,-12.233
2022_09_GB_DET,2022,9,DET,-12.233,-10.632
2022_10_DET_CHI,2022,10,DET,-10.632,-13.306
2022_11_DET_NYG,2022,11,DET,-13.306,-14.207
2022_12_BUF_DET,2022,12,DET,-14.207,-13.724
2022_13_JAX_DET,2022,13,DET,-13.724,-12.696
2022_14_MIN_DET,2022,14,DET,-12.696,-14.347
2022_15_DET_NYJ,2022,15,DET,-14.347,-14.049
2022_16_DET_CAR,2022,16,DET,-14.049,-16.002
2022_17_CHI_DET,2022,17,DET,-16.002,-13.458
2022_18_DET_GB,2022,18,DET,-13.458,-12.351
2023_01_DET_KC,2023,1,DET,-7.917,-7.056
2023_02_SEA_DET,2023,2,DET,-7.056,-9.288
2023_03_ATL_DET,2023,3,DET,-9.288,-6.819
2023_04_DET_GB,2023,4,DET,-6.819,-5.144
2023_05_CAR_DET,2023,5,DET,-5.144,-5.586
2023_06_DET_TB,2023,6,DET,-5.586,-4.385
2023_07_DET_BAL,2023,7,DET,-4.385,-7.771
2023_08_OAK_DET,2023,8,DET,-7.771,-4.292
2023_10_DET_LAC,2023,10,DET,-4.292,-6.23
2023_11_CHI_DET,2023,11,DET,-6.23,-7.356
2023_12_GB_DET,2023,12,DET,-7.356,-9.861
2023_13_DET_NO,2023,13,DET,-9.861,-9.187
2023_14_DET_CHI,2023,14,DET,-9.187,-9.711
2023_15_DEN_DET,2023,15,DET,-9.711,-9.284
2023_16_DET_MIN,2023,16,DET,-9.284,-8.044
2023_17_DET_DAL,2023,17,DET,-8.044,-7.718
2023_18_MIN_DET,2023,18,DET,-7.718,-8.138
2023_19_LAR_DET,2023,19,DET,-8.138,-9.264
2023_20_TB_DET,2023,20,DET,-9.264,-9.312
2023_21_DET_SF,2023,21,DET,-9.312,-9.067
2024_01_LAR_DET,2024,1,DET,-5.812,-5.953
2024_02_TB_DET,2024,2,DET,-5.953,-4.938
2024_03_DET_ARI,2024,3,DET,-4.938,-4.412
2024_04_SEA_DET,2024,4,DET,-4.412,-5.496
2024_06_DET_DAL,2024,6,DET,-5.496,-1.589
2024_07_DET_MIN,2024,7,DET,-1.589,-2.203
2024_08_TEN_DET,2024,8,DET,-2.203,-2.521
2024_09_DET_GB,2024,9,DET,-2.521,-1.916
2024_10_DET_HOU,2024,10,DET,-1.916,-0.068
2024_11_JAX_DET,2024,11,DET,-0.068,0.832
2024_12_DET_IND,2024,12,DET,0.832,0.774
2024_13_CHI_DET,2024,13,DET,0.774,0.137
2024_14_GB_DET,2024,14,DET,0.137,0.336
2024_15_BUF_DET,2024,15,DET,0.336,-2.639
2024_16_DET_CHI,2024,16,DET,-2.639,-4.835
2024_17_DET_SF,2024,17,DET,-4.835,-6.587
2024_18_MIN_DET,2024,18,DET,-6.587,-4.139
2024_20_WAS_DET,2024,20,DET,-4.139,-5.783
2025_01_DET_GB,2025,1,DET,-3.707,-4.276
2025_02_CHI_DET,2025,2,DET,-4.276,-3.675
2025_03_DET_BAL,2025,3,DET,-3.675,-2.985
2025_04_CLE_DET,2025,4,DET,-2.985,-0.18
2025_05_DET_CIN,2025,5,DET,-0.18,-0.607
2025_06_DET_KC,2025,6,DET,-0.607,-1.679
2025_07_TB_DET,2025,7,DET,-1.679,0.745
2025_09_MIN_DET,2025,9,DET,0.745,1.692
2025_10_DET_WAS,2025,10,DET,1.692,0.672
2025_11_DET_PHI,2025,11,DET,0.672,1.566
2025_12_NYG_DET,2025,12,DET,1.566,0.774
2025_13_GB_DET,2025,13,DET,0.774,-0.543
2025_14_DAL_DET,2025,14,DET,-0.543,0.861
2025_15_DET_LAR,2025,15,DET,0.861,0.687
2025_16_PIT_DET,2025,16,DET,0.687,0.374
2025_17_DET_MIN,2025,17,DET,0.374,2.506
2025_18_DET_CHI,2025,18,DET,2.506,2.872
2026_01_NO_DET,2026,1,DET,1.841,1.43
1999_01_OAK_GB,1999,1,GB,0.0,0.532
1999_02_GB_DET,1999,2,GB,0.532,0.114
1999_03_MIN_GB,1999,3,GB,0.114,0.086
1999_05_TB_GB,1999,5,GB,0.086,0.57
1999_06_GB_DEN,1999,6,GB,0.57,-2.468
1999_07_GB_LAC,1999,7,GB,-2.468,-1.121
1999_08_SEA_GB,1999,8,GB,-1.121,-1.933
1999_09_CHI_GB,1999,9,GB,-1.933,-1.305
1999_10_GB_DAL,1999,10,GB,-1.305,-2.744
1999_11_DET_GB,1999,11,GB,-2.744,-3.259
1999_12_GB_SF,1999,12,GB,-3.259,-3.133
1999_13_GB_CHI,1999,13,GB,-3.133,-2.788
1999_14_CAR_GB,1999,14,GB,-2.788,-6.646
1999_15_GB_MIN,1999,15,GB,-6.646,-7.897
1999_16_GB_TB,1999,16,GB,-7.897,-8.327
1999_17_ARI_GB,1999,17,GB,-8.327,-9.707
2000_01_NYJ_GB,2000,1,GB,-6.222,-6.728
2000_02_GB_BUF,2000,2,GB,-6.728,-7.972
2000_03_PHI_GB,2000,3,GB,-7.972,-5.556
2000_04_GB_ARI,2000,4,GB,-5.556,-3.217
2000_05_CHI_GB,2000,5,GB,-3.217,-4.333
2000_06_GB_DET,2000,6,GB,-4.333,-4.702
2000_07_SF_GB,2000,7,GB,-4.702,-6.416
2000_09_GB_MIA,2000,9,GB,-6.416,-7.838
2000_10_MIN_GB,2000,10,GB,-7.838,-6.595
2000_11_GB_TB,2000,11,GB,-6.595,-7.059
2000_12_IND_GB,2000,12,GB,-7.059,-6.439
2000_13_GB_CAR,2000,13,GB,-6.439,-7.423
2000_14_GB_CHI,2000,14,GB,-7.423,-6.828
2000_15_DET_GB,2000,15,GB,-6.828,-6.373
2000_16_GB_MIN,2000,16,GB,-6.373,-8.546
2000_17_TB_GB,2000,17,GB,-8.546,-8.656
2001_01_DET_GB,2001,1,GB,-5.548,-3.471
2001_02_WAS_GB,2001,2,GB,-3.471,-1.414
2001_03_GB_CAR,2001,3,GB,-1.414,-1.512
2001_04_GB_TB,2001,4,GB,-1.512,-1.511
2001_05_BAL_GB,2001,5,GB,-1.511,-0.041
2001_06_GB_MIN,2001,6,GB,-0.041,-1.601
2001_08_TB_GB,2001,8,GB,-1.601,-1.174
2001_09_GB_CHI,2001,9,GB,-1.174,-1.636
2001_10_ATL_GB,2001,10,GB,-1.636,-2.631
2001_11_GB_DET,2001,11,GB,-2.631,-1.582
2001_13_CHI_GB,2001,13,GB,-1.582,-1.189
2001_14_GB_TEN,2001,14,GB,-1.189,-1.882
2001_15_CLE_GB,2001,15,GB,-1.882,-1.973
2001_16_MIN_GB,2001,16,GB,-1.973,-1.4
2001_17_GB_NYG,2001,17,GB,-1.4,-2.367
2001_18_SF_GB,2001,18,GB,-2.367,-1.843
2001_19_GB_LAR,2001,19,GB,-1.843,-0.988
2002_01_ATL_GB,2002,1,GB,-0.633,-2.81
2002_02_GB_NO,2002,2,GB,-2.81,-2.896
2002_03_GB_DET,2002,3,GB,-2.896,-0.919
2002_04_CAR_GB,2002,4,GB,-0.919,-0.027
2002_05_GB_CHI,2002,5,GB,-0.027,-0.158
2002_06_GB_NE,2002,6,GB,-0.158,1.648
2002_07_WAS_GB,2002,7,GB,1.648,3.172
2002_09_MIA_GB,2002,9,GB,3.172,3.569
2002_10_DET_GB,2002,10,GB,3.569,3.419
2002_11_GB_MIN,2002,11,GB,3.419,2.929
2002_12_GB_TB,2002,12,GB,2.929,2.202
2002_13_CHI_GB,2002,13,GB,2.202,1.938
2002_14_MIN_GB,2002,14,GB,1.938,1.793
2002_15_GB_SF,2002,15,GB,1.793,2.09
2002_16_BUF_GB,2002,16,GB,2.09,4.711
2002_17_GB_NYJ,2002,17,GB,4.711,2.905
2002_18_ATL_GB,2002,18,GB,2.905,2.24
2003_01_MIN_GB,2003,1,GB,1.436,0.539
2003_02_DET_GB,2003,2,GB,0.539,2.31
2003_03_GB_ARI,2003,3,GB,2.31,0.404
2003_04_GB_CHI,2003,4,GB,0.404,0.939
2003_05_SEA_GB,2003,5,GB,0.939,1.64
2003_06_KC_GB,2003,6,GB,1.64,-1.761
2003_07_GB_LAR,2003,7,GB,-1.761,-2.346
2003_09_GB_MIN,2003,9,GB,-2.346,-3.142
2003_10_PHI_GB,2003,10,GB,-3.142,-4.143
2003_11_GB_TB,2003,11,GB,-4.143,-1.96
2003_12_SF_GB,2003,12,GB,-1.96,-0.288
2003_13_GB_DET,2003,13,GB,-0.288,0.051
2003_14_CHI_GB,2003,14,GB,0.051,1.558
2003_15_GB_LAC,2003,15,GB,1.558,-0.561
2003_16_GB_OAK,2003,16,GB,-0.561,0.877
2003_17_DEN_GB,2003,17,GB,0.877,1.053
2003_18_SEA_GB,2003,18,GB,1.053,0.943
2003_19_GB_PHI,2003,19,GB,0.943,0.312
2004_01_GB_CAR,2004,1,GB,0.2,-0.452
2004_02_CHI_GB,2004,2,GB,-0.452,-0.462
2004_03_GB_IND,2004,3,GB,-0.462,-3.787
2004_04_NYG_GB,2004,4,GB,-3.787,-3.658
2004_05_TEN_GB,2004,5,GB,-3.658,-4.863
2004_06_GB_DET,2004,6,GB,-4.863,-4.03
2004_07_DAL_GB,2004,7,GB,-4.03,-5.05
2004_08_GB_WAS,2004,8,GB,-5.05,-4.147
2004_10_MIN_GB,2004,10,GB,-4.147,-5.3
2004_11_GB_HOU,2004,11,GB,-5.3,-5.593
2004_12_LAR_GB,2004,12,GB,-5.593,-7.052
2004_13_GB_PHI,2004,13,GB,-7.052,-10.08
2004_14_DET_GB,2004,14,GB,-10.08,-8.496
2004_15_JAX_GB,2004,15,GB,-8.496,-8.57
2004_16_GB_MIN,2004,16,GB,-8.57,-10.015
2004_17_GB_CHI,2004,17,GB,-10.015,-8.209
2004_18_MIN_GB,2004,18,GB,-8.209,-9.414
2005_01_GB_DET,2005,1,GB,-6.034,-6.389
2005_02_CLE_GB,2005,2,GB,-6.389,-9.552
2005_03_TB_GB,2005,3,GB,-9.552,-8.862
2005_04_GB_CAR,2005,4,GB,-8.862,-9.277
2005_05_NO_GB,2005,5,GB,-9.277,-7.369
2005_07_GB_MIN,2005,7,GB,-7.369,-8.406
2005_08_GB_CIN,2005,8,GB,-8.406,-8.429
2005_09_PIT_GB,2005,9,GB,-8.429,-7.226
2005_10_GB_ATL,2005,10,GB,-7.226,-8.32
2005_11_MIN_GB,2005,11,GB,-8.32,-6.612
2005_12_GB_PHI,2005,12,GB,-6.612,-5.86
2005_13_GB_CHI,2005,13,GB,-5.86,-4.125
2005_14_DET_GB,2005,14,GB,-4.125,-4.786
2005_15_GB_BAL,2005,15,GB,-4.786,-8.032
2005_16_CHI_GB,2005,16,GB,-8.032,-7.372
2005_17_SEA_GB,2005,17,GB,-7.372,-6.105
2006_01_CHI_GB,2006,1,GB,-3.913,-4.973
2006_02_NO_GB,2006,2,GB,-4.973,-5.132
2006_03_GB_DET,2006,3,GB,-5.132,-6.217
2006_04_GB_PHI,2006,4,GB,-6.217,-7.627
2006_05_LAR_GB,2006,5,GB,-7.627,-8.303
2006_07_GB_MIA,2006,7,GB,-8.303,-7.8
2006_08_ARI_GB,2006,8,GB,-7.8,-5.684
2006_09_GB_BUF,2006,9,GB,-5.684,-4.38
2006_10_GB_MIN,2006,10,GB,-4.38,-3.909
2006_11_NE_GB,2006,11,GB,-3.909,-5.713
2006_12_GB_SEA,2006,12,GB,-5.713,-4.362
2006_13_NYJ_GB,2006,13,GB,-4.362,-6.132
2006_14_GB_SF,2006,14,GB,-6.132,-5.482
2006_15_DET_GB,2006,15,GB,-5.482,-3.234
2006_16_MIN_GB,2006,16,GB,-3.234,-1.749
2006_17_GB_CHI,2006,17,GB,-1.749,1.528
2007_01_PHI_GB,2007,1,GB,0.98,2.283
2007_02_GB_NYG,2007,2,GB,2.283,2.361
2007_03_LAC_GB,2007,3,GB,2.361,0.055
2007_04_GB_MIN,2007,4,GB,0.055,0.702
2007_05_CHI_GB,2007,5,GB,0.702,0.382
2007_06_WAS_GB,2007,6,GB,0.382,0.373
2007_08_GB_DEN,2007,8,GB,0.373,-0.251
2007_09_GB_KC,2007,9,GB,-0.251,0.752
2007_10_MIN_GB,2007,10,GB,0.752,1.21
2007_11_CAR_GB,2007,11,GB,1.21,0.744
2007_12_GB_DET,2007,12,GB,0.744,2.023
2007_13_GB_DAL,2007,13,GB,2.023,0.493
2007_14_OAK_GB,2007,14,GB,0.493,0.995
2007_15_GB_LAR,2007,15,GB,0.995,2.446
2007_16_GB_CHI,2007,16,GB,2.446,0.797
2007_17_DET_GB,2007,17,GB,0.797,1.105
2007_19_SEA_GB,2007,19,GB,1.105,1.455
2007_20_NYG_GB,2007,20,GB,1.455,0.68
2008_01_MIN_GB,2008,1,GB,0.436,0.008
2008_02_GB_DET,2008,2,GB,0.008,1.653
2008_03_DAL_GB,2008,3,GB,1.653,2.614
2008_04_GB_TB,2008,4,GB,2.614,4.295
2008_05_ATL_GB,2008,5,GB,4.295,2.94
2008_06_GB_SEA,2008,6,GB,2.94,3.438
2008_07_IND_GB,2008,7,GB,3.438,5.089
2008_09_GB_TEN,2008,9,GB,5.089,5.523
2008_10_GB_MIN,2008,10,GB,5.523,6.544
2008_11_CHI_GB,2008,11,GB,6.544,6.776
2008_12_GB_NO,2008,12,GB,6.776,4.49
2008_13_CAR_GB,2008,13,GB,4.49,3.944
2008_14_HOU_GB,2008,14,GB,3.944,1.004
2008_15_GB_JAX,2008,15,GB,1.004,-0.497
2008_16_GB_CHI,2008,16,GB,-0.497,0.453
2008_17_DET_GB,2008,17,GB,0.453,-0.07
2009_01_CHI_GB,2009,1,GB,-0.045,2.392
2009_02_CIN_GB,2009,2,GB,2.392,1.916
2009_03_GB_LAR,2009,3,GB,1.916,2.551
2009_04_GB_MIN,2009,4,GB,2.551,-0.038
2009_06_DET_GB,2009,6,GB,-0.038,1.986
2009_07_GB_CLE,2009,7,GB,1.986,3.649
2009_08_MIN_GB,2009,8,GB,3.649,1.736
2009_09_GB_TB,2009,9,GB,1.736,0.843
2009_10_DAL_GB,2009,10,GB,0.843,1.924
2009_11_SF_GB,2009,11,GB,1.924,1.124
2009_12_GB_DET,2009,12,GB,1.124,3.194
2009_13_BAL_GB,2009,13,GB,3.194,5.727
2009_14_GB_CHI,2009,14,GB,5.727,6.157
2009_15_GB_PIT,2009,15,GB,6.157,3.447
2009_16_SEA_GB,2009,16,GB,3.447,5.396
2009_17_GB_ARI,2009,17,GB,5.396,6.808
2009_18_GB_ARI,2009,18,GB,6.808,2.434
2010_01_GB_PHI,2010,1,GB,1.56,3.267
2010_02_BUF_GB,2010,2,GB,3.267,5.34
2010_03_GB_CHI,2010,3,GB,5.34,5.382
2010_04_DET_GB,2010,4,GB,5.382,3.537
2010_05_GB_WAS,2010,5,GB,3.537,4.431
2010_06_MIA_GB,2010,6,GB,4.431,3.3
2010_07_MIN_GB,2010,7,GB,3.3,4.413
2010_08_GB_NYJ,2010,8,GB,4.413,5.3
2010_09_DAL_GB,2010,9,GB,5.3,6.33
2010_11_GB_MIN,2010,11,GB,6.33,7.384
2010_12_GB_ATL,2010,12,GB,7.384,6.756
2010_13_SF_GB,2010,13,GB,6.756,6.835
2010_14_GB_DET,2010,14,GB,6.835,7.227
2010_15_GB_NE,2010,15,GB,7.227,8.313
2010_16_NYG_GB,2010,16,GB,8.313,8.997
2010_17_CHI_GB,2010,17,GB,8.997,11.234
2010_18_GB_PHI,2010,18,GB,11.234,10.9
2010_19_GB_ATL,2010,19,GB,10.9,12.71
2010_20_GB_CHI,2010,20,GB,12.71,13.758
2010_21_PIT_GB,2010,21,GB,13.758,12.892
2011_01_NO_GB,2011,1,GB,8.264,6.421
2011_02_GB_CAR,2011,2,GB,6.421,5.107
2011_03_GB_CHI,2011,3,GB,5.107,4.888
2011_04_DEN_GB,2011,4,GB,4.888,4.061
2011_05_GB_ATL,2011,5,GB,4.061,5.239
2011_06_LAR_GB,2011,6,GB,5.239,4.256
2011_07_GB_MIN,2011,7,GB,4.256,4.512
2011_09_GB_LAC,2011,9,GB,4.512,3.779
2011_10_MIN_GB,2011,10,GB,3.779,4.703
2011_11_TB_GB,2011,11,GB,4.703,3.358
2011_12_GB_DET,2011,12,GB,3.358,2.998
2011_13_GB_NYG,2011,13,GB,2.998,1.879
2011_14_OAK_GB,2011,14,GB,1.879,3.055
2011_15_GB_KC,2011,15,GB,3.055,1.535
2011_16_CHI_GB,2011,16,GB,1.535,0.301
2011_17_DET_GB,2011,17,GB,0.301,-2.386
2011_19_NYG_GB,2011,19,GB,-2.386,-3.661
2012_01_SF_GB,2012,1,GB,-2.347,-2.916
2012_02_CHI_GB,2012,2,GB,-2.916,1.89
2012_03_GB_SEA,2012,3,GB,1.89,1.095
2012_04_NO_GB,2012,4,GB,1.095,-1.0
2012_05_GB_IND,2012,5,GB,-1.0,-2.119
2012_06_GB_HOU,2012,6,GB,-2.119,0.047
2012_07_GB_LAR,2012,7,GB,0.047,-0.08
2012_08_JAX_GB,2012,8,GB,-0.08,-1.392
2012_09_ARI_GB,2012,9,GB,-1.392,-1.742
2012_11_GB_DET,2012,11,GB,-1.742,1.411
2012_12_GB_NYG,2012,12,GB,1.411,-0.17
2012_13_MIN_GB,2012,13,GB,-0.17,0.54
2012_14_DET_GB,2012,14,GB,0.54,0.283
2012_15_GB_CHI,2012,15,GB,0.283,1.583
2012_16_TEN_GB,2012,16,GB,1.583,4.369
2012_17_GB_MIN,2012,17,GB,4.369,2.316
2012_18_MIN_GB,2012,18,GB,2.316,2.21
2012_19_GB_SF,2012,19,GB,2.21,-2.57
2013_01_GB_SF,2013,1,GB,-1.648,-4.019
2013_02_WAS_GB,2013,2,GB,-4.019,-4.901
2013_03_GB_CIN,2013,3,GB,-4.901,-4.641
2013_05_DET_GB,2013,5,GB,-4.641,-3.32
2013_06_GB_BAL,2013,6,GB,-3.32,-3.875
2013_07_CLE_GB,2013,7,GB,-3.875,-2.185
2013_08_GB_MIN,2013,8,GB,-2.185,-2.559
2013_09_CHI_GB,2013,9,GB,-2.559,-4.311
2013_10_PHI_GB,2013,10,GB,-4.311,-5.424
2013_11_GB_NYG,2013,11,GB,-5.424,-5.548
2013_12_MIN_GB,2013,12,GB,-5.548,-5.063
2013_13_GB_DET,2013,13,GB,-5.063,-5.4
2013_14_ATL_GB,2013,14,GB,-5.4,-5.341
2013_15_GB_DAL,2013,15,GB,-5.341,-4.908
2013_16_PIT_GB,2013,16,GB,-4.908,-4.969
2013_17_GB_CHI,2013,17,GB,-4.969,-5.52
2013_18_SF_GB,2013,18,GB,-5.52,-6.487
2014_01_GB_SEA,2014,1,GB,-4.158,-5.028
2014_02_NYJ_GB,2014,2,GB,-5.028,-5.268
2014_03_GB_DET,2014,3,GB,-5.268,-3.664
2014_04_GB_CHI,2014,4,GB,-3.664,-4.003
2014_05_MIN_GB,2014,5,GB,-4.003,-1.724
2014_06_GB_MIA,2014,6,GB,-1.724,-2.973
2014_07_CAR_GB,2014,7,GB,-2.973,-1.973
2014_08_GB_NO,2014,8,GB,-1.973,-3.427
2014_10_CHI_GB,2014,10,GB,-3.427,-1.958
2014_11_PHI_GB,2014,11,GB,-1.958,-2.587
2014_12_GB_MIN,2014,12,GB,-2.587,-3.271
2014_13_NE_GB,2014,13,GB,-3.271,-3.206
2014_14_ATL_GB,2014,14,GB,-3.206,-5.177
2014_15_GB_BUF,2014,15,GB,-5.177,-2.694
2014_16_GB_TB,2014,16,GB,-2.694,0.491
2014_17_DET_GB,2014,17,GB,0.491,-0.427
2014_19_DAL_GB,2014,19,GB,-0.427,-0.12
2014_20_GB_SEA,2014,20,GB,-0.12,3.138
2015_01_GB_CHI,2015,1,GB,2.011,2.404
2015_02_SEA_GB,2015,2,GB,2.404,1.432
2015_03_KC_GB,2015,3,GB,1.432,2.49
2015_04_GB_SF,2015,4,GB,2.49,4.384
2015_05_LAR_GB,2015,5,GB,4.384,8.258
2015_06_LAC_GB,2015,6,GB,8.258,5.681
2015_08_GB_DEN,2015,8,GB,5.681,4.801
2015_09_GB_CAR,2015,9,GB,4.801,2.261
2015_10_DET_GB,2015,10,GB,2.261,1.39
2015_11_GB_MIN,2015,11,GB,1.39,0.505
2015_12_CHI_GB,2015,12,GB,0.505,0.47
2015_13_GB_DET,2015,13,GB,0.47,0.001
2015_14_DAL_GB,2015,14,GB,0.001,1.736
2015_15_GB_OAK,2015,15,GB,1.736,2.205
2015_16_GB_ARI,2015,16,GB,2.205,2.491
2015_17_MIN_GB,2015,17,GB,2.491,4.521
2015_18_GB_WAS,2015,18,GB,4.521,4.68
2015_19_GB_ARI,2015,19,GB,4.68,4.664
2016_01_GB_JAX,2016,1,GB,2.989,3.004
2016_02_GB_MIN,2016,2,GB,3.004,2.422
2016_03_DET_GB,2016,3,GB,2.422,0.712
2016_05_NYG_GB,2016,5,GB,0.712,1.792
2016_06_DAL_GB,2016,6,GB,1.792,0.853
2016_07_CHI_GB,2016,7,GB,0.853,2.375
2016_08_GB_ATL,2016,8,GB,2.375,0.733
2016_09_IND_GB,2016,9,GB,0.733,1.588
2016_10_GB_TEN,2016,10,GB,1.588,-0.273
2016_11_GB_WAS,2016,11,GB,-0.273,-1.893
2016_12_GB_PHI,2016,12,GB,-1.893,-2.223
2016_13_HOU_GB,2016,13,GB,-2.223,-3.276
2016_14_SEA_GB,2016,14,GB,-3.276,-0.101
2016_15_GB_CHI,2016,15,GB,-0.101,-1.97
2016_16_MIN_GB,2016,16,GB,-1.97,-3.63
2016_17_GB_DET,2016,17,GB,-3.63,-4.115
2016_18_NYG_GB,2016,18,GB,-4.115,-4.249
2016_19_GB_DAL,2016,19,GB,-4.249,-4.781
2016_20_GB_ATL,2016,20,GB,-4.781,-8.025
2017_01_SEA_GB,2017,1,GB,-5.144,-3.912
2017_02_GB_ATL,2017,2,GB,-3.912,-3.323
2017_03_CIN_GB,2017,3,GB,-3.323,-3.821
2017_04_CHI_GB,2017,4,GB,-3.821,-3.409
2017_05_GB_DAL,2017,5,GB,-3.409,-5.149
2017_06_GB_MIN,2017,6,GB,-5.149,-5.65
2017_07_NO_GB,2017,7,GB,-5.65,-5.274
2017_09_DET_GB,2017,9,GB,-5.274,-7.464
2017_10_GB_CHI,2017,10,GB,-7.464,-7.246
2017_11_BAL_GB,2017,11,GB,-7.246,-7.093
2017_12_GB_PIT,2017,12,GB,-7.093,-9.187
2017_13_TB_GB,2017,13,GB,-9.187,-8.58
2017_14_GB_CLE,2017,14,GB,-8.58,-9.481
2017_15_GB_CAR,2017,15,GB,-9.481,-11.389
2017_16_MIN_GB,2017,16,GB,-11.389,-9.791
2017_17_GB_DET,2017,17,GB,-9.791,-10.899
2018_01_CHI_GB,2018,1,GB,-6.987,-6.857
2018_02_MIN_GB,2018,2,GB,-6.857,-9.335
2018_03_GB_WAS,2018,3,GB,-9.335,-9.14
2018_04_BUF_GB,2018,4,GB,-9.14,-5.238
2018_05_GB_DET,2018,5,GB,-5.238,-3.998
2018_06_SF_GB,2018,6,GB,-3.998,-4.764
2018_08_GB_LAR,2018,8,GB,-4.764,-4.108
2018_09_GB_NE,2018,9,GB,-4.108,-3.278
2018_10_MIA_GB,2018,10,GB,-3.278,-1.461
2018_11_GB_SEA,2018,11,GB,-1.461,-1.443
2018_12_GB_MIN,2018,12,GB,-1.443,-3.385
2018_13_ARI_GB,2018,13,GB,-3.385,-3.464
2018_14_ATL_GB,2018,14,GB,-3.464,-3.477
2018_15_GB_CHI,2018,15,GB,-3.477,-4.458
2018_16_GB_NYJ,2018,16,GB,-4.458,-6.854
2018_17_DET_GB,2018,17,GB,-6.854,-7.934
2019_01_GB_CHI,2019,1,GB,-5.086,-2.647
2019_02_MIN_GB,2019,2,GB,-2.647,-0.934
2019_03_DEN_GB,2019,3,GB,-0.934,1.168
2019_04_PHI_GB,2019,4,GB,1.168,0.757
2019_05_GB_DAL,2019,5,GB,0.757,0.749
2019_06_DET_GB,2019,6,GB,0.749,1.766
2019_07_OAK_GB,2019,7,GB,1.766,0.466
2019_08_GB_KC,2019,8,GB,0.466,-0.936
2019_09_GB_LAC,2019,9,GB,-0.936,-0.864
2019_10_CAR_GB,2019,10,GB,-0.864,-1.77
2019_12_GB_SF,2019,12,GB,-1.77,-2.009
2019_13_GB_NYG,2019,13,GB,-2.009,-0.646
2019_14_WAS_GB,2019,14,GB,-0.646,0.29
2019_15_CHI_GB,2019,15,GB,0.29,0.4
2019_16_GB_MIN,2019,16,GB,0.4,3.791
2019_17_GB_DET,2019,17,GB,3.791,4.852
2019_19_SEA_GB,2019,19,GB,4.852,4.134
2019_20_GB_SF,2019,20,GB,4.134,5.369
2020_01_GB_MIN,2020,1,GB,3.441,2.487
2020_02_DET_GB,2020,2,GB,2.487,3.189
2020_03_GB_NO,2020,3,GB,3.189,1.882
2020_04_ATL_GB,2020,4,GB,1.882,2.381
2020_06_GB_TB,2020,6,GB,2.381,2.416
2020_07_GB_HOU,2020,7,GB,2.416,1.18
2020_08_MIN_GB,2020,8,GB,1.18,0.84
2020_09_GB_SF,2020,9,GB,0.84,0.234
2020_10_JAX_GB,2020,10,GB,0.234,1.168
2020_11_GB_IND,2020,11,GB,1.168,0.346
2020_12_CHI_GB,2020,12,GB,0.346,0.725
2020_13_PHI_GB,2020,13,GB,0.725,2.665
2020_14_GB_DET,2020,14,GB,2.665,2.73
2020_15_CAR_GB,2020,15,GB,2.73,2.793
2020_16_TEN_GB,2020,16,GB,2.793,4.005
2020_17_GB_CHI,2020,17,GB,4.005,3.167
2020_19_LAR_GB,2020,19,GB,3.167,3.526
2020_20_TB_GB,2020,20,GB,3.526,4.745
2021_01_GB_NO,2021,1,GB,3.042,0.684
2021_02_DET_GB,2021,2,GB,0.684,-0.673
2021_03_GB_SF,2021,3,GB,-0.673,-0.387
2021_04_PIT_GB,2021,4,GB,-0.387,0.233
2021_05_GB_CIN,2021,5,GB,0.233,0.51
2021_06_GB_CHI,2021,6,GB,0.51,0.92
2021_07_WAS_GB,2021,7,GB,0.92,-0.644
2021_08_GB_ARI,2021,8,GB,-0.644,1.22
2021_09_GB_KC,2021,9,GB,1.22,2.855
2021_10_SEA_GB,2021,10,GB,2.855,5.711
2021_11_GB_MIN,2021,11,GB,5.711,4.586
2021_12_LAR_GB,2021,12,GB,4.586,4.385
2021_14_CHI_GB,2021,14,GB,4.385,3.387
2021_15_GB_BAL,2021,15,GB,3.387,-0.681
2021_16_CLE_GB,2021,16,GB,-0.681,1.794
2021_17_MIN_GB,2021,17,GB,1.794,0.307
2021_18_GB_DET,2021,18,GB,0.307,-0.641
2021_20_SF_GB,2021,20,GB,-0.641,1.267
2022_01_GB_MIN,2022,1,GB,0.812,-0.138
2022_02_CHI_GB,2022,2,GB,-0.138,1.397
2022_03_GB_TB,2022,3,GB,1.397,1.399
2022_04_NE_GB,2022,4,GB,1.399,2.208
2022_05_NYG_GB,2022,5,GB,2.208,1.335
2022_06_NYJ_GB,2022,6,GB,1.335,2.554
2022_07_GB_WAS,2022,7,GB,2.554,2.184
2022_08_GB_BUF,2022,8,GB,2.184,4.162
2022_09_GB_DET,2022,9,GB,4.162,4.882
2022_10_DAL_GB,2022,10,GB,4.882,5.432
2022_11_TEN_GB,2022,11,GB,5.432,4.132
2022_12_GB_PHI,2022,12,GB,4.132,2.069
2022_13_GB_CHI,2022,13,GB,2.069,0.279
2022_15_LAR_GB,2022,15,GB,0.279,1.506
2022_16_GB_MIA,2022,16,GB,1.506,2.79
2022_17_MIN_GB,2022,17,GB,2.79,4.371
2022_18_DET_GB,2022,18,GB,4.371,4.647
2023_01_GB_CHI,2023,1,GB,2.978,3.193
2023_02_GB_ATL,2023,2,GB,3.193,1.859
2023_03_NO_GB,2023,3,GB,1.859,2.829
2023_04_DET_GB,2023,4,GB,2.829,3.602
2023_05_GB_OAK,2023,5,GB,3.602,4.242
2023_07_GB_DEN,2023,7,GB,4.242,3.577
2023_08_MIN_GB,2023,8,GB,3.577,2.759
2023_09_LAR_GB,2023,9,GB,2.759,3.316
2023_10_GB_PIT,2023,10,GB,3.316,3.542
2023_11_LAC_GB,2023,11,GB,3.542,2.225
2023_12_GB_DET,2023,12,GB,2.225,1.425
2023_13_KC_GB,2023,13,GB,1.425,2.933
2023_14_GB_NYG,2023,14,GB,2.933,-0.046
2023_15_TB_GB,2023,15,GB,-0.046,-2.303
2023_16_GB_CAR,2023,16,GB,-2.303,-4.629
2023_17_GB_MIN,2023,17,GB,-4.629,-2.447
2023_18_CHI_GB,2023,18,GB,-2.447,-0.641
2023_19_GB_DAL,2023,19,GB,-0.641,-1.477
2023_20_GB_SF,2023,20,GB,-1.477,-1.184
2024_01_GB_PHI,2024,1,GB,-0.759,0.059
2024_02_IND_GB,2024,2,GB,0.059,1.424
2024_03_GB_TEN,2024,3,GB,1.424,2.144
2024_04_MIN_GB,2024,4,GB,2.144,0.704
2024_05_GB_LAR,2024,5,GB,0.704,1.154
2024_06_ARI_GB,2024,6,GB,1.154,0.955
2024_07_HOU_GB,2024,7,GB,0.955,3.7
2024_08_GB_JAX,2024,8,GB,3.7,2.302
2024_09_DET_GB,2024,9,GB,2.302,2.428
2024_11_GB_CHI,2024,11,GB,2.428,0.659
2024_12_SF_GB,2024,12,GB,0.659,0.856
2024_13_MIA_GB,2024,13,GB,0.856,-0.417
2024_14_GB_DET,2024,14,GB,-0.417,-1.806
2024_15_GB_SEA,2024,15,GB,-1.806,-0.12
2024_16_NO_GB,2024,16,GB,-0.12,0.723
2024_17_GB_MIN,2024,17,GB,0.723,-1.493
2024_18_CHI_GB,2024,18,GB,-1.493,-2.594
2024_19_GB_PHI,2024,19,GB,-2.594,-1.996
2025_01_DET_GB,2025,1,GB,-1.279,-0.371
2025_02_WAS_GB,2025,2,GB,-0.371,0.814
2025_03_GB_CLE,2025,3,GB,0.814,2.389
2025_04_GB_DAL,2025,4,GB,2.389,-0.352
2025_06_CIN_GB,2025,6,GB,-0.352,-1.833
2025_07_GB_ARI,2025,7,GB,-1.833,-2.282
2025_08_GB_PIT,2025,8,GB,-2.282,-1.853
2025_09_CAR_GB,2025,9,GB,-1.853,-0.431
2025_10_PHI_GB,2025,10,GB,-0.431,-0.229
2025_11_GB_NYG,2025,11,GB,-0.229,-0.103
2025_12_MIN_GB,2025,12,GB,-0.103,2.534
2025_13_GB_DET,2025,13,GB,2.534,1.69
2025_14_CHI_GB,2025,14,GB,1.69,1.617
2025_15_GB_DEN,2025,15,GB,1.617,-0.487
2025_16_GB_CHI,2025,16,GB,-0.487,-1.64
2025_17_BAL_GB,2025,17,GB,-1.64,-2.603
2025_18_GB_MIN,2025,18,GB,-2.603,-2.99
2025_19_GB_CHI,2025,19,GB,-2.99,-2.671
2026_01_GB_MIN,2026,1,GB,-1.712,0.782
2002_01_DAL_HOU,2002,1,HOU,0.0,1.615
2002_02_HOU_LAC,2002,2,HOU,1.615,1.645
2002_03_IND_HOU,2002,3,HOU,1.645,0.665
2002_04_HOU_PHI,2002,4,HOU,0.665,1.402
2002_06_BUF_HOU,2002,6,HOU,1.402,1.233
2002_07_HOU_CLE,2002,7,HOU,1.233,0.221
2002_09_CIN_HOU,2002,9,HOU,0.221,-3.41
2002_10_HOU_TEN,2002,10,HOU,-3.41,-2.833
2002_11_JAX_HOU,2002,11,HOU,-2.833,-2.291
2002_12_NYG_HOU,2002,12,HOU,-2.291,-0.642
2002_13_HOU_IND,2002,13,HOU,-0.642,-0.041
2002_14_HOU_PIT,2002,14,HOU,-0.041,1.811
2002_15_BAL_HOU,2002,15,HOU,1.811,-0.241
2002_16_HOU_WAS,2002,16,HOU,-0.241,-1.381
2002_17_TEN_HOU,2002,17,HOU,-1.381,0.864
2003_01_HOU_MIA,2003,1,HOU,0.554,0.791
2003_02_HOU_NO,2003,2,HOU,0.791,-0.161
2003_03_KC_HOU,2003,3,HOU,-0.161,0.213
2003_04_JAX_HOU,2003,4,HOU,0.213,1.13
2003_06_HOU_TEN,2003,6,HOU,1.13,-1.106
2003_07_NYJ_HOU,2003,7,HOU,-1.106,-0.768
2003_08_HOU_IND,2003,8,HOU,-0.768,-2.483
2003_09_CAR_HOU,2003,9,HOU,-2.483,-3.13
2003_10_HOU_CIN,2003,10,HOU,-3.13,-3.626
2003_11_HOU_BUF,2003,11,HOU,-3.626,-2.884
2003_12_NE_HOU,2003,12,HOU,-2.884,-3.039
2003_13_ATL_HOU,2003,13,HOU,-3.039,-2.2
2003_14_HOU_JAX,2003,14,HOU,-2.2,-2.769
2003_15_HOU_TB,2003,15,HOU,-2.769,-3.152
2003_16_TEN_HOU,2003,16,HOU,-3.152,-2.746
2003_17_IND_HOU,2003,17,HOU,-2.746,-2.096
2004_01_LAC_HOU,2004,1,HOU,-1.343,-2.719
2004_02_HOU_DET,2004,2,HOU,-2.719,-3.883
2004_03_HOU_KC,2004,3,HOU,-3.883,-4.235
2004_04_OAK_HOU,2004,4,HOU,-4.235,-2.655
2004_05_MIN_HOU,2004,5,HOU,-2.655,-5.855
2004_06_HOU_TEN,2004,6,HOU,-5.855,-3.474
2004_08_JAX_HOU,2004,8,HOU,-3.474,-2.453
2004_09_HOU_DEN,2004,9,HOU,-2.453,-4.174
2004_10_HOU_IND,2004,10,HOU,-4.174,-4.605
2004_11_GB_HOU,2004,11,HOU,-4.605,-5.476
2004_12_TEN_HOU,2004,12,HOU,-5.476,-7.355
2004_13_HOU_NYJ,2004,13,HOU,-7.355,-7.472
2004_14_IND_HOU,2004,14,HOU,-7.472,-7.298
2004_15_HOU_CHI,2004,15,HOU,-7.298,-7.257
2004_16_HOU_JAX,2004,16,HOU,-7.257,-4.844
2004_17_CLE_HOU,2004,17,HOU,-4.844,-4.678
2005_01_HOU_BUF,2005,1,HOU,-2.998,-4.038
2005_02_PIT_HOU,2005,2,HOU,-4.038,-5.213
2005_04_HOU_CIN,2005,4,HOU,-5.213,-5.806
2005_05_TEN_HOU,2005,5,HOU,-5.806,-7.637
2005_06_HOU_SEA,2005,6,HOU,-7.637,-7.13
2005_07_IND_HOU,2005,7,HOU,-7.13,-6.806
2005_08_CLE_HOU,2005,8,HOU,-6.806,-6.878
2005_09_HOU_JAX,2005,9,HOU,-6.878,-8.246
2005_10_HOU_IND,2005,10,HOU,-8.246,-9.387
2005_11_KC_HOU,2005,11,HOU,-9.387,-10.424
2005_12_LAR_HOU,2005,12,HOU,-10.424,-9.063
2005_13_HOU_BAL,2005,13,HOU,-9.063,-8.86
2005_14_HOU_TEN,2005,14,HOU,-8.86,-8.844
2005_15_ARI_HOU,2005,15,HOU,-8.844,-8.4
2005_16_JAX_HOU,2005,16,HOU,-8.4,-9.586
2005_17_HOU_SF,2005,17,HOU,-9.586,-9.503
2006_01_PHI_HOU,2006,1,HOU,-6.091,-7.382
2006_02_HOU_IND,2006,2,HOU,-7.382,-8.987
2006_03_WAS_HOU,2006,3,HOU,-8.987,-11.222
2006_04_MIA_HOU,2006,4,HOU,-11.222,-10.345
2006_06_HOU_DAL,2006,6,HOU,-10.345,-10.88
2006_07_JAX_HOU,2006,7,HOU,-10.88,-9.503
2006_08_HOU_TEN,2006,8,HOU,-9.503,-10.395
2006_09_HOU_NYG,2006,9,HOU,-10.395,-9.409
2006_10_HOU_JAX,2006,10,HOU,-9.409,-7.094
2006_11_BUF_HOU,2006,11,HOU,-7.094,-9.766
2006_12_HOU_NYJ,2006,12,HOU,-9.766,-11.626
2006_13_HOU_OAK,2006,13,HOU,-11.626,-9.818
2006_14_TEN_HOU,2006,14,HOU,-9.818,-11.281
2006_15_HOU_NE,2006,15,HOU,-11.281,-11.041
2006_16_IND_HOU,2006,16,HOU,-11.041,-11.516
2006_17_CLE_HOU,2006,17,HOU,-11.516,-12.359
2007_01_KC_HOU,2007,1,HOU,-7.922,-6.249
2007_02_HOU_CAR,2007,2,HOU,-6.249,-7.349
2007_03_IND_HOU,2007,3,HOU,-7.349,-7.314
2007_04_HOU_ATL,2007,4,HOU,-7.314,-8.77
2007_05_MIA_HOU,2007,5,HOU,-8.77,-7.784
2007_06_HOU_JAX,2007,6,HOU,-7.784,-9.238
2007_07_TEN_HOU,2007,7,HOU,-9.238,-9.868
2007_08_HOU_LAC,2007,8,HOU,-9.868,-10.222
2007_09_HOU_OAK,2007,9,HOU,-10.222,-8.55
2007_11_NO_HOU,2007,11,HOU,-8.55,-7.92
2007_12_HOU_CLE,2007,12,HOU,-7.92,-8.777
2007_13_HOU_TEN,2007,13,HOU,-8.777,-10.038
2007_14_TB_HOU,2007,14,HOU,-10.038,-10.37
2007_15_DEN_HOU,2007,15,HOU,-10.37,-9.875
2007_16_HOU_IND,2007,16,HOU,-9.875,-11.591
2007_17_JAX_HOU,2007,17,HOU,-11.591,-14.127
2008_01_HOU_PIT,2008,1,HOU,-9.055,-9.63
2008_03_HOU_TEN,2008,3,HOU,-9.63,-10.026
2008_04_HOU_JAX,2008,4,HOU,-10.026,-11.98
2008_05_IND_HOU,2008,5,HOU,-11.98,-11.765
2008_06_MIA_HOU,2008,6,HOU,-11.765,-12.372
2008_07_DET_HOU,2008,7,HOU,-12.372,-13.077
2008_08_CIN_HOU,2008,8,HOU,-13.077,-12.581
2008_09_HOU_MIN,2008,9,HOU,-12.581,-12.487
2008_10_BAL_HOU,2008,10,HOU,-12.487,-12.664
2008_11_HOU_IND,2008,11,HOU,-12.664,-13.572
2008_12_HOU_CLE,2008,12,HOU,-13.572,-11.55
2008_13_JAX_HOU,2008,13,HOU,-11.55,-11.531
2008_14_HOU_GB,2008,14,HOU,-11.531,-12.278
2008_15_TEN_HOU,2008,15,HOU,-12.278,-10.903
2008_16_HOU_OAK,2008,16,HOU,-10.903,-12.648
2008_17_CHI_HOU,2008,17,HOU,-12.648,-14.026
2009_01_NYJ_HOU,2009,1,HOU,-8.991,-9.398
2009_02_HOU_TEN,2009,2,HOU,-9.398,-9.803
2009_03_JAX_HOU,2009,3,HOU,-9.803,-10.783
2009_04_OAK_HOU,2009,4,HOU,-10.783,-9.191
2009_05_HOU_ARI,2009,5,HOU,-9.191,-10.268
2009_06_HOU_CIN,2009,6,HOU,-10.268,-10.305
2009_07_SF_HOU,2009,7,HOU,-10.305,-8.702
2009_08_HOU_BUF,2009,8,HOU,-8.702,-6.991
2009_09_HOU_IND,2009,9,HOU,-6.991,-6.309
2009_11_TEN_HOU,2009,11,HOU,-6.309,-7.204
2009_12_IND_HOU,2009,12,HOU,-7.204,-6.514
2009_13_HOU_JAX,2009,13,HOU,-6.514,-5.999
2009_14_SEA_HOU,2009,14,HOU,-5.999,-5.802
2009_15_HOU_LAR,2009,15,HOU,-5.802,-5.857
2009_16_HOU_MIA,2009,16,HOU,-5.857,-6.598
2009_17_NE_HOU,2009,17,HOU,-6.598,-4.706
2010_01_IND_HOU,2010,1,HOU,-3.017,-5.278
2010_02_HOU_WAS,2010,2,HOU,-5.278,-6.88
2010_03_DAL_HOU,2010,3,HOU,-6.88,-8.337
2010_04_HOU_OAK,2010,4,HOU,-8.337,-8.45
2010_05_NYG_HOU,2010,5,HOU,-8.45,-9.445
2010_06_KC_HOU,2010,6,HOU,-9.445,-11.158
2010_08_HOU_IND,2010,8,HOU,-11.158,-10.489
2010_09_LAC_HOU,2010,9,HOU,-10.489,-11.185
2010_10_HOU_JAX,2010,10,HOU,-11.185,-13.372
2010_11_HOU_NYJ,2010,11,HOU,-13.372,-14.198
2010_12_TEN_HOU,2010,12,HOU,-14.198,-12.081
2010_13_HOU_PHI,2010,13,HOU,-12.081,-13.384
2010_14_BAL_HOU,2010,14,HOU,-13.384,-12.763
2010_15_HOU_TEN,2010,15,HOU,-12.763,-12.272
2010_16_HOU_DEN,2010,16,HOU,-12.272,-13.277
2010_17_JAX_HOU,2010,17,HOU,-13.277,-12.245
2011_01_IND_HOU,2011,1,HOU,-7.849,-7.097
2011_02_HOU_MIA,2011,2,HOU,-7.097,-6.015
2011_03_HOU_NO,2011,3,HOU,-6.015,-6.033
2011_04_PIT_HOU,2011,4,HOU,-6.033,-3.624
2011_05_OAK_HOU,2011,5,HOU,-3.624,-1.966
2011_06_HOU_BAL,2011,6,HOU,-1.966,-2.352
2011_07_HOU_TEN,2011,7,HOU,-2.352,-0.047
2011_08_JAX_HOU,2011,8,HOU,-0.047,1.76
2011_09_CLE_HOU,2011,9,HOU,1.76,2.735
2011_10_HOU_TB,2011,10,HOU,2.735,5.55
2011_12_HOU_JAX,2011,12,HOU,5.55,7.719
2011_13_ATL_HOU,2011,13,HOU,7.719,8.794
2011_14_HOU_CIN,2011,14,HOU,8.794,8.25
2011_15_CAR_HOU,2011,15,HOU,8.25,7.652
2011_16_HOU_IND,2011,16,HOU,7.652,7.148
2011_17_TEN_HOU,2011,17,HOU,7.148,5.713
2011_18_CIN_HOU,2011,18,HOU,5.713,7.161
2011_19_HOU_BAL,2011,19,HOU,7.161,7.776
2012_01_MIA_HOU,2012,1,HOU,4.985,6.858
2012_02_HOU_JAX,2012,2,HOU,6.858,7.885
2012_03_HOU_DEN,2012,3,HOU,7.885,7.904
2012_04_TEN_HOU,2012,4,HOU,7.904,9.561
2012_05_HOU_NYJ,2012,5,HOU,9.561,10.642
2012_06_GB_HOU,2012,6,HOU,10.642,7.597
2012_07_BAL_HOU,2012,7,HOU,7.597,10.07
2012_09_BUF_HOU,2012,9,HOU,10.07,10.062
2012_10_HOU_CHI,2012,10,HOU,10.062,11.027
2012_11_JAX_HOU,2012,11,HOU,11.027,11.22
2012_12_HOU_DET,2012,12,HOU,11.22,10.255
2012_13_HOU_TEN,2012,13,HOU,10.255,11.688
2012_14_HOU_NE,2012,14,HOU,11.688,10.258
2012_15_IND_HOU,2012,15,HOU,10.258,10.623
2012_16_MIN_HOU,2012,16,HOU,10.623,9.149
2012_17_HOU_IND,2012,17,HOU,9.149,8.537
2012_18_CIN_HOU,2012,18,HOU,8.537,9.969
2012_19_HOU_NE,2012,19,HOU,9.969,8.547
2013_01_HOU_LAC,2013,1,HOU,5.479,4.931
2013_02_TEN_HOU,2013,2,HOU,4.931,5.055
2013_03_HOU_BAL,2013,3,HOU,5.055,5.542
2013_04_SEA_HOU,2013,4,HOU,5.542,7.251
2013_05_HOU_SF,2013,5,HOU,7.251,7.882
2013_06_LAR_HOU,2013,6,HOU,7.882,6.472
2013_07_HOU_KC,2013,7,HOU,6.472,5.302
2013_09_IND_HOU,2013,9,HOU,5.302,5.513
2013_10_HOU_ARI,2013,10,HOU,5.513,4.56
2013_11_OAK_HOU,2013,11,HOU,4.56,3.222
2013_12_JAX_HOU,2013,12,HOU,3.222,2.83
2013_13_NE_HOU,2013,13,HOU,2.83,1.304
2013_14_HOU_JAX,2013,14,HOU,1.304,0.661
2013_15_HOU_IND,2013,15,HOU,0.661,0.662
2013_16_DEN_HOU,2013,16,HOU,0.662,-0.818
2013_17_HOU_TEN,2013,17,HOU,-0.818,0.357
2014_01_WAS_HOU,2014,1,HOU,0.229,-0.18
2014_02_HOU_OAK,2014,2,HOU,-0.18,-2.149
2014_03_HOU_NYG,2014,3,HOU,-2.149,-3.466
2014_04_BUF_HOU,2014,4,HOU,-3.466,-2.177
2014_05_HOU_DAL,2014,5,HOU,-2.177,-3.094
2014_06_IND_HOU,2014,6,HOU,-3.094,-3.074
2014_07_HOU_PIT,2014,7,HOU,-3.074,-3.567
2014_08_HOU_TEN,2014,8,HOU,-3.567,-4.893
2014_09_PHI_HOU,2014,9,HOU,-4.893,-3.22
2014_11_HOU_CLE,2014,11,HOU,-3.22,-2.107
2014_12_CIN_HOU,2014,12,HOU,-2.107,-2.388
2014_13_TEN_HOU,2014,13,HOU,-2.388,-2.722
2014_14_HOU_JAX,2014,14,HOU,-2.722,-1.796
2014_15_HOU_IND,2014,15,HOU,-1.796,-0.017
2014_16_BAL_HOU,2014,16,HOU,-0.017,2.94
2014_17_JAX_HOU,2014,17,HOU,2.94,3.612
2015_01_KC_HOU,2015,1,HOU,2.316,1.137
2015_02_HOU_CAR,2015,2,HOU,1.137,0.271
2015_03_TB_HOU,2015,3,HOU,0.271,0.327
2015_04_HOU_ATL,2015,4,HOU,0.327,0.477
2015_05_IND_HOU,2015,5,HOU,0.477,-0.654
2015_06_HOU_JAX,2015,6,HOU,-0.654,-1.364
2015_07_HOU_MIA,2015,7,HOU,-1.364,-3.358
2015_08_TEN_HOU,2015,8,HOU,-3.358,-1.469
2015_10_HOU_CIN,2015,10,HOU,-1.469,0.536
2015_11_NYJ_HOU,2015,11,HOU,0.536,2.056
2015_12_NO_HOU,2015,12,HOU,2.056,4.169
2015_13_HOU_BUF,2015,13,HOU,4.169,2.258
2015_14_NE_HOU,2015,14,HOU,2.258,2.516
2015_15_HOU_IND,2015,15,HOU,2.516,3.297
2015_16_HOU_TEN,2015,16,HOU,3.297,2.844
2015_17_JAX_HOU,2015,17,HOU,2.844,6.473
2015_18_KC_HOU,2015,18,HOU,6.473,6.722
2016_01_CHI_HOU,2016,1,HOU,4.309,5.801
2016_02_KC_HOU,2016,2,HOU,5.801,7.622
2016_03_HOU_NE,2016,3,HOU,7.622,6.763
2016_04_TEN_HOU,2016,4,HOU,6.763,7.571
2016_05_HOU_MIN,2016,5,HOU,7.571,6.38
2016_06_IND_HOU,2016,6,HOU,6.38,5.371
2016_07_HOU_DEN,2016,7,HOU,5.371,4.79
2016_08_DET_HOU,2016,8,HOU,4.79,4.489
2016_10_HOU_JAX,2016,10,HOU,4.489,3.777
2016_11_HOU_OAK,2016,11,HOU,3.777,2.705
2016_12_LAC_HOU,2016,12,HOU,2.705,1.548
2016_13_HOU_GB,2016,13,HOU,1.548,1.561
2016_14_HOU_IND,2016,14,HOU,1.561,1.834
2016_15_JAX_HOU,2016,15,HOU,1.834,4.163
2016_16_CIN_HOU,2016,16,HOU,4.163,4.434
2016_17_HOU_TEN,2016,17,HOU,4.434,5.397
2016_18_OAK_HOU,2016,18,HOU,5.397,8.348
2016_19_HOU_NE,2016,19,HOU,8.348,10.315
2017_01_JAX_HOU,2017,1,HOU,6.612,6.767
2017_02_HOU_CIN,2017,2,HOU,6.767,7.348
2017_03_HOU_NE,2017,3,HOU,7.348,5.551
2017_04_TEN_HOU,2017,4,HOU,5.551,5.801
2017_05_KC_HOU,2017,5,HOU,5.801,3.139
2017_06_CLE_HOU,2017,6,HOU,3.139,4.825
2017_08_HOU_SEA,2017,8,HOU,4.825,2.152
2017_09_IND_HOU,2017,9,HOU,2.152,0.471
2017_10_HOU_LAR,2017,10,HOU,0.471,-1.347
2017_11_ARI_HOU,2017,11,HOU,-1.347,-1.945
2017_12_HOU_BAL,2017,12,HOU,-1.945,-2.306
2017_13_HOU_TEN,2017,13,HOU,-2.306,-2.691
2017_14_SF_HOU,2017,14,HOU,-2.691,-2.86
2017_15_HOU_JAX,2017,15,HOU,-2.86,-4.763
2017_16_PIT_HOU,2017,16,HOU,-4.763,-5.087
2017_17_HOU_IND,2017,17,HOU,-5.087,-4.981
2018_01_HOU_NE,2018,1,HOU,-3.193,-3.177
2018_02_HOU_TEN,2018,2,HOU,-3.177,-3.347
2018_03_NYG_HOU,2018,3,HOU,-3.347,-4.531
2018_04_HOU_IND,2018,4,HOU,-4.531,-6.78
2018_05_DAL_HOU,2018,5,HOU,-6.78,-5.958
2018_06_BUF_HOU,2018,6,HOU,-5.958,-5.102
2018_07_HOU_JAX,2018,7,HOU,-5.102,-4.024
2018_08_MIA_HOU,2018,8,HOU,-4.024,-3.122
2018_09_HOU_DEN,2018,9,HOU,-3.122,-3.563
2018_11_HOU_WAS,2018,11,HOU,-3.563,-0.796
2018_12_TEN_HOU,2018,12,HOU,-0.796,-2.246
2018_13_CLE_HOU,2018,13,HOU,-2.246,-2.767
2018_14_IND_HOU,2018,14,HOU,-2.767,-3.203
2018_15_HOU_NYJ,2018,15,HOU,-3.203,-4.728
2018_16_HOU_PHI,2018,16,HOU,-4.728,-7.99
2018_17_JAX_HOU,2018,17,HOU,-7.99,-5.474
2018_18_IND_HOU,2018,18,HOU,-5.474,-4.88
2019_01_HOU_NO,2019,1,HOU,-3.128,-3.936
2019_02_JAX_HOU,2019,2,HOU,-3.936,-5.177
2019_03_HOU_LAC,2019,3,HOU,-5.177,-5.325
2019_04_CAR_HOU,2019,4,HOU,-5.325,-5.335
2019_05_ATL_HOU,2019,5,HOU,-5.335,-6.592
2019_06_HOU_KC,2019,6,HOU,-6.592,-5.55
2019_07_HOU_IND,2019,7,HOU,-5.55,-7.862
2019_08_OAK_HOU,2019,8,HOU,-7.862,-8.94
2019_09_HOU_JAX,2019,9,HOU,-8.94,-8.022
2019_11_HOU_BAL,2019,11,HOU,-8.022,-10.277
2019_12_IND_HOU,2019,12,HOU,-10.277,-9.99
2019_13_NE_HOU,2019,13,HOU,-9.99,-9.477
2019_14_DEN_HOU,2019,14,HOU,-9.477,-11.647
2019_15_HOU_TEN,2019,15,HOU,-11.647,-11.727
2019_16_HOU_TB,2019,16,HOU,-11.727,-9.006
2019_17_TEN_HOU,2019,17,HOU,-9.006,-9.311
2019_18_BUF_HOU,2019,18,HOU,-9.311,-9.333
2019_19_HOU_KC,2019,19,HOU,-9.333,-11.842
2020_01_HOU_KC,2020,1,HOU,-7.591,-7.789
2020_02_BAL_HOU,2020,2,HOU,-7.789,-6.333
2020_03_HOU_PIT,2020,3,HOU,-6.333,-5.924
2020_04_MIN_HOU,2020,4,HOU,-5.924,-5.824
2020_05_JAX_HOU,2020,5,HOU,-5.824,-6.585
2020_06_HOU_TEN,2020,6,HOU,-6.585,-8.141
2020_07_GB_HOU,2020,7,HOU,-8.141,-9.506
2020_09_HOU_JAX,2020,9,HOU,-9.506,-11.251
2020_10_HOU_CLE,2020,10,HOU,-11.251,-10.132
2020_11_NE_HOU,2020,11,HOU,-10.132,-10.61
2020_12_HOU_DET,2020,12,HOU,-10.61,-9.834
2020_13_IND_HOU,2020,13,HOU,-9.834,-10.125
2020_14_HOU_CHI,2020,14,HOU,-10.125,-11.463
2020_15_HOU_IND,2020,15,HOU,-11.463,-11.739
2020_16_CIN_HOU,2020,16,HOU,-11.739,-14.979
2020_17_TEN_HOU,2020,17,HOU,-14.979,-15.425
2021_01_JAX_HOU,2021,1,HOU,-9.887,-9.23
2021_02_HOU_CLE,2021,2,HOU,-9.23,-9.225
2021_03_CAR_HOU,2021,3,HOU,-9.225,-10.133
2021_04_HOU_BUF,2021,4,HOU,-10.133,-9.7
2021_05_NE_HOU,2021,5,HOU,-9.7,-9.789
2021_06_HOU_IND,2021,6,HOU,-9.789,-9.329
2021_07_HOU_ARI,2021,7,HOU,-9.329,-8.008
2021_08_LAR_HOU,2021,8,HOU,-8.008,-8.986
2021_09_HOU_MIA,2021,9,HOU,-8.986,-7.424
2021_11_HOU_TEN,2021,11,HOU,-7.424,-5.849
2021_12_NYJ_HOU,2021,12,HOU,-5.849,-4.537
2021_13_IND_HOU,2021,13,HOU,-4.537,-4.252
2021_14_SEA_HOU,2021,14,HOU,-4.252,-5.058
2021_15_HOU_JAX,2021,15,HOU,-5.058,-4.769
2021_16_LAC_HOU,2021,16,HOU,-4.769,-4.421
2021_17_HOU_SF,2021,17,HOU,-4.421,-5.12
2021_18_TEN_HOU,2021,18,HOU,-5.12,-7.165
2022_01_IND_HOU,2022,1,HOU,-4.593,-4.617
2022_02_HOU_DEN,2022,2,HOU,-4.617,-2.206
2022_03_HOU_CHI,2022,3,HOU,-2.206,0.463
2022_04_LAC_HOU,2022,4,HOU,0.463,-0.322
2022_05_HOU_JAX,2022,5,HOU,-0.322,0.201
2022_07_HOU_OAK,2022,7,HOU,0.201,-0.277
2022_08_TEN_HOU,2022,8,HOU,-0.277,1.721
2022_09_PHI_HOU,2022,9,HOU,1.721,1.763
2022_10_HOU_NYG,2022,10,HOU,1.763,1.024
2022_11_WAS_HOU,2022,11,HOU,1.024,1.093
2022_12_HOU_MIA,2022,12,HOU,1.093,1.905
2022_13_CLE_HOU,2022,13,HOU,1.905,4.269
2022_14_HOU_DAL,2022,14,HOU,4.269,4.891
2022_15_KC_HOU,2022,15,HOU,4.891,2.444
2022_16_HOU_TEN,2022,16,HOU,2.444,2.869
2022_17_JAX_HOU,2022,17,HOU,2.869,4.312
2022_18_HOU_IND,2022,18,HOU,4.312,3.57
2023_01_HOU_BAL,2023,1,HOU,2.289,3.602
2023_02_IND_HOU,2023,2,HOU,3.602,2.647
2023_03_HOU_JAX,2023,3,HOU,2.647,1.902
2023_04_PIT_HOU,2023,4,HOU,1.902,3.448
2023_05_HOU_ATL,2023,5,HOU,3.448,-0.049
2023_06_NO_HOU,2023,6,HOU,-0.049,-0.71
2023_08_HOU_CAR,2023,8,HOU,-0.71,-0.564
2023_09_TB_HOU,2023,9,HOU,-0.564,-1.619
2023_10_HOU_CIN,2023,10,HOU,-1.619,-1.152
2023_11_ARI_HOU,2023,11,HOU,-1.152,-1.338
2023_12_JAX_HOU,2023,12,HOU,-1.338,-2.348
2023_13_DEN_HOU,2023,13,HOU,-2.348,-0.672
2023_14_HOU_NYJ,2023,14,HOU,-0.672,-2.673
2023_15_HOU_TEN,2023,15,HOU,-2.673,-1.643
2023_16_CLE_HOU,2023,16,HOU,-1.643,-3.176
2023_17_TEN_HOU,2023,17,HOU,-3.176,-1.722
2023_18_HOU_IND,2023,18,HOU,-1.722,-0.901
2023_19_CLE_HOU,2023,19,HOU,-0.901,-0.556
2023_20_HOU_BAL,2023,20,HOU,-0.556,-2.624
2024_01_HOU_IND,2024,1,HOU,-1.682,-2.611
2024_02_CHI_HOU,2024,2,HOU,-2.611,-0.34
2024_03_HOU_MIN,2024,3,HOU,-0.34,-0.7
2024_04_JAX_HOU,2024,4,HOU,-0.7,-0.525
2024_05_BUF_HOU,2024,5,HOU,-0.525,1.391
2024_06_HOU_NE,2024,6,HOU,1.391,1.215
2024_07_HOU_GB,2024,7,HOU,1.215,1.903
2024_08_IND_HOU,2024,8,HOU,1.903,3.966
2024_09_HOU_NYJ,2024,9,HOU,3.966,3.256
2024_10_DET_HOU,2024,10,HOU,3.256,5.635
2024_11_HOU_DAL,2024,11,HOU,5.635,5.637
2024_12_TEN_HOU,2024,12,HOU,5.637,5.922
2024_13_HOU_JAX,2024,13,HOU,5.922,8.037
2024_15_MIA_HOU,2024,15,HOU,8.037,10.248
2024_16_HOU_KC,2024,16,HOU,10.248,8.366
2024_17_BAL_HOU,2024,17,HOU,8.366,7.087
2024_18_HOU_TEN,2024,18,HOU,7.087,7.786
2024_19_LAC_HOU,2024,19,HOU,7.786,11.463
2024_20_HOU_KC,2024,20,HOU,11.463,12.165
2025_01_HOU_LAR,2025,1,HOU,7.798,7.809
2025_02_TB_HOU,2025,2,HOU,7.809,7.481
2025_03_HOU_JAX,2025,3,HOU,7.481,8.775
2025_04_TEN_HOU,2025,4,HOU,8.775,10.219
2025_05_HOU_BAL,2025,5,HOU,10.219,11.552
2025_07_HOU_SEA,2025,7,HOU,11.552,12.591
2025_08_SF_HOU,2025,8,HOU,12.591,12.053
2025_09_DEN_HOU,2025,9,HOU,12.053,12.59
2025_10_JAX_HOU,2025,10,HOU,12.59,13.749
2025_11_HOU_TEN,2025,11,HOU,13.749,12.121
2025_12_BUF_HOU,2025,12,HOU,12.121,15.506
2025_13_HOU_IND,2025,13,HOU,15.506,15.215
2025_14_HOU_KC,2025,14,HOU,15.215,17.855
2025_15_ARI_HOU,2025,15,HOU,17.855,16.56
2025_16_OAK_HOU,2025,16,HOU,16.56,15.846
2025_17_HOU_LAC,2025,17,HOU,15.846,15.998
2025_18_IND_HOU,2025,18,HOU,15.998,13.276
2025_19_HOU_PIT,2025,19,HOU,13.276,15.712
2025_20_HOU_NE,2025,20,HOU,15.712,16.928
2026_01_BUF_HOU,2026,1,HOU,10.851,8.739
1999_01_BUF_IND,1999,1,IND,0.0,0.054
1999_02_IND_NE,1999,2,IND,0.054,-2.802
1999_03_IND_LAC,1999,3,IND,-2.802,-1.521
1999_05_MIA_IND,1999,5,IND,-1.521,-4.802
1999_06_IND_NYJ,1999,6,IND,-4.802,-5.09
1999_07_CIN_IND,1999,7,IND,-5.09,-4.168
1999_08_DAL_IND,1999,8,IND,-4.168,-3.586
1999_09_KC_IND,1999,9,IND,-3.586,-4.338
1999_10_IND_NYG,1999,10,IND,-4.338,-4.527
1999_11_IND_PHI,1999,11,IND,-4.527,-2.986
1999_12_NYJ_IND,1999,12,IND,-2.986,-3.099
1999_13_IND_MIA,1999,13,IND,-3.099,-5.153
1999_14_NE_IND,1999,14,IND,-5.153,-6.495
1999_15_WAS_IND,1999,15,IND,-6.495,-6.036
1999_16_IND_CLE,1999,16,IND,-6.036,-8.429
1999_17_IND_BUF,1999,17,IND,-8.429,-12.149
1999_19_TEN_IND,1999,19,IND,-12.149,-11.482
2000_01_IND_KC,2000,1,IND,-7.36,-6.947
2000_02_OAK_IND,2000,2,IND,-6.947,-9.681
2000_04_JAX_IND,2000,4,IND,-9.681,-8.875
2000_05_IND_BUF,2000,5,IND,-8.875,-9.933
2000_06_IND_NE,2000,6,IND,-9.933,-10.584
2000_07_IND_SEA,2000,7,IND,-10.584,-11.664
2000_08_NE_IND,2000,8,IND,-11.664,-13.79
2000_09_DET_IND,2000,9,IND,-13.79,-13.296
2000_10_IND_CHI,2000,10,IND,-13.296,-14.426
2000_11_NYJ_IND,2000,11,IND,-14.426,-13.828
2000_12_IND_GB,2000,12,IND,-13.828,-14.498
2000_13_MIA_IND,2000,13,IND,-14.498,-15.284
2000_14_IND_NYJ,2000,14,IND,-15.284,-15.96
2000_15_BUF_IND,2000,15,IND,-15.96,-12.69
2000_16_IND_MIA,2000,16,IND,-12.69,-11.181
2000_17_MIN_IND,2000,17,IND,-11.181,-10.049
2000_18_IND_MIA,2000,18,IND,-10.049,-9.24
2001_01_IND_NYJ,2001,1,IND,-5.923,-6.847
2001_02_BUF_IND,2001,2,IND,-6.847,-8.297
2001_03_IND_NE,2001,3,IND,-8.297,-8.85
2001_05_OAK_IND,2001,5,IND,-8.85,-7.671
2001_06_NE_IND,2001,6,IND,-7.671,-10.126
2001_07_IND_KC,2001,7,IND,-10.126,-10.022
2001_08_IND_BUF,2001,8,IND,-10.022,-8.657
2001_09_MIA_IND,2001,9,IND,-8.657,-8.823
2001_10_IND_NO,2001,10,IND,-8.823,-10.852
2001_11_SF_IND,2001,11,IND,-10.852,-9.152
2001_12_IND_BAL,2001,12,IND,-9.152,-10.109
2001_13_IND_MIA,2001,13,IND,-10.109,-12.074
2001_14_ATL_IND,2001,14,IND,-12.074,-12.163
2001_15_NYJ_IND,2001,15,IND,-12.163,-12.913
2001_16_IND_LAR,2001,16,IND,-12.913,-13.993
2001_17_DEN_IND,2001,17,IND,-13.993,-10.112
2002_02_MIA_IND,2002,2,IND,-6.482,-7.772
2002_03_IND_HOU,2002,3,IND,-7.772,-6.238
2002_05_CIN_IND,2002,5,IND,-6.238,-6.42
2002_06_BAL_IND,2002,6,IND,-6.42,-5.239
2002_07_IND_PIT,2002,7,IND,-5.239,-5.876
2002_08_IND_WAS,2002,8,IND,-5.876,-6.507
2002_09_TEN_IND,2002,9,IND,-6.507,-5.666
2002_10_IND_PHI,2002,10,IND,-5.666,-6.809
2002_11_DAL_IND,2002,11,IND,-6.809,-5.695
2002_12_IND_DEN,2002,12,IND,-5.695,-5.165
2002_13_HOU_IND,2002,13,IND,-5.165,-3.841
2002_14_IND_TEN,2002,14,IND,-3.841,-5.341
2002_15_IND_CLE,2002,15,IND,-5.341,-6.42
2002_16_NYG_IND,2002,16,IND,-6.42,-9.982
2002_17_JAX_IND,2002,17,IND,-9.982,-9.501
2002_18_IND_NYJ,2002,18,IND,-9.501,-10.291
2003_01_IND_CLE,2003,1,IND,-6.596,-6.268
2003_02_TEN_IND,2003,2,IND,-6.268,-4.782
2003_03_JAX_IND,2003,3,IND,-4.782,-3.286
2003_04_IND_NO,2003,4,IND,-3.286,-1.743
2003_05_IND_TB,2003,5,IND,-1.743,-3.563
2003_06_CAR_IND,2003,6,IND,-3.563,-3.358
2003_08_HOU_IND,2003,8,IND,-3.358,-3.562
2003_09_IND_MIA,2003,9,IND,-3.562,-3.091
2003_10_IND_JAX,2003,10,IND,-3.091,-4.547
2003_11_NYJ_IND,2003,11,IND,-4.547,-5.0
2003_12_IND_BUF,2003,12,IND,-5.0,-4.636
2003_13_NE_IND,2003,13,IND,-4.636,-4.7
2003_14_IND_TEN,2003,14,IND,-4.7,-5.763
2003_15_ATL_IND,2003,15,IND,-5.763,-2.402
2003_16_DEN_IND,2003,16,IND,-2.402,-4.671
2003_17_IND_HOU,2003,17,IND,-4.671,-3.998
2003_18_DEN_IND,2003,18,IND,-3.998,-3.501
2003_19_IND_KC,2003,19,IND,-3.501,-3.896
2003_20_IND_NE,2003,20,IND,-3.896,-3.656
2004_01_IND_NE,2004,1,IND,-2.343,-3.957
2004_02_IND_TEN,2004,2,IND,-3.957,-3.724
2004_03_GB_IND,2004,3,IND,-3.724,-6.739
2004_04_IND_JAX,2004,4,IND,-6.739,-8.641
2004_05_OAK_IND,2004,5,IND,-8.641,-7.227
2004_07_JAX_IND,2004,7,IND,-7.227,-7.937
2004_08_IND_KC,2004,8,IND,-7.937,-10.659
2004_09_MIN_IND,2004,9,IND,-10.659,-10.028
2004_10_HOU_IND,2004,10,IND,-10.028,-6.81
2004_11_IND_CHI,2004,11,IND,-6.81,-6.065
2004_12_IND_DET,2004,12,IND,-6.065,-5.765
2004_13_TEN_IND,2004,13,IND,-5.765,-4.642
2004_14_IND_HOU,2004,14,IND,-4.642,-4.027
2004_15_BAL_IND,2004,15,IND,-4.027,-2.988
2004_16_LAC_IND,2004,16,IND,-2.988,-4.194
2004_17_IND_DEN,2004,17,IND,-4.194,-5.487
2004_18_DEN_IND,2004,18,IND,-5.487,-5.697
2004_19_IND_NE,2004,19,IND,-5.697,-5.495
2005_01_IND_BAL,2005,1,IND,-3.523,-2.99
2005_02_JAX_IND,2005,2,IND,-2.99,-1.311
2005_03_CLE_IND,2005,3,IND,-1.311,-1.383
2005_04_IND_TEN,2005,4,IND,-1.383,-2.456
2005_05_IND_SF,2005,5,IND,-2.456,2.301
2005_06_LAR_IND,2005,6,IND,2.301,2.807
2005_07_IND_HOU,2005,7,IND,2.807,3.775
2005_09_IND_NE,2005,9,IND,3.775,2.281
2005_10_HOU_IND,2005,10,IND,2.281,1.816
2005_11_IND_CIN,2005,11,IND,1.816,0.792
2005_12_PIT_IND,2005,12,IND,0.792,2.102
2005_13_TEN_IND,2005,13,IND,2.102,2.272
2005_14_IND_JAX,2005,14,IND,2.272,-1.148
2005_15_LAC_IND,2005,15,IND,-1.148,-0.525
2005_16_IND_SEA,2005,16,IND,-0.525,-0.938
2005_17_ARI_IND,2005,17,IND,-0.938,-2.476
2005_19_PIT_IND,2005,19,IND,-2.476,-1.858
2006_01_IND_NYG,2006,1,IND,-1.191,-2.437
2006_02_HOU_IND,2006,2,IND,-2.437,-4.347
2006_03_JAX_IND,2006,3,IND,-4.347,-3.347
2006_04_IND_NYJ,2006,4,IND,-3.347,-2.871
2006_05_TEN_IND,2006,5,IND,-2.871,-3.024
2006_07_WAS_IND,2006,7,IND,-3.024,-4.488
2006_08_IND_DEN,2006,8,IND,-4.488,-5.691
2006_09_IND_NE,2006,9,IND,-5.691,-3.183
2006_10_BUF_IND,2006,10,IND,-3.183,-2.107
2006_11_IND_DAL,2006,11,IND,-2.107,-2.727
2006_12_PHI_IND,2006,12,IND,-2.727,-3.824
2006_13_IND_TEN,2006,13,IND,-3.824,-5.138
2006_14_IND_JAX,2006,14,IND,-5.138,-3.673
2006_15_CIN_IND,2006,15,IND,-3.673,-1.438
2006_16_IND_HOU,2006,16,IND,-1.438,-2.803
2006_17_MIA_IND,2006,17,IND,-2.803,-3.044
2006_18_KC_IND,2006,18,IND,-3.044,-0.763
2006_19_IND_BAL,2006,19,IND,-0.763,1.006
2006_20_NE_IND,2006,20,IND,1.006,1.314
2006_21_IND_CHI,2006,21,IND,1.314,1.128
2007_01_NO_IND,2007,1,IND,0.723,1.896
2007_02_IND_TEN,2007,2,IND,1.896,0.981
2007_03_IND_HOU,2007,3,IND,0.981,0.436
2007_04_DEN_IND,2007,4,IND,0.436,0.136
2007_05_TB_IND,2007,5,IND,0.136,-0.73
2007_07_IND_JAX,2007,7,IND,-0.73,0.29
2007_08_IND_CAR,2007,8,IND,0.29,0.934
2007_09_NE_IND,2007,9,IND,0.934,2.023
2007_10_IND_LAC,2007,10,IND,2.023,4.132
2007_11_KC_IND,2007,11,IND,4.132,2.902
2007_12_IND_ATL,2007,12,IND,2.902,4.167
2007_13_JAX_IND,2007,13,IND,4.167,3.269
2007_14_IND_BAL,2007,14,IND,3.269,4.528
2007_15_IND_OAK,2007,15,IND,4.528,4.141
2007_16_HOU_IND,2007,16,IND,4.141,3.549
2007_17_TEN_IND,2007,17,IND,3.549,2.9
2007_19_LAC_IND,2007,19,IND,2.9,1.04
2008_01_CHI_IND,2008,1,IND,0.667,0.351
2008_02_IND_MIN,2008,2,IND,0.351,1.285
2008_03_JAX_IND,2008,3,IND,1.285,1.348
2008_05_IND_HOU,2008,5,IND,1.348,0.556
2008_06_BAL_IND,2008,6,IND,0.556,1.34
2008_07_IND_GB,2008,7,IND,1.34,0.06
2008_08_IND_TEN,2008,8,IND,0.06,-0.688
2008_09_NE_IND,2008,9,IND,-0.688,-2.012
2008_10_IND_PIT,2008,10,IND,-2.012,-1.809
2008_11_HOU_IND,2008,11,IND,-1.809,-1.562
2008_12_IND_LAC,2008,12,IND,-1.562,-3.221
2008_13_IND_CLE,2008,13,IND,-3.221,-2.357
2008_14_CIN_IND,2008,14,IND,-2.357,-1.416
2008_15_DET_IND,2008,15,IND,-1.416,-3.227
2008_16_IND_JAX,2008,16,IND,-3.227,-4.363
2008_17_TEN_IND,2008,17,IND,-4.363,-3.558
2008_18_IND_LAC,2008,18,IND,-3.558,-1.297
2009_01_JAX_IND,2009,1,IND,-0.831,0.215
2009_02_IND_MIA,2009,2,IND,0.215,0.993
2009_03_IND_ARI,2009,3,IND,0.993,2.297
2009_04_SEA_IND,2009,4,IND,2.297,1.031
2009_05_IND_TEN,2009,5,IND,1.031,1.776
2009_07_IND_LAR,2009,7,IND,1.776,3.477
2009_08_SF_IND,2009,8,IND,3.477,3.485
2009_09_HOU_IND,2009,9,IND,3.485,2.976
2009_10_NE_IND,2009,10,IND,2.976,2.031
2009_11_IND_BAL,2009,11,IND,2.031,1.584
2009_12_IND_HOU,2009,12,IND,1.584,1.313
2009_13_TEN_IND,2009,13,IND,1.313,0.828
2009_14_DEN_IND,2009,14,IND,0.828,-0.177
2009_15_IND_JAX,2009,15,IND,-0.177,-0.697
2009_16_NYJ_IND,2009,16,IND,-0.697,-0.363
2009_17_IND_BUF,2009,17,IND,-0.363,-3.218
2009_19_BAL_IND,2009,19,IND,-3.218,-2.107
2009_20_NYJ_IND,2009,20,IND,-2.107,-3.474
2009_21_NO_IND,2009,21,IND,-3.474,-4.384
2010_01_IND_HOU,2010,1,IND,-2.81,-0.527
2010_02_NYG_IND,2010,2,IND,-0.527,0.719
2010_03_IND_DEN,2010,3,IND,0.719,-1.522
2010_04_IND_JAX,2010,4,IND,-1.522,-4.461
2010_05_KC_IND,2010,5,IND,-4.461,-4.024
2010_06_IND_WAS,2010,6,IND,-4.024,-2.803
2010_08_HOU_IND,2010,8,IND,-2.803,-1.316
2010_09_IND_PHI,2010,9,IND,-1.316,-3.034
2010_10_CIN_IND,2010,10,IND,-3.034,-2.802
2010_11_IND_NE,2010,11,IND,-2.802,-2.711
2010_12_LAC_IND,2010,12,IND,-2.711,-1.971
2010_13_DAL_IND,2010,13,IND,-1.971,-2.426
2010_14_IND_TEN,2010,14,IND,-2.426,-5.278
2010_15_JAX_IND,2010,15,IND,-5.278,-6.021
2010_16_IND_OAK,2010,16,IND,-6.021,-6.55
2010_17_TEN_IND,2010,17,IND,-6.55,-8.791
2010_18_NYJ_IND,2010,18,IND,-8.791,-8.052
2011_01_IND_HOU,2011,1,IND,-5.161,-4.049
2011_02_CLE_IND,2011,2,IND,-4.049,-5.255
2011_03_PIT_IND,2011,3,IND,-5.255,-5.734
2011_04_IND_TB,2011,4,IND,-5.734,-7.0
2011_05_KC_IND,2011,5,IND,-7.0,-9.239
2011_06_IND_CIN,2011,6,IND,-9.239,-11.275
2011_07_IND_NO,2011,7,IND,-11.275,-13.617
2011_08_IND_TEN,2011,8,IND,-13.617,-13.955
2011_09_ATL_IND,2011,9,IND,-13.955,-14.356
2011_10_JAX_IND,2011,10,IND,-14.356,-13.625
2011_12_CAR_IND,2011,12,IND,-13.625,-13.931
2011_13_IND_NE,2011,13,IND,-13.931,-14.349
2011_14_IND_BAL,2011,14,IND,-14.349,-14.654
2011_15_TEN_IND,2011,15,IND,-14.654,-13.979
2011_16_HOU_IND,2011,16,IND,-13.979,-12.945
2011_17_IND_JAX,2011,17,IND,-12.945,-12.187
2012_01_IND_CHI,2012,1,IND,-7.812,-8.26
2012_02_MIN_IND,2012,2,IND,-8.26,-9.289
2012_03_JAX_IND,2012,3,IND,-9.289,-9.445
2012_05_GB_IND,2012,5,IND,-9.445,-8.888
2012_06_IND_NYJ,2012,6,IND,-8.888,-9.005
2012_07_CLE_IND,2012,7,IND,-9.005,-10.83
2012_08_IND_TEN,2012,8,IND,-10.83,-11.889
2012_09_MIA_IND,2012,9,IND,-11.889,-12.213
2012_10_IND_JAX,2012,10,IND,-12.213,-11.351
2012_11_IND_NE,2012,11,IND,-11.351,-12.638
2012_12_BUF_IND,2012,12,IND,-12.638,-11.103
2012_13_IND_DET,2012,13,IND,-11.103,-11.135
2012_14_TEN_IND,2012,14,IND,-11.135,-11.674
2012_15_IND_HOU,2012,15,IND,-11.674,-11.554
2012_16_IND_KC,2012,16,IND,-11.554,-10.299
2012_17_HOU_IND,2012,17,IND,-10.299,-8.368
2012_18_IND_BAL,2012,18,IND,-8.368,-8.774
2013_02_MIA_IND,2013,2,IND,-5.624,-5.832
2013_03_IND_SF,2013,3,IND,-5.832,-3.051
2013_04_IND_JAX,2013,4,IND,-3.051,-0.917
2013_05_SEA_IND,2013,5,IND,-0.917,-1.685
2013_06_IND_LAC,2013,6,IND,-1.685,-1.406
2013_07_DEN_IND,2013,7,IND,-1.406,-0.456
2013_09_IND_HOU,2013,9,IND,-0.456,-3.682
2013_10_LAR_IND,2013,10,IND,-3.682,-4.795
2013_11_IND_TEN,2013,11,IND,-4.795,-5.953
2013_12_IND_ARI,2013,12,IND,-5.953,-7.225
2013_13_TEN_IND,2013,13,IND,-7.225,-6.762
2013_14_IND_CIN,2013,14,IND,-6.762,-9.703
2013_15_HOU_IND,2013,15,IND,-9.703,-7.172
2013_16_IND_KC,2013,16,IND,-7.172,-5.138
2013_17_JAX_IND,2013,17,IND,-5.138,-5.343
2013_18_KC_IND,2013,18,IND,-5.343,-8.605
2013_19_IND_NE,2013,19,IND,-8.605,-7.103
2014_01_IND_DEN,2014,1,IND,-4.553,-4.579
2014_02_PHI_IND,2014,2,IND,-4.579,-5.166
2014_03_IND_JAX,2014,3,IND,-5.166,-3.375
2014_04_TEN_IND,2014,4,IND,-3.375,-3.489
2014_05_BAL_IND,2014,5,IND,-3.489,-1.596
2014_06_IND_HOU,2014,6,IND,-1.596,-0.886
2014_07_CIN_IND,2014,7,IND,-0.886,1.761
2014_08_IND_PIT,2014,8,IND,1.761,-4.511
2014_09_IND_NYG,2014,9,IND,-4.511,-5.106
2014_11_NE_IND,2014,11,IND,-5.106,-3.987
2014_12_JAX_IND,2014,12,IND,-3.987,-2.344
2014_13_WAS_IND,2014,13,IND,-2.344,-4.042
2014_14_IND_CLE,2014,14,IND,-4.042,-2.041
2014_15_HOU_IND,2014,15,IND,-2.041,-0.677
2014_16_IND_DAL,2014,16,IND,-0.677,-2.916
2014_17_IND_TEN,2014,17,IND,-2.916,-1.483
2014_18_CIN_IND,2014,18,IND,-1.483,-0.391
2014_19_IND_DEN,2014,19,IND,-0.391,0.801
2014_20_IND_NE,2014,20,IND,0.801,0.589
2015_01_IND_BUF,2015,1,IND,0.377,-1.912
2015_02_NYJ_IND,2015,2,IND,-1.912,-2.447
2015_03_IND_TEN,2015,3,IND,-2.447,-2.621
2015_04_JAX_IND,2015,4,IND,-2.621,-4.164
2015_05_IND_HOU,2015,5,IND,-4.164,-2.849
2015_06_NE_IND,2015,6,IND,-2.849,-2.381
2015_07_NO_IND,2015,7,IND,-2.381,-1.019
2015_08_IND_CAR,2015,8,IND,-1.019,-0.633
2015_09_DEN_IND,2015,9,IND,-0.633,-0.182
2015_11_IND_ATL,2015,11,IND,-0.182,0.724
2015_12_TB_IND,2015,12,IND,0.724,1.809
2015_13_IND_PIT,2015,13,IND,1.809,-1.028
2015_14_IND_JAX,2015,14,IND,-1.028,-2.257
2015_15_HOU_IND,2015,15,IND,-2.257,-0.794
2015_16_IND_MIA,2015,16,IND,-0.794,-0.613
2015_17_TEN_IND,2015,17,IND,-0.613,-0.447
2016_01_DET_IND,2016,1,IND,-0.286,-2.991
2016_02_IND_DEN,2016,2,IND,-2.991,-3.693
2016_03_LAC_IND,2016,3,IND,-3.693,-3.665
2016_04_IND_JAX,2016,4,IND,-3.665,-4.551
2016_05_CHI_IND,2016,5,IND,-4.551,-7.791
2016_06_IND_HOU,2016,6,IND,-7.791,-8.372
2016_07_IND_TEN,2016,7,IND,-8.372,-8.163
2016_08_KC_IND,2016,8,IND,-8.163,-6.938
2016_09_IND_GB,2016,9,IND,-6.938,-7.033
2016_11_TEN_IND,2016,11,IND,-7.033,-6.841
2016_12_PIT_IND,2016,12,IND,-6.841,-7.54
2016_13_IND_NYJ,2016,13,IND,-7.54,-5.627
2016_14_HOU_IND,2016,14,IND,-5.627,-3.982
2016_15_IND_MIN,2016,15,IND,-3.982,-3.048
2016_16_IND_OAK,2016,16,IND,-3.048,-4.1
2016_17_JAX_IND,2016,17,IND,-4.1,-4.995
2017_01_IND_LAR,2017,1,IND,-3.202,-5.136
2017_02_ARI_IND,2017,2,IND,-5.136,-4.222
2017_03_CLE_IND,2017,3,IND,-4.222,-4.476
2017_04_IND_SEA,2017,4,IND,-4.476,-5.468
2017_05_SF_IND,2017,5,IND,-5.468,-7.031
2017_06_IND_TEN,2017,6,IND,-7.031,-7.121
2017_07_JAX_IND,2017,7,IND,-7.121,-8.373
2017_08_IND_CIN,2017,8,IND,-8.373,-8.366
2017_09_IND_HOU,2017,9,IND,-8.366,-7.844
2017_10_PIT_IND,2017,10,IND,-7.844,-7.693
2017_12_TEN_IND,2017,12,IND,-7.693,-6.69
2017_13_IND_JAX,2017,13,IND,-6.69,-8.886
2017_14_IND_BUF,2017,14,IND,-8.886,-8.732
2017_15_DEN_IND,2017,15,IND,-8.732,-6.892
2017_16_IND_BAL,2017,16,IND,-6.892,-8.32
2017_17_HOU_IND,2017,17,IND,-8.32,-7.509
2018_01_CIN_IND,2018,1,IND,-4.813,-5.241
2018_02_IND_WAS,2018,2,IND,-5.241,-5.276
2018_03_IND_PHI,2018,3,IND,-5.276,-3.823
2018_04_HOU_IND,2018,4,IND,-3.823,-4.591
2018_05_IND_NE,2018,5,IND,-4.591,-6.327
2018_06_IND_NYJ,2018,6,IND,-6.327,-7.582
2018_07_BUF_IND,2018,7,IND,-7.582,-5.854
2018_08_IND_OAK,2018,8,IND,-5.854,-8.013
2018_10_JAX_IND,2018,10,IND,-8.013,-9.745
2018_11_TEN_IND,2018,11,IND,-9.745,-7.275
2018_12_MIA_IND,2018,12,IND,-7.275,-8.011
2018_13_IND_JAX,2018,13,IND,-8.011,-7.955
2018_14_IND_HOU,2018,14,IND,-7.955,-7.742
2018_15_DAL_IND,2018,15,IND,-7.742,-5.724
2018_16_NYG_IND,2018,16,IND,-5.724,-7.556
2018_17_IND_TEN,2018,17,IND,-7.556,-7.149
2018_18_IND_HOU,2018,18,IND,-7.149,-6.739
2018_19_IND_KC,2018,19,IND,-6.739,-5.643
2019_01_IND_LAC,2019,1,IND,-3.617,-4.314
2019_02_IND_TEN,2019,2,IND,-4.314,-3.775
2019_03_ATL_IND,2019,3,IND,-3.775,-5.561
2019_04_OAK_IND,2019,4,IND,-5.561,-5.77
2019_05_IND_KC,2019,5,IND,-5.77,-4.176
2019_07_HOU_IND,2019,7,IND,-4.176,-3.199
2019_08_DEN_IND,2019,8,IND,-3.199,-2.438
2019_09_IND_PIT,2019,9,IND,-2.438,-2.816
2019_10_MIA_IND,2019,10,IND,-2.816,-2.184
2019_11_JAX_IND,2019,11,IND,-2.184,-2.88
2019_12_IND_HOU,2019,12,IND,-2.88,-2.915
2019_13_TEN_IND,2019,13,IND,-2.915,-1.745
2019_14_IND_TB,2019,14,IND,-1.745,-4.572
2019_15_IND_NO,2019,15,IND,-4.572,-7.022
2019_16_CAR_IND,2019,16,IND,-7.022,-4.518
2019_17_IND_JAX,2019,17,IND,-4.518,-5.563
2020_01_IND_JAX,2020,1,IND,-3.566,-4.477
2020_02_MIN_IND,2020,2,IND,-4.477,-0.017
2020_03_NYJ_IND,2020,3,IND,-0.017,1.808
2020_04_IND_CHI,2020,4,IND,1.808,1.874
2020_05_IND_CLE,2020,5,IND,1.874,1.646
2020_06_CIN_IND,2020,6,IND,1.646,1.02
2020_08_IND_DET,2020,8,IND,1.02,1.061
2020_09_BAL_IND,2020,9,IND,1.061,0.77
2020_10_IND_TEN,2020,10,IND,0.77,1.846
2020_11_GB_IND,2020,11,IND,1.846,1.209
2020_12_TEN_IND,2020,12,IND,1.209,1.107
2020_13_IND_HOU,2020,13,IND,1.107,1.781
2020_14_IND_OAK,2020,14,IND,1.781,0.533
2020_15_HOU_IND,2020,15,IND,0.533,-0.426
2020_16_IND_PIT,2020,16,IND,-0.426,-2.339
2020_17_JAX_IND,2020,17,IND,-2.339,-2.209
2020_18_IND_BUF,2020,18,IND,-2.209,-3.719
2021_01_SEA_IND,2021,1,IND,-2.384,-3.278
2021_02_LAR_IND,2021,2,IND,-3.278,-3.232
2021_03_IND_TEN,2021,3,IND,-3.232,-3.716
2021_04_IND_MIA,2021,4,IND,-3.716,-3.968
2021_05_IND_BAL,2021,5,IND,-3.968,-8.064
2021_06_HOU_IND,2021,6,IND,-8.064,-7.097
2021_07_IND_SF,2021,7,IND,-7.097,-5.49
2021_08_TEN_IND,2021,8,IND,-5.49,-5.534
2021_09_NYJ_IND,2021,9,IND,-5.534,-5.255
2021_10_JAX_IND,2021,10,IND,-5.255,-3.688
2021_11_IND_BUF,2021,11,IND,-3.688,-2.046
2021_12_TB_IND,2021,12,IND,-2.046,-0.626
2021_13_IND_HOU,2021,13,IND,-0.626,1.577
2021_15_NE_IND,2021,15,IND,1.577,1.331
2021_16_IND_ARI,2021,16,IND,1.331,-0.118
2021_17_OAK_IND,2021,17,IND,-0.118,0.522
2021_18_IND_JAX,2021,18,IND,0.522,-1.363
2022_01_IND_HOU,2022,1,IND,-0.874,-0.876
2022_02_IND_JAX,2022,2,IND,-0.876,-3.121
2022_03_KC_IND,2022,3,IND,-3.121,-1.689
2022_04_TEN_IND,2022,4,IND,-1.689,-1.366
2022_05_IND_DEN,2022,5,IND,-1.366,0.849
2022_06_JAX_IND,2022,6,IND,0.849,-0.418
2022_07_IND_TEN,2022,7,IND,-0.418,0.75
2022_08_WAS_IND,2022,8,IND,0.75,-0.941
2022_09_IND_NE,2022,9,IND,-0.941,-0.148
2022_10_IND_OAK,2022,10,IND,-0.148,-0.61
2022_11_PHI_IND,2022,11,IND,-0.61,-1.426
2022_12_PIT_IND,2022,12,IND,-1.426,-1.338
2022_13_IND_DAL,2022,13,IND,-1.338,-0.903
2022_15_IND_MIN,2022,15,IND,-0.903,-0.98
2022_16_LAC_IND,2022,16,IND,-0.98,0.582
2022_17_IND_NYG,2022,17,IND,0.582,-3.197
2022_18_HOU_IND,2022,18,IND,-3.197,-3.944
2023_01_JAX_IND,2023,1,IND,-2.528,-2.774
2023_02_IND_HOU,2023,2,IND,-2.774,-3.38
2023_03_IND_BAL,2023,3,IND,-3.38,-4.769
2023_04_LAR_IND,2023,4,IND,-4.769,-5.147
2023_05_TEN_IND,2023,5,IND,-5.147,-5.214
2023_06_IND_JAX,2023,6,IND,-5.214,-4.234
2023_07_CLE_IND,2023,7,IND,-4.234,-1.363
2023_08_NO_IND,2023,8,IND,-1.363,-2.838
2023_09_IND_CAR,2023,9,IND,-2.838,-1.256
2023_10_IND_NE,2023,10,IND,-1.256,0.102
2023_12_TB_IND,2023,12,IND,0.102,1.159
2023_13_IND_TEN,2023,13,IND,1.159,2.127
2023_14_IND_CIN,2023,14,IND,2.127,-0.243
2023_15_PIT_IND,2023,15,IND,-0.243,0.86
2023_16_IND_ATL,2023,16,IND,0.86,-0.232
2023_17_OAK_IND,2023,17,IND,-0.232,-2.038
2023_18_HOU_IND,2023,18,IND,-2.038,-3.224
2024_01_HOU_IND,2024,1,IND,-2.067,-2.12
2024_02_IND_GB,2024,2,IND,-2.12,-3.727
2024_03_CHI_IND,2024,3,IND,-3.727,-4.25
2024_04_PIT_IND,2024,4,IND,-4.25,-6.176
2024_05_IND_JAX,2024,5,IND,-6.176,-8.394
2024_06_IND_TEN,2024,6,IND,-8.394,-8.095
2024_07_MIA_IND,2024,7,IND,-8.095,-7.602
2024_08_IND_HOU,2024,8,IND,-7.602,-7.533
2024_09_IND_MIN,2024,9,IND,-7.533,-8.062
2024_10_BUF_IND,2024,10,IND,-8.062,-6.79
2024_11_IND_NYJ,2024,11,IND,-6.79,-6.691
2024_12_DET_IND,2024,12,IND,-6.691,-5.878
2024_13_IND_NE,2024,13,IND,-5.878,-6.511
2024_15_IND_DEN,2024,15,IND,-6.511,-5.095
2024_16_TEN_IND,2024,16,IND,-5.095,-4.309
2024_17_IND_NYG,2024,17,IND,-4.309,-7.62
2024_18_JAX_IND,2024,18,IND,-7.62,-7.284
2025_01_MIA_IND,2025,1,IND,-4.669,-1.668
2025_02_DEN_IND,2025,2,IND,-1.668,-2.679
2025_03_IND_TEN,2025,3,IND,-2.679,-1.955
2025_04_IND_LAR,2025,4,IND,-1.955,-3.632
2025_05_OAK_IND,2025,5,IND,-3.632,-1.856
2025_06_ARI_IND,2025,6,IND,-1.856,-2.958
2025_07_IND_LAC,2025,7,IND,-2.958,-4.33
2025_08_TEN_IND,2025,8,IND,-4.33,-3.865
2025_09_IND_PIT,2025,9,IND,-3.865,-3.012
2025_10_ATL_IND,2025,10,IND,-3.012,-1.447
2025_12_IND_KC,2025,12,IND,-1.447,-0.384
2025_13_HOU_IND,2025,13,IND,-0.384,0.273
2025_14_IND_JAX,2025,14,IND,0.273,-0.861
2025_15_IND_SEA,2025,15,IND,-0.861,-0.764
2025_16_SF_IND,2025,16,IND,-0.764,-2.755
2025_17_JAX_IND,2025,17,IND,-2.755,-2.855
2025_18_IND_HOU,2025,18,IND,-2.855,-3.358
2026_01_BAL_IND,2026,1,IND,-2.152,-3.346
1999_01_SF_JAX,1999,1,JAX,0.0,2.138
1999_02_JAX_CAR,1999,2,JAX,2.138,1.042
1999_03_TEN_JAX,1999,3,JAX,1.042,0.905
1999_04_JAX_PIT,1999,4,JAX,0.905,2.017
1999_05_JAX_NYJ,1999,5,JAX,2.017,3.719
1999_06_CLE_JAX,1999,6,JAX,3.719,2.039
1999_08_JAX_CIN,1999,8,JAX,2.039,3.622
1999_09_JAX_ATL,1999,9,JAX,3.622,5.826
1999_10_BAL_JAX,1999,10,JAX,5.826,6.527
1999_11_NO_JAX,1999,11,JAX,6.527,5.59
1999_12_JAX_BAL,1999,12,JAX,5.59,4.898
1999_13_PIT_JAX,1999,13,JAX,4.898,4.83
1999_14_DEN_JAX,1999,14,JAX,4.83,3.537
1999_15_JAX_CLE,1999,15,JAX,3.537,4.433
1999_16_JAX_TEN,1999,16,JAX,4.433,-0.084
1999_17_CIN_JAX,1999,17,JAX,-0.084,1.764
1999_19_MIA_JAX,1999,19,JAX,1.764,3.299
1999_20_TEN_JAX,1999,20,JAX,3.299,1.062
2000_01_JAX_CLE,2000,1,JAX,0.681,-1.109
2000_02_JAX_BAL,2000,2,JAX,-1.109,-2.337
2000_03_CIN_JAX,2000,3,JAX,-2.337,-0.5
2000_04_JAX_IND,2000,4,JAX,-0.5,-3.796
2000_05_PIT_JAX,2000,5,JAX,-3.796,-4.255
2000_06_BAL_JAX,2000,6,JAX,-4.255,-3.12
2000_07_JAX_TEN,2000,7,JAX,-3.12,-4.188
2000_08_WAS_JAX,2000,8,JAX,-4.188,-6.083
2000_09_JAX_DAL,2000,9,JAX,-6.083,-6.262
2000_11_SEA_JAX,2000,11,JAX,-6.262,-8.572
2000_12_JAX_PIT,2000,12,JAX,-8.572,-8.922
2000_13_TEN_JAX,2000,13,JAX,-8.922,-8.933
2000_14_CLE_JAX,2000,14,JAX,-8.933,-6.481
2000_15_ARI_JAX,2000,15,JAX,-6.481,-5.759
2000_16_JAX_CIN,2000,16,JAX,-5.759,-6.223
2000_17_JAX_NYG,2000,17,JAX,-6.223,-6.692
2001_01_PIT_JAX,2001,1,JAX,-4.289,-2.936
2001_02_TEN_JAX,2001,2,JAX,-2.936,-2.533
2001_03_CLE_JAX,2001,3,JAX,-2.533,-3.027
2001_04_JAX_SEA,2001,4,JAX,-3.027,-3.42
2001_06_BUF_JAX,2001,6,JAX,-3.42,-5.525
2001_07_JAX_BAL,2001,7,JAX,-5.525,-5.024
2001_08_JAX_TEN,2001,8,JAX,-5.024,-8.564
2001_09_CIN_JAX,2001,9,JAX,-8.564,-7.761
2001_10_JAX_PIT,2001,10,JAX,-7.761,-9.818
2001_11_BAL_JAX,2001,11,JAX,-9.818,-10.16
2001_12_GB_JAX,2001,12,JAX,-10.16,-12.517
2001_13_JAX_CIN,2001,13,JAX,-12.517,-11.417
2001_14_JAX_CLE,2001,14,JAX,-11.417,-11.094
2001_15_JAX_MIN,2001,15,JAX,-11.094,-9.7
2001_16_KC_JAX,2001,16,JAX,-9.7,-10.575
2001_17_JAX_CHI,2001,17,JAX,-10.575,-11.257
2002_01_IND_JAX,2002,1,JAX,-7.216,-8.294
2002_02_JAX_KC,2002,2,JAX,-8.294,-7.47
2002_04_NYJ_JAX,2002,4,JAX,-7.47,-5.631
2002_05_PHI_JAX,2002,5,JAX,-5.631,-7.018
2002_06_JAX_TEN,2002,6,JAX,-7.018,-8.114
2002_07_JAX_BAL,2002,7,JAX,-8.114,-8.301
2002_08_HOU_JAX,2002,8,JAX,-8.301,-8.582
2002_09_JAX_NYG,2002,9,JAX,-8.582,-9.081
2002_10_WAS_JAX,2002,10,JAX,-9.081,-8.35
2002_11_JAX_HOU,2002,11,JAX,-8.35,-10.527
2002_12_JAX_DAL,2002,12,JAX,-10.527,-11.412
2002_13_PIT_JAX,2002,13,JAX,-11.412,-12.364
2002_14_CLE_JAX,2002,14,JAX,-12.364,-12.374
2002_15_JAX_CIN,2002,15,JAX,-12.374,-11.211
2002_16_TEN_JAX,2002,16,JAX,-11.211,-11.207
2002_17_JAX_IND,2002,17,JAX,-11.207,-11.143
2003_01_JAX_CAR,2003,1,JAX,-7.143,-5.25
2003_02_BUF_JAX,2003,2,JAX,-5.25,-7.654
2003_03_JAX_IND,2003,3,JAX,-7.654,-7.77
2003_04_JAX_HOU,2003,4,JAX,-7.77,-9.504
2003_05_LAC_JAX,2003,5,JAX,-9.504,-10.678
2003_06_MIA_JAX,2003,6,JAX,-10.678,-9.153
2003_08_TEN_JAX,2003,8,JAX,-9.153,-8.66
2003_09_JAX_BAL,2003,9,JAX,-8.66,-8.332
2003_10_IND_JAX,2003,10,JAX,-8.332,-8.642
2003_11_JAX_TEN,2003,11,JAX,-8.642,-6.667
2003_12_JAX_NYJ,2003,12,JAX,-6.667,-5.981
2003_13_TB_JAX,2003,13,JAX,-5.981,-4.166
2003_14_HOU_JAX,2003,14,JAX,-4.166,-3.295
2003_15_JAX_NE,2003,15,JAX,-3.295,-4.401
2003_16_NO_JAX,2003,16,JAX,-4.401,-5.529
2003_17_JAX_ATL,2003,17,JAX,-5.529,-5.484
2004_01_JAX_BUF,2004,1,JAX,-3.515,-4.121
2004_02_DEN_JAX,2004,2,JAX,-4.121,-5.031
2004_03_JAX_TEN,2004,3,JAX,-5.031,-3.329
2004_04_IND_JAX,2004,4,JAX,-3.329,-2.94
2004_05_JAX_LAC,2004,5,JAX,-2.94,-4.458
2004_06_KC_JAX,2004,6,JAX,-4.458,-4.076
2004_07_JAX_IND,2004,7,JAX,-4.076,-5.825
2004_08_JAX_HOU,2004,8,JAX,-5.825,-8.021
2004_10_DET_JAX,2004,10,JAX,-8.021,-5.511
2004_11_TEN_JAX,2004,11,JAX,-5.511,-4.143
2004_12_JAX_MIN,2004,12,JAX,-4.143,-3.182
2004_13_PIT_JAX,2004,13,JAX,-3.182,-5.01
2004_14_CHI_JAX,2004,14,JAX,-5.01,-3.964
2004_15_JAX_GB,2004,15,JAX,-3.964,-4.619
2004_16_HOU_JAX,2004,16,JAX,-4.619,-3.603
2004_17_JAX_OAK,2004,17,JAX,-3.603,0.075
2005_01_SEA_JAX,2005,1,JAX,0.048,0.822
2005_02_JAX_IND,2005,2,JAX,0.822,3.424
2005_03_JAX_NYJ,2005,3,JAX,3.424,6.44
2005_04_DEN_JAX,2005,4,JAX,6.44,6.227
2005_05_CIN_JAX,2005,5,JAX,6.227,5.404
2005_06_JAX_PIT,2005,6,JAX,5.404,6.855
2005_08_JAX_LAR,2005,8,JAX,6.855,7.026
2005_09_HOU_JAX,2005,9,JAX,7.026,6.21
2005_10_BAL_JAX,2005,10,JAX,6.21,8.399
2005_11_JAX_TEN,2005,11,JAX,8.399,8.293
2005_12_JAX_ARI,2005,12,JAX,8.293,7.007
2005_13_JAX_CLE,2005,13,JAX,7.007,5.821
2005_14_IND_JAX,2005,14,JAX,5.821,5.378
2005_15_SF_JAX,2005,15,JAX,5.378,5.836
2005_16_JAX_HOU,2005,16,JAX,5.836,4.438
2005_17_TEN_JAX,2005,17,JAX,4.438,4.915
2005_18_JAX_NE,2005,18,JAX,4.915,5.035
2006_01_DAL_JAX,2006,1,JAX,3.227,4.292
2006_02_PIT_JAX,2006,2,JAX,4.292,6.365
2006_03_JAX_IND,2006,3,JAX,6.365,7.143
2006_04_JAX_WAS,2006,4,JAX,7.143,4.671
2006_05_NYJ_JAX,2006,5,JAX,4.671,7.824
2006_07_JAX_HOU,2006,7,JAX,7.824,5.437
2006_08_JAX_PHI,2006,8,JAX,5.437,6.791
2006_09_TEN_JAX,2006,9,JAX,6.791,8.003
2006_10_HOU_JAX,2006,10,JAX,8.003,7.316
2006_11_NYG_JAX,2006,11,JAX,7.316,7.896
2006_12_JAX_BUF,2006,12,JAX,7.896,6.941
2006_13_JAX_MIA,2006,13,JAX,6.941,7.235
2006_14_IND_JAX,2006,14,JAX,7.235,7.695
2006_15_JAX_TEN,2006,15,JAX,7.695,9.115
2006_16_NE_JAX,2006,16,JAX,9.115,7.339
2006_17_JAX_KC,2006,17,JAX,7.339,7.926
2007_01_TEN_JAX,2007,1,JAX,5.08,5.671
2007_02_ATL_JAX,2007,2,JAX,5.671,6.759
2007_03_JAX_DEN,2007,3,JAX,6.759,6.045
2007_05_JAX_KC,2007,5,JAX,6.045,6.217
2007_06_HOU_JAX,2007,6,JAX,6.217,5.917
2007_07_IND_JAX,2007,7,JAX,5.917,6.276
2007_08_JAX_TB,2007,8,JAX,6.276,7.408
2007_09_JAX_NO,2007,9,JAX,7.408,3.902
2007_10_JAX_TEN,2007,10,JAX,3.902,3.672
2007_11_LAC_JAX,2007,11,JAX,3.672,2.777
2007_12_BUF_JAX,2007,12,JAX,2.777,2.352
2007_13_JAX_IND,2007,13,JAX,2.352,0.861
2007_14_CAR_JAX,2007,14,JAX,0.861,2.263
2007_15_JAX_PIT,2007,15,JAX,2.263,2.655
2007_16_OAK_JAX,2007,16,JAX,2.655,3.562
2007_17_JAX_HOU,2007,17,JAX,3.562,3.745
2007_18_JAX_PIT,2007,18,JAX,3.745,4.378
2007_19_JAX_NE,2007,19,JAX,4.378,2.952
2008_01_JAX_TEN,2008,1,JAX,1.892,3.121
2008_02_BUF_JAX,2008,2,JAX,3.121,1.983
2008_03_JAX_IND,2008,3,JAX,1.983,3.435
2008_04_HOU_JAX,2008,4,JAX,3.435,-0.471
2008_05_PIT_JAX,2008,5,JAX,-0.471,-1.768
2008_06_JAX_DEN,2008,6,JAX,-1.768,-1.707
2008_08_CLE_JAX,2008,8,JAX,-1.707,-2.557
2008_09_JAX_CIN,2008,9,JAX,-2.557,-4.512
2008_10_JAX_DET,2008,10,JAX,-4.512,-2.52
2008_11_TEN_JAX,2008,11,JAX,-2.52,-3.259
2008_12_MIN_JAX,2008,12,JAX,-3.259,-1.847
2008_13_JAX_HOU,2008,13,JAX,-1.847,-2.216
2008_14_JAX_CHI,2008,14,JAX,-2.216,-3.191
2008_15_GB_JAX,2008,15,JAX,-3.191,-2.868
2008_16_IND_JAX,2008,16,JAX,-2.868,-5.593
2008_17_JAX_BAL,2008,17,JAX,-5.593,-6.762
2009_01_JAX_IND,2009,1,JAX,-4.334,-4.271
2009_02_ARI_JAX,2009,2,JAX,-4.271,-6.182
2009_03_JAX_HOU,2009,3,JAX,-6.182,-7.384
2009_04_TEN_JAX,2009,4,JAX,-7.384,-8.401
2009_05_JAX_SEA,2009,5,JAX,-8.401,-10.489
2009_06_LAR_JAX,2009,6,JAX,-10.489,-11.162
2009_08_JAX_TEN,2009,8,JAX,-11.162,-12.014
2009_09_KC_JAX,2009,9,JAX,-12.014,-12.605
2009_10_JAX_NYJ,2009,10,JAX,-12.605,-11.977
2009_11_BUF_JAX,2009,11,JAX,-11.977,-11.924
2009_12_JAX_SF,2009,12,JAX,-11.924,-13.933
2009_13_HOU_JAX,2009,13,JAX,-13.933,-12.78
2009_14_MIA_JAX,2009,14,JAX,-12.78,-13.067
2009_15_IND_JAX,2009,15,JAX,-13.067,-14.19
2009_16_JAX_NE,2009,16,JAX,-14.19,-16.311
2009_17_JAX_CLE,2009,17,JAX,-16.311,-16.166
2010_01_DEN_JAX,2010,1,JAX,-10.362,-10.217
2010_02_JAX_LAC,2010,2,JAX,-10.217,-10.894
2010_03_PHI_JAX,2010,3,JAX,-10.894,-12.562
2010_04_IND_JAX,2010,4,JAX,-12.562,-12.783
2010_05_JAX_BUF,2010,5,JAX,-12.783,-13.579
2010_06_TEN_JAX,2010,6,JAX,-13.579,-12.688
2010_07_JAX_KC,2010,7,JAX,-12.688,-13.663
2010_08_JAX_DAL,2010,8,JAX,-13.663,-13.483
2010_10_HOU_JAX,2010,10,JAX,-13.483,-15.135
2010_11_CLE_JAX,2010,11,JAX,-15.135,-14.522
2010_12_JAX_NYG,2010,12,JAX,-14.522,-14.524
2010_13_JAX_TEN,2010,13,JAX,-14.524,-12.359
2010_14_OAK_JAX,2010,14,JAX,-12.359,-13.931
2010_15_JAX_IND,2010,15,JAX,-13.931,-14.084
2010_16_WAS_JAX,2010,16,JAX,-14.084,-13.631
2010_17_JAX_HOU,2010,17,JAX,-13.631,-14.104
2011_01_TEN_JAX,2011,1,JAX,-9.041,-9.542
2011_02_JAX_NYJ,2011,2,JAX,-9.542,-9.715
2011_03_JAX_CAR,2011,3,JAX,-9.715,-9.523
2011_04_NO_JAX,2011,4,JAX,-9.523,-8.419
2011_05_CIN_JAX,2011,5,JAX,-8.419,-8.627
2011_06_JAX_PIT,2011,6,JAX,-8.627,-7.635
2011_07_BAL_JAX,2011,7,JAX,-7.635,-5.886
2011_08_JAX_HOU,2011,8,JAX,-5.886,-5.616
2011_10_JAX_IND,2011,10,JAX,-5.616,-3.566
2011_11_JAX_CLE,2011,11,JAX,-3.566,-4.233
2011_12_HOU_JAX,2011,12,JAX,-4.233,-4.34
2011_13_LAC_JAX,2011,13,JAX,-4.34,-6.868
2011_14_TB_JAX,2011,14,JAX,-6.868,-5.415
2011_15_JAX_ATL,2011,15,JAX,-5.415,-6.511
2011_16_JAX_TEN,2011,16,JAX,-6.511,-6.757
2011_17_IND_JAX,2011,17,JAX,-6.757,-6.577
2012_01_JAX_MIN,2012,1,JAX,-4.216,-5.049
2012_02_HOU_JAX,2012,2,JAX,-5.049,-5.082
2012_03_JAX_IND,2012,3,JAX,-5.082,-6.574
2012_04_CIN_JAX,2012,4,JAX,-6.574,-7.682
2012_05_CHI_JAX,2012,5,JAX,-7.682,-8.861
2012_07_JAX_OAK,2012,7,JAX,-8.861,-8.933
2012_08_JAX_GB,2012,8,JAX,-8.933,-7.689
2012_09_DET_JAX,2012,9,JAX,-7.689,-7.189
2012_10_IND_JAX,2012,10,JAX,-7.189,-7.396
2012_11_JAX_HOU,2012,11,JAX,-7.396,-11.265
2012_12_TEN_JAX,2012,12,JAX,-11.265,-10.631
2012_13_JAX_BUF,2012,13,JAX,-10.631,-10.907
2012_14_NYJ_JAX,2012,14,JAX,-10.907,-10.699
2012_15_JAX_MIA,2012,15,JAX,-10.699,-13.253
2012_16_NE_JAX,2012,16,JAX,-13.253,-10.802
2012_17_JAX_TEN,2012,17,JAX,-10.802,-9.777
2013_01_KC_JAX,2013,1,JAX,-6.267,-6.984
2013_03_JAX_SEA,2013,3,JAX,-6.984,-7.629
2013_04_IND_JAX,2013,4,JAX,-7.629,-8.083
2013_05_JAX_LAR,2013,5,JAX,-8.083,-8.446
2013_06_JAX_DEN,2013,6,JAX,-8.446,-7.382
2013_07_LAC_JAX,2013,7,JAX,-7.382,-8.174
2013_08_SF_JAX,2013,8,JAX,-8.174,-10.017
2013_10_JAX_TEN,2013,10,JAX,-10.017,-7.992
2013_11_ARI_JAX,2013,11,JAX,-7.992,-10.121
2013_12_JAX_HOU,2013,12,JAX,-10.121,-8.577
2013_13_JAX_CLE,2013,13,JAX,-8.577,-9.601
2013_14_HOU_JAX,2013,14,JAX,-9.601,-9.191
2013_15_BUF_JAX,2013,15,JAX,-9.191,-10.132
2013_16_TEN_JAX,2013,16,JAX,-10.132,-8.709
2013_17_JAX_IND,2013,17,JAX,-8.709,-9.336
2014_01_JAX_PHI,2014,1,JAX,-5.984,-5.193
2014_02_JAX_WAS,2014,2,JAX,-5.193,-3.817
2014_03_IND_JAX,2014,3,JAX,-3.817,-6.828
2014_04_JAX_LAC,2014,4,JAX,-6.828,-8.644
2014_05_PIT_JAX,2014,5,JAX,-8.644,-8.279
2014_06_JAX_TEN,2014,6,JAX,-8.279,-8.261
2014_07_CLE_JAX,2014,7,JAX,-8.261,-5.744
2014_08_MIA_JAX,2014,8,JAX,-5.744,-5.08
2014_09_JAX_CIN,2014,9,JAX,-5.08,-4.214
2014_10_DAL_JAX,2014,10,JAX,-4.214,-5.413
2014_12_JAX_IND,2014,12,JAX,-5.413,-4.432
2014_13_NYG_JAX,2014,13,JAX,-4.432,-4.207
2014_14_HOU_JAX,2014,14,JAX,-4.207,-4.078
2014_15_JAX_BAL,2014,15,JAX,-4.078,-4.374
2014_16_TEN_JAX,2014,16,JAX,-4.374,-5.534
2014_17_JAX_HOU,2014,17,JAX,-5.534,-6.401
2015_01_CAR_JAX,2015,1,JAX,-4.103,-2.935
2015_02_MIA_JAX,2015,2,JAX,-2.935,-4.788
2015_03_JAX_NE,2015,3,JAX,-4.788,-5.873
2015_04_JAX_IND,2015,4,JAX,-5.873,-6.274
2015_05_JAX_TB,2015,5,JAX,-6.274,-6.502
2015_06_HOU_JAX,2015,6,JAX,-6.502,-8.986
2015_07_BUF_JAX,2015,7,JAX,-8.986,-8.454
2015_09_JAX_NYJ,2015,9,JAX,-8.454,-8.673
2015_10_JAX_BAL,2015,10,JAX,-8.673,-10.163
2015_11_TEN_JAX,2015,11,JAX,-10.163,-9.904
2015_12_LAC_JAX,2015,12,JAX,-9.904,-11.076
2015_13_JAX_TEN,2015,13,JAX,-11.076,-13.817
2015_14_IND_JAX,2015,14,JAX,-13.817,-12.864
2015_15_ATL_JAX,2015,15,JAX,-12.864,-12.078
2015_16_JAX_NO,2015,16,JAX,-12.078,-13.312
2015_17_JAX_HOU,2015,17,JAX,-13.312,-13.041
2016_01_GB_JAX,2016,1,JAX,-8.359,-8.529
2016_02_JAX_LAC,2016,2,JAX,-8.529,-9.145
2016_03_BAL_JAX,2016,3,JAX,-9.145,-8.532
2016_04_IND_JAX,2016,4,JAX,-8.532,-7.183
2016_06_JAX_CHI,2016,6,JAX,-7.183,-7.34
2016_07_OAK_JAX,2016,7,JAX,-7.34,-7.041
2016_08_JAX_TEN,2016,8,JAX,-7.041,-8.639
2016_09_JAX_KC,2016,9,JAX,-8.639,-8.175
2016_10_HOU_JAX,2016,10,JAX,-8.175,-8.146
2016_11_JAX_DET,2016,11,JAX,-8.146,-7.373
2016_12_JAX_BUF,2016,12,JAX,-7.373,-6.92
2016_13_DEN_JAX,2016,13,JAX,-6.92,-5.703
2016_14_MIN_JAX,2016,14,JAX,-5.703,-7.025
2016_15_JAX_HOU,2016,15,JAX,-7.025,-4.894
2016_16_TEN_JAX,2016,16,JAX,-4.894,-2.629
2016_17_JAX_IND,2016,17,JAX,-2.629,-2.04
2017_01_JAX_HOU,2017,1,JAX,-1.308,1.042
2017_02_TEN_JAX,2017,2,JAX,1.042,1.561
2017_03_BAL_JAX,2017,3,JAX,1.561,4.874
2017_04_JAX_NYJ,2017,4,JAX,4.874,6.011
2017_05_JAX_PIT,2017,5,JAX,6.011,8.472
2017_06_LAR_JAX,2017,6,JAX,8.472,9.07
2017_07_JAX_IND,2017,7,JAX,9.07,10.986
2017_09_CIN_JAX,2017,9,JAX,10.986,11.848
2017_10_LAC_JAX,2017,10,JAX,11.848,11.437
2017_11_JAX_CLE,2017,11,JAX,11.437,12.482
2017_12_JAX_ARI,2017,12,JAX,12.482,11.501
2017_13_IND_JAX,2017,13,JAX,11.501,12.144
2017_14_SEA_JAX,2017,14,JAX,12.144,12.403
2017_15_HOU_JAX,2017,15,JAX,12.403,14.0
2017_16_JAX_SF,2017,16,JAX,14.0,12.162
2017_17_JAX_TEN,2017,17,JAX,12.162,11.687
2017_18_BUF_JAX,2017,18,JAX,11.687,12.923
2017_19_JAX_PIT,2017,19,JAX,12.923,9.326
2017_20_JAX_NE,2017,20,JAX,9.326,9.087
2018_01_JAX_NYG,2018,1,JAX,5.824,6.53
2018_02_NE_JAX,2018,2,JAX,6.53,6.09
2018_03_TEN_JAX,2018,3,JAX,6.09,7.4
2018_04_NYJ_JAX,2018,4,JAX,7.4,7.727
2018_05_JAX_KC,2018,5,JAX,7.727,8.034
2018_06_JAX_DAL,2018,6,JAX,8.034,5.771
2018_07_HOU_JAX,2018,7,JAX,5.771,6.341
2018_08_PHI_JAX,2018,8,JAX,6.341,5.859
2018_10_JAX_IND,2018,10,JAX,5.859,4.983
2018_11_PIT_JAX,2018,11,JAX,4.983,6.099
2018_12_JAX_BUF,2018,12,JAX,6.099,3.199
2018_13_IND_JAX,2018,13,JAX,3.199,4.692
2018_14_JAX_TEN,2018,14,JAX,4.692,5.035
2018_15_WAS_JAX,2018,15,JAX,5.035,3.801
2018_16_JAX_MIA,2018,16,JAX,3.801,4.275
2018_17_JAX_HOU,2018,17,JAX,4.275,4.301
2019_01_KC_JAX,2019,1,JAX,2.757,0.412
2019_02_JAX_HOU,2019,2,JAX,0.412,2.199
2019_03_TEN_JAX,2019,3,JAX,2.199,3.635
2019_04_JAX_DEN,2019,4,JAX,3.635,2.061
2019_05_JAX_CAR,2019,5,JAX,2.061,2.323
2019_06_NO_JAX,2019,6,JAX,2.323,2.228
2019_07_JAX_CIN,2019,7,JAX,2.228,2.703
2019_08_NYJ_JAX,2019,8,JAX,2.703,4.785
2019_09_HOU_JAX,2019,9,JAX,4.785,3.828
2019_11_JAX_IND,2019,11,JAX,3.828,4.346
2019_12_JAX_TEN,2019,12,JAX,4.346,1.14
2019_13_TB_JAX,2019,13,JAX,1.14,1.363
2019_14_LAC_JAX,2019,14,JAX,1.363,-0.663
2019_15_JAX_OAK,2019,15,JAX,-0.663,-0.188
2019_16_JAX_ATL,2019,16,JAX,-0.188,-0.733
2019_17_IND_JAX,2019,17,JAX,-0.733,0.62
2020_01_IND_JAX,2020,1,JAX,0.397,-0.934
2020_02_JAX_TEN,2020,2,JAX,-0.934,-2.744
2020_03_MIA_JAX,2020,3,JAX,-2.744,-4.694
2020_04_JAX_CIN,2020,4,JAX,-4.694,-5.369
2020_05_JAX_HOU,2020,5,JAX,-5.369,-6.678
2020_06_DET_JAX,2020,6,JAX,-6.678,-6.377
2020_07_JAX_LAC,2020,7,JAX,-6.377,-9.671
2020_09_HOU_JAX,2020,9,JAX,-9.671,-9.966
2020_10_JAX_GB,2020,10,JAX,-9.966,-10.482
2020_11_PIT_JAX,2020,11,JAX,-10.482,-10.641
2020_12_CLE_JAX,2020,12,JAX,-10.641,-11.138
2020_13_JAX_MIN,2020,13,JAX,-11.138,-10.814
2020_14_TEN_JAX,2020,14,JAX,-10.814,-10.846
2020_15_JAX_BAL,2020,15,JAX,-10.846,-11.49
2020_16_CHI_JAX,2020,16,JAX,-11.49,-12.462
2020_17_JAX_IND,2020,17,JAX,-12.462,-10.987
2021_01_JAX_HOU,2021,1,JAX,-7.042,-9.25
2021_02_DEN_JAX,2021,2,JAX,-9.25,-9.839
2021_03_ARI_JAX,2021,3,JAX,-9.839,-10.18
2021_04_JAX_CIN,2021,4,JAX,-10.18,-11.889
2021_05_TEN_JAX,2021,5,JAX,-11.889,-11.003
2021_06_MIA_JAX,2021,6,JAX,-11.003,-13.017
2021_08_JAX_SEA,2021,8,JAX,-13.017,-14.27
2021_09_BUF_JAX,2021,9,JAX,-14.27,-11.771
2021_10_JAX_IND,2021,10,JAX,-11.771,-10.48
2021_11_SF_JAX,2021,11,JAX,-10.48,-10.578
2021_12_ATL_JAX,2021,12,JAX,-10.578,-9.547
2021_13_JAX_LAR,2021,13,JAX,-9.547,-10.53
2021_14_JAX_TEN,2021,14,JAX,-10.53,-9.909
2021_15_HOU_JAX,2021,15,JAX,-9.909,-9.953
2021_16_JAX_NYJ,2021,16,JAX,-9.953,-12.188
2021_17_JAX_NE,2021,17,JAX,-12.188,-13.902
2021_18_IND_JAX,2021,18,JAX,-13.902,-11.678
2022_01_JAX_WAS,2022,1,JAX,-7.486,-8.626
2022_02_IND_JAX,2022,2,JAX,-8.626,-4.31
2022_03_JAX_LAC,2022,3,JAX,-4.31,-3.183
2022_04_JAX_PHI,2022,4,JAX,-3.183,-2.058
2022_05_HOU_JAX,2022,5,JAX,-2.058,-1.418
2022_06_JAX_IND,2022,6,JAX,-1.418,-4.787
2022_07_NYG_JAX,2022,7,JAX,-4.787,-7.272
2022_08_DEN_JAX,2022,8,JAX,-7.272,-6.406
2022_09_OAK_JAX,2022,9,JAX,-6.406,-6.675
2022_10_JAX_KC,2022,10,JAX,-6.675,-8.175
2022_12_BAL_JAX,2022,12,JAX,-8.175,-8.886
2022_13_JAX_DET,2022,13,JAX,-8.886,-10.286
2022_14_JAX_TEN,2022,14,JAX,-10.286,-9.792
2022_15_DAL_JAX,2022,15,JAX,-9.792,-9.342
2022_16_JAX_NYJ,2022,16,JAX,-9.342,-7.235
2022_17_JAX_HOU,2022,17,JAX,-7.235,-7.223
2022_18_TEN_JAX,2022,18,JAX,-7.223,-6.922
2022_19_LAC_JAX,2022,19,JAX,-6.922,-6.092
2022_20_JAX_KC,2022,20,JAX,-6.092,-5.494
2023_01_JAX_IND,2023,1,JAX,-3.522,-3.677
2023_02_KC_JAX,2023,2,JAX,-3.677,-3.898
2023_03_HOU_JAX,2023,3,JAX,-3.898,-5.725
2023_04_ATL_JAX,2023,4,JAX,-5.725,-4.19
2023_05_JAX_BUF,2023,5,JAX,-4.19,-5.357
2023_06_IND_JAX,2023,6,JAX,-5.357,-3.937
2023_07_JAX_NO,2023,7,JAX,-3.937,-4.221
2023_08_JAX_PIT,2023,8,JAX,-4.221,-3.303
2023_10_SF_JAX,2023,10,JAX,-3.303,-4.558
2023_11_TEN_JAX,2023,11,JAX,-4.558,-5.171
2023_12_JAX_HOU,2023,12,JAX,-5.171,-6.88
2023_13_CIN_JAX,2023,13,JAX,-6.88,-10.515
2023_14_JAX_CLE,2023,14,JAX,-10.515,-11.118
2023_15_BAL_JAX,2023,15,JAX,-11.118,-10.37
2023_16_JAX_TB,2023,16,JAX,-10.37,-11.441
2023_17_CAR_JAX,2023,17,JAX,-11.441,-8.779
2023_18_JAX_TEN,2023,18,JAX,-8.779,-8.321
2024_01_JAX_MIA,2024,1,JAX,-5.334,-5.487
2024_02_CLE_JAX,2024,2,JAX,-5.487,-5.608
2024_03_JAX_BUF,2024,3,JAX,-5.608,-7.642
2024_04_JAX_HOU,2024,4,JAX,-7.642,-8.995
2024_05_IND_JAX,2024,5,JAX,-8.995,-11.069
2024_06_JAX_CHI,2024,6,JAX,-11.069,-13.126
2024_07_NE_JAX,2024,7,JAX,-13.126,-14.457
2024_08_GB_JAX,2024,8,JAX,-14.457,-12.688
2024_09_JAX_PHI,2024,9,JAX,-12.688,-13.577
2024_10_MIN_JAX,2024,10,JAX,-13.577,-11.903
2024_11_JAX_DET,2024,11,JAX,-11.903,-15.513
2024_13_HOU_JAX,2024,13,JAX,-15.513,-15.284
2024_14_JAX_TEN,2024,14,JAX,-15.284,-14.538
2024_15_NYJ_JAX,2024,15,JAX,-14.538,-15.692
2024_16_JAX_OAK,2024,16,JAX,-15.692,-15.318
2024_17_TEN_JAX,2024,17,JAX,-15.318,-14.148
2024_18_JAX_IND,2024,18,JAX,-14.148,-13.399
2025_01_CAR_JAX,2025,1,JAX,-8.589,-7.217
2025_02_JAX_CIN,2025,2,JAX,-7.217,-4.804
2025_03_HOU_JAX,2025,3,JAX,-4.804,-4.281
2025_04_JAX_SF,2025,4,JAX,-4.281,-3.871
2025_05_KC_JAX,2025,5,JAX,-3.871,-5.782
2025_06_SEA_JAX,2025,6,JAX,-5.782,-6.169
2025_07_LAR_JAX,2025,7,JAX,-6.169,-7.344
2025_09_JAX_OAK,2025,9,JAX,-7.344,-9.212
2025_10_JAX_HOU,2025,10,JAX,-9.212,-10.341
2025_11_LAC_JAX,2025,11,JAX,-10.341,-7.646
2025_12_JAX_ARI,2025,12,JAX,-7.646,-7.446
2025_13_JAX_TEN,2025,13,JAX,-7.446,-6.588
2025_14_IND_JAX,2025,14,JAX,-6.588,-4.396
2025_15_NYJ_JAX,2025,15,JAX,-4.396,-3.677
2025_16_JAX_DEN,2025,16,JAX,-3.677,-3.467
2025_17_JAX_IND,2025,17,JAX,-3.467,-1.64
2025_18_TEN_JAX,2025,18,JAX,-1.64,-1.653
2025_19_BUF_JAX,2025,19,JAX,-1.653,-3.413
2026_01_CLE_JAX,2026,1,JAX,-2.188,-1.582
1999_01_KC_CHI,1999,1,KC,0.0,-2.488
1999_02_DEN_KC,1999,2,KC,-2.488,-1.681
1999_03_DET_KC,1999,3,KC,-1.681,-0.914
1999_04_KC_LAC,1999,4,KC,-0.914,-0.01
1999_05_NE_KC,1999,5,KC,-0.01,0.455
1999_07_KC_BAL,1999,7,KC,0.455,1.777
1999_08_LAC_KC,1999,8,KC,1.777,2.345
1999_09_KC_IND,1999,9,KC,2.345,1.617
1999_10_KC_TB,1999,10,KC,1.617,-0.086
1999_11_SEA_KC,1999,11,KC,-0.086,-0.967
1999_12_KC_OAK,1999,12,KC,-0.967,-1.372
1999_13_KC_DEN,1999,13,KC,-1.372,-0.886
1999_14_MIN_KC,1999,14,KC,-0.886,-0.855
1999_15_PIT_KC,1999,15,KC,-0.855,-0.292
1999_16_KC_SEA,1999,16,KC,-0.292,-1.074
1999_17_OAK_KC,1999,17,KC,-1.074,-1.112
2000_01_IND_KC,2000,1,KC,-0.713,-1.025
2000_02_KC_TEN,2000,2,KC,-1.025,0.409
2000_04_KC_DEN,2000,4,KC,0.409,-0.129
2000_05_SEA_KC,2000,5,KC,-0.129,0.719
2000_07_OAK_KC,2000,7,KC,0.719,-1.768
2000_08_LAR_KC,2000,8,KC,-1.768,0.144
2000_09_KC_SEA,2000,9,KC,0.144,0.289
2000_10_KC_OAK,2000,10,KC,0.289,-2.551
2000_11_KC_SF,2000,11,KC,-2.551,-4.236
2000_12_BUF_KC,2000,12,KC,-4.236,-5.908
2000_13_KC_LAC,2000,13,KC,-5.908,-4.238
2000_14_KC_NE,2000,14,KC,-4.238,-6.275
2000_15_CAR_KC,2000,15,KC,-6.275,-6.073
2000_16_DEN_KC,2000,16,KC,-6.073,-7.087
2000_17_KC_ATL,2000,17,KC,-7.087,-8.634
2001_01_OAK_KC,2001,1,KC,-5.535,-6.92
2001_02_NYG_KC,2001,2,KC,-6.92,-5.428
2001_03_KC_WAS,2001,3,KC,-5.428,-4.935
2001_04_KC_DEN,2001,4,KC,-4.935,-3.102
2001_05_PIT_KC,2001,5,KC,-3.102,-3.648
2001_06_KC_ARI,2001,6,KC,-3.648,-5.353
2001_07_IND_KC,2001,7,KC,-5.353,-5.028
2001_08_KC_LAC,2001,8,KC,-5.028,-2.558
2001_09_KC_NYJ,2001,9,KC,-2.558,-2.493
2001_11_SEA_KC,2001,11,KC,-2.493,-3.061
2001_12_PHI_KC,2001,12,KC,-3.061,-4.161
2001_13_KC_OAK,2001,13,KC,-4.161,-4.183
2001_14_DEN_KC,2001,14,KC,-4.183,-5.815
2001_15_LAC_KC,2001,15,KC,-5.815,-6.775
2001_17_KC_SEA,2001,17,KC,-6.775,-6.892
2002_01_KC_CLE,2002,1,KC,-4.418,-7.999
2002_02_JAX_KC,2002,2,KC,-7.999,-10.466
2002_03_KC_NE,2002,3,KC,-10.466,-13.018
2002_04_MIA_KC,2002,4,KC,-13.018,-12.441
2002_05_KC_NYJ,2002,5,KC,-12.441,-13.081
2002_06_KC_LAC,2002,6,KC,-13.081,-14.839
2002_07_DEN_KC,2002,7,KC,-14.839,-16.75
2002_08_OAK_KC,2002,8,KC,-16.75,-16.983
2002_10_KC_SF,2002,10,KC,-16.983,-14.933
2002_11_BUF_KC,2002,11,KC,-14.933,-14.623
2002_12_KC_SEA,2002,12,KC,-14.623,-17.941
2002_13_ARI_KC,2002,13,KC,-17.941,-14.582
2002_14_LAR_KC,2002,14,KC,-14.582,-13.427
2002_15_KC_DEN,2002,15,KC,-13.427,-13.538
2002_16_LAC_KC,2002,16,KC,-13.538,-15.403
2002_17_KC_OAK,2002,17,KC,-15.403,-13.406
2003_01_LAC_KC,2003,1,KC,-8.593,-7.667
2003_02_PIT_KC,2003,2,KC,-7.667,-6.172
2003_03_KC_HOU,2003,3,KC,-6.172,-6.258
2003_04_KC_BAL,2003,4,KC,-6.258,-4.28
2003_05_DEN_KC,2003,5,KC,-4.28,-5.1
2003_06_KC_GB,2003,6,KC,-5.1,-5.716
2003_07_KC_OAK,2003,7,KC,-5.716,-2.924
2003_08_BUF_KC,2003,8,KC,-2.924,-0.815
2003_10_CLE_KC,2003,10,KC,-0.815,-0.684
2003_11_KC_CIN,2003,11,KC,-0.684,-1.184
2003_12_OAK_KC,2003,12,KC,-1.184,-3.134
2003_13_KC_LAC,2003,13,KC,-3.134,-3.275
2003_14_KC_DEN,2003,14,KC,-3.275,-4.691
2003_15_DET_KC,2003,15,KC,-4.691,-5.28
2003_16_KC_MIN,2003,16,KC,-5.28,-5.844
2003_17_CHI_KC,2003,17,KC,-5.844,-3.763
2003_19_IND_KC,2003,19,KC,-3.763,-5.008
2004_01_KC_DEN,2004,1,KC,-3.21,-3.522
2004_02_CAR_KC,2004,2,KC,-3.522,-3.366
2004_03_HOU_KC,2004,3,KC,-3.366,-3.361
2004_04_KC_BAL,2004,4,KC,-3.361,-2.989
2004_06_KC_JAX,2004,6,KC,-2.989,-4.954
2004_07_ATL_KC,2004,7,KC,-4.954,-2.662
2004_08_IND_KC,2004,8,KC,-2.662,-5.063
2004_09_KC_TB,2004,9,KC,-5.063,-6.728
2004_10_KC_NO,2004,10,KC,-6.728,-6.01
2004_11_NE_KC,2004,11,KC,-6.01,-6.721
2004_12_LAC_KC,2004,12,KC,-6.721,-9.336
2004_13_KC_OAK,2004,13,KC,-9.336,-11.308
2004_14_KC_TEN,2004,14,KC,-11.308,-14.327
2004_15_DEN_KC,2004,15,KC,-14.327,-13.095
2004_16_OAK_KC,2004,16,KC,-13.095,-12.019
2004_17_KC_LAC,2004,17,KC,-12.019,-13.007
2005_01_NYJ_KC,2005,1,KC,-8.338,-7.277
2005_02_KC_OAK,2005,2,KC,-7.277,-8.299
2005_03_KC_DEN,2005,3,KC,-8.299,-8.866
2005_04_PHI_KC,2005,4,KC,-8.866,-10.382
2005_06_WAS_KC,2005,6,KC,-10.382,-11.535
2005_07_KC_MIA,2005,7,KC,-11.535,-9.381
2005_08_KC_LAC,2005,8,KC,-9.381,-10.527
2005_09_OAK_KC,2005,9,KC,-10.527,-9.739
2005_10_KC_BUF,2005,10,KC,-9.739,-8.266
2005_11_KC_HOU,2005,11,KC,-8.266,-7.95
2005_12_NE_KC,2005,12,KC,-7.95,-5.068
2005_13_DEN_KC,2005,13,KC,-5.068,-4.691
2005_14_KC_DAL,2005,14,KC,-4.691,-6.399
2005_15_KC_NYG,2005,15,KC,-6.399,-5.838
2005_16_LAC_KC,2005,16,KC,-5.838,-4.955
2005_17_CIN_KC,2005,17,KC,-4.955,-2.598
2006_01_CIN_KC,2006,1,KC,-1.665,-0.551
2006_02_KC_DEN,2006,2,KC,-0.551,0.185
2006_04_SF_KC,2006,4,KC,0.185,2.583
2006_05_KC_ARI,2006,5,KC,2.583,2.123
2006_06_KC_PIT,2006,6,KC,2.123,-0.082
2006_07_LAC_KC,2006,7,KC,-0.082,0.228
2006_08_SEA_KC,2006,8,KC,0.228,-0.614
2006_09_KC_LAR,2006,9,KC,-0.614,-2.334
2006_10_KC_MIA,2006,10,KC,-2.334,-2.347
2006_11_OAK_KC,2006,11,KC,-2.347,-3.206
2006_12_DEN_KC,2006,12,KC,-3.206,-3.38
2006_13_KC_CLE,2006,13,KC,-3.38,-4.764
2006_14_BAL_KC,2006,14,KC,-4.764,-6.393
2006_15_KC_LAC,2006,15,KC,-6.393,-3.005
2006_16_KC_OAK,2006,16,KC,-3.005,-3.292
2006_17_JAX_KC,2006,17,KC,-3.292,-5.514
2006_18_KC_IND,2006,18,KC,-5.514,-4.078
2007_01_KC_HOU,2007,1,KC,-2.614,-3.297
2007_02_KC_CHI,2007,2,KC,-3.297,-2.062
2007_03_MIN_KC,2007,3,KC,-2.062,-0.277
2007_04_KC_LAC,2007,4,KC,-0.277,1.21
2007_05_JAX_KC,2007,5,KC,1.21,0.898
2007_06_CIN_KC,2007,6,KC,0.898,1.555
2007_07_KC_OAK,2007,7,KC,1.555,1.738
2007_09_GB_KC,2007,9,KC,1.738,0.809
2007_10_DEN_KC,2007,10,KC,0.809,0.431
2007_11_KC_IND,2007,11,KC,0.431,3.082
2007_12_OAK_KC,2007,12,KC,3.082,3.269
2007_13_LAC_KC,2007,13,KC,3.269,4.453
2007_14_KC_DEN,2007,14,KC,4.453,1.017
2007_15_TEN_KC,2007,15,KC,1.017,-0.674
2007_16_KC_DET,2007,16,KC,-0.674,0.764
2007_17_KC_NYJ,2007,17,KC,0.764,0.941
2008_01_KC_NE,2008,1,KC,0.603,1.942
2008_02_OAK_KC,2008,2,KC,1.942,2.739
2008_03_KC_ATL,2008,3,KC,2.739,1.088
2008_04_DEN_KC,2008,4,KC,1.088,1.149
2008_05_KC_CAR,2008,5,KC,1.149,0.309
2008_07_TEN_KC,2008,7,KC,0.309,0.309
2008_08_KC_NYJ,2008,8,KC,0.309,0.159
2008_09_TB_KC,2008,9,KC,0.159,-1.492
2008_10_KC_LAC,2008,10,KC,-1.492,-2.159
2008_11_NO_KC,2008,11,KC,-2.159,-1.94
2008_12_BUF_KC,2008,12,KC,-1.94,-6.383
2008_13_KC_OAK,2008,13,KC,-6.383,-6.31
2008_14_KC_DEN,2008,14,KC,-6.31,-7.734
2008_15_LAC_KC,2008,15,KC,-7.734,-8.866
2008_16_MIA_KC,2008,16,KC,-8.866,-10.941
2008_17_KC_CIN,2008,17,KC,-10.941,-11.198
2009_01_KC_BAL,2009,1,KC,-7.178,-8.903
2009_02_OAK_KC,2009,2,KC,-8.903,-6.766
2009_03_KC_PHI,2009,3,KC,-6.766,-9.946
2009_04_NYG_KC,2009,4,KC,-9.946,-10.697
2009_05_DAL_KC,2009,5,KC,-10.697,-11.939
2009_06_KC_WAS,2009,6,KC,-11.939,-10.189
2009_07_LAC_KC,2009,7,KC,-10.189,-11.655
2009_09_KC_JAX,2009,9,KC,-11.655,-12.673
2009_10_KC_OAK,2009,10,KC,-12.673,-11.592
2009_11_PIT_KC,2009,11,KC,-11.592,-13.026
2009_12_KC_LAC,2009,12,KC,-13.026,-14.406
2009_13_DEN_KC,2009,13,KC,-14.406,-13.268
2009_14_BUF_KC,2009,14,KC,-13.268,-12.366
2009_15_CLE_KC,2009,15,KC,-12.366,-11.484
2009_16_KC_CIN,2009,16,KC,-11.484,-11.14
2009_17_KC_DEN,2009,17,KC,-11.14,-10.842
2010_01_LAC_KC,2010,1,KC,-6.95,-7.024
2010_02_KC_CLE,2010,2,KC,-7.024,-6.778
2010_03_SF_KC,2010,3,KC,-6.778,-5.509
2010_05_KC_IND,2010,5,KC,-5.509,-3.357
2010_06_KC_HOU,2010,6,KC,-3.357,-4.856
2010_07_JAX_KC,2010,7,KC,-4.856,-5.18
2010_08_BUF_KC,2010,8,KC,-5.18,-4.478
2010_09_KC_OAK,2010,9,KC,-4.478,-3.426
2010_10_KC_DEN,2010,10,KC,-3.426,-5.627
2010_11_ARI_KC,2010,11,KC,-5.627,-7.022
2010_12_KC_SEA,2010,12,KC,-7.022,-6.471
2010_13_DEN_KC,2010,13,KC,-6.471,-3.12
2010_14_KC_LAC,2010,14,KC,-3.12,-2.934
2010_15_KC_LAR,2010,15,KC,-2.934,-0.393
2010_16_TEN_KC,2010,16,KC,-0.393,0.823
2010_17_OAK_KC,2010,17,KC,0.823,0.538
2010_18_BAL_KC,2010,18,KC,0.538,-1.12
2011_01_BUF_KC,2011,1,KC,-0.718,-2.557
2011_02_KC_DET,2011,2,KC,-2.557,-4.435
2011_03_KC_LAC,2011,3,KC,-4.435,-2.655
2011_04_MIN_KC,2011,4,KC,-2.655,-2.346
2011_05_KC_IND,2011,5,KC,-2.346,-4.179
2011_07_KC_OAK,2011,7,KC,-4.179,-2.235
2011_08_LAC_KC,2011,8,KC,-2.235,-1.396
2011_09_MIA_KC,2011,9,KC,-1.396,-4.248
2011_10_DEN_KC,2011,10,KC,-4.248,-4.814
2011_11_KC_NE,2011,11,KC,-4.814,-3.737
2011_12_PIT_KC,2011,12,KC,-3.737,-3.391
2011_13_KC_CHI,2011,13,KC,-3.391,0.025
2011_14_KC_NYJ,2011,14,KC,0.025,-1.302
2011_15_GB_KC,2011,15,KC,-1.302,0.056
2011_16_OAK_KC,2011,16,KC,0.056,0.283
2011_17_KC_DEN,2011,17,KC,0.283,3.003
2012_01_ATL_KC,2012,1,KC,1.925,-1.226
2012_02_KC_BUF,2012,2,KC,-1.226,-2.454
2012_03_KC_NO,2012,3,KC,-2.454,-0.983
2012_04_LAC_KC,2012,4,KC,-0.983,-0.625
2012_05_BAL_KC,2012,5,KC,-0.625,1.563
2012_06_KC_TB,2012,6,KC,1.563,-0.098
2012_08_OAK_KC,2012,8,KC,-0.098,0.133
2012_09_KC_LAC,2012,9,KC,0.133,-0.919
2012_10_KC_PIT,2012,10,KC,-0.919,0.075
2012_11_CIN_KC,2012,11,KC,0.075,-1.319
2012_12_DEN_KC,2012,12,KC,-1.319,-0.465
2012_13_CAR_KC,2012,13,KC,-0.465,-2.249
2012_14_KC_CLE,2012,14,KC,-2.249,-1.997
2012_15_KC_OAK,2012,15,KC,-1.997,-1.653
2012_16_IND_KC,2012,16,KC,-1.653,-1.335
2012_17_KC_DEN,2012,17,KC,-1.335,-3.149
2013_01_KC_JAX,2013,1,KC,-2.019,1.242
2013_02_DAL_KC,2013,2,KC,1.242,0.789
2013_03_KC_PHI,2013,3,KC,0.789,2.454
2013_04_NYG_KC,2013,4,KC,2.454,3.584
2013_05_KC_TEN,2013,5,KC,3.584,3.494
2013_07_HOU_KC,2013,7,KC,3.494,2.769
2013_08_CLE_KC,2013,8,KC,2.769,0.782
2013_09_KC_BUF,2013,9,KC,0.782,0.745
2013_11_KC_DEN,2013,11,KC,0.745,1.037
2013_12_LAC_KC,2013,12,KC,1.037,-1.398
2013_13_DEN_KC,2013,13,KC,-1.398,-2.447
2013_14_KC_WAS,2013,14,KC,-2.447,-0.378
2013_15_KC_OAK,2013,15,KC,-0.378,0.02
2013_16_IND_KC,2013,16,KC,0.02,-0.791
2013_17_KC_LAC,2013,17,KC,-0.791,-0.397
2013_18_KC_IND,2013,18,KC,-0.397,-2.561
2014_01_TEN_KC,2014,1,KC,-1.642,-2.286
2014_02_KC_DEN,2014,2,KC,-2.286,-3.045
2014_03_KC_MIA,2014,3,KC,-3.045,-1.984
2014_04_NE_KC,2014,4,KC,-1.984,0.101
2014_05_KC_SF,2014,5,KC,0.101,1.253
2014_07_KC_LAC,2014,7,KC,1.253,2.569
2014_08_LAR_KC,2014,8,KC,2.569,4.574
2014_09_NYJ_KC,2014,9,KC,4.574,4.132
2014_10_KC_BUF,2014,10,KC,4.132,3.391
2014_11_SEA_KC,2014,11,KC,3.391,1.991
2014_12_KC_OAK,2014,12,KC,1.991,2.163
2014_13_DEN_KC,2014,13,KC,2.163,3.598
2014_14_KC_ARI,2014,14,KC,3.598,2.959
2014_15_OAK_KC,2014,15,KC,2.959,3.908
2014_16_KC_PIT,2014,16,KC,3.908,4.226
2014_17_LAC_KC,2014,17,KC,4.226,6.957
2015_01_KC_HOU,2015,1,KC,4.46,5.126
2015_02_DEN_KC,2015,2,KC,5.126,5.422
2015_03_KC_GB,2015,3,KC,5.422,2.909
2015_04_KC_CIN,2015,4,KC,2.909,1.326
2015_05_CHI_KC,2015,5,KC,1.326,0.586
2015_06_KC_MIN,2015,6,KC,0.586,1.628
2015_07_PIT_KC,2015,7,KC,1.628,2.514
2015_08_DET_KC,2015,8,KC,2.514,4.721
2015_10_KC_DEN,2015,10,KC,4.721,9.831
2015_11_KC_LAC,2015,11,KC,9.831,11.812
2015_12_BUF_KC,2015,12,KC,11.812,8.89
2015_13_KC_OAK,2015,13,KC,8.89,10.121
2015_14_LAC_KC,2015,14,KC,10.121,11.916
2015_15_KC_BAL,2015,15,KC,11.916,10.38
2015_16_CLE_KC,2015,16,KC,10.38,9.097
2015_17_OAK_KC,2015,17,KC,9.097,10.508
2015_18_KC_HOU,2015,18,KC,10.508,13.942
2015_19_KC_NE,2015,19,KC,13.942,11.704
2016_01_LAC_KC,2016,1,KC,7.502,6.631
2016_02_KC_HOU,2016,2,KC,6.631,7.335
2016_03_NYJ_KC,2016,3,KC,7.335,11.221
2016_04_KC_PIT,2016,4,KC,11.221,8.146
2016_06_KC_OAK,2016,6,KC,8.146,8.605
2016_07_NO_KC,2016,7,KC,8.605,6.774
2016_08_KC_IND,2016,8,KC,6.774,7.825
2016_09_JAX_KC,2016,9,KC,7.825,6.935
2016_10_KC_CAR,2016,10,KC,6.935,5.929
2016_11_TB_KC,2016,11,KC,5.929,4.409
2016_12_KC_DEN,2016,12,KC,4.409,2.083
2016_13_KC_ATL,2016,13,KC,2.083,2.35
2016_14_OAK_KC,2016,14,KC,2.35,4.788
2016_15_TEN_KC,2016,15,KC,4.788,5.253
2016_16_DEN_KC,2016,16,KC,5.253,6.541
2016_17_KC_LAC,2016,17,KC,6.541,6.065
2016_19_PIT_KC,2016,19,KC,6.065,6.975
2017_01_KC_NE,2017,1,KC,4.471,6.568
2017_02_PHI_KC,2017,2,KC,6.568,6.115
2017_03_KC_LAC,2017,3,KC,6.115,8.924
2017_04_WAS_KC,2017,4,KC,8.924,7.797
2017_05_KC_HOU,2017,5,KC,7.797,5.817
2017_06_PIT_KC,2017,6,KC,5.817,5.414
2017_07_KC_OAK,2017,7,KC,5.414,2.618
2017_08_DEN_KC,2017,8,KC,2.618,4.099
2017_09_KC_DAL,2017,9,KC,4.099,2.619
2017_11_KC_NYG,2017,11,KC,2.619,2.609
2017_12_BUF_KC,2017,12,KC,2.609,2.422
2017_13_KC_NYJ,2017,13,KC,2.422,-0.892
2017_14_OAK_KC,2017,14,KC,-0.892,1.015
2017_15_LAC_KC,2017,15,KC,1.015,3.494
2017_16_MIA_KC,2017,16,KC,3.494,2.302
2017_17_KC_DEN,2017,17,KC,2.302,1.837
2017_18_TEN_KC,2017,18,KC,1.837,1.283
2018_01_KC_LAC,2018,1,KC,0.822,-1.344
2018_02_KC_PIT,2018,2,KC,-1.344,-4.972
2018_03_SF_KC,2018,3,KC,-4.972,-5.571
2018_04_KC_DEN,2018,4,KC,-5.571,-4.034
2018_05_JAX_KC,2018,5,KC,-4.034,-2.55
2018_06_KC_NE,2018,6,KC,-2.55,-3.245
2018_07_CIN_KC,2018,7,KC,-3.245,-1.447
2018_08_DEN_KC,2018,8,KC,-1.447,-1.242
2018_09_KC_CLE,2018,9,KC,-1.242,-2.747
2018_10_ARI_KC,2018,10,KC,-2.747,-0.984
2018_11_KC_LAR,2018,11,KC,-0.984,-2.647
2018_13_KC_OAK,2018,13,KC,-2.647,-4.464
2018_14_BAL_KC,2018,14,KC,-4.464,-5.341
2018_15_LAC_KC,2018,15,KC,-5.341,-3.884
2018_16_KC_SEA,2018,16,KC,-3.884,-5.109
2018_17_OAK_KC,2018,17,KC,-5.109,-3.469
2018_19_IND_KC,2018,19,KC,-3.469,-1.916
2018_20_NE_KC,2018,20,KC,-1.916,-2.034
2019_01_KC_JAX,2019,1,KC,-1.304,-0.349
2019_02_KC_OAK,2019,2,KC,-0.349,1.054
2019_03_BAL_KC,2019,3,KC,1.054,1.12
2019_04_KC_DET,2019,4,KC,1.12,0.423
2019_05_IND_KC,2019,5,KC,0.423,0.789
2019_06_HOU_KC,2019,6,KC,0.789,-0.652
2019_07_KC_DEN,2019,7,KC,-0.652,1.583
2019_08_GB_KC,2019,8,KC,1.583,1.27
2019_09_MIN_KC,2019,9,KC,1.27,1.097
2019_10_KC_TEN,2019,10,KC,1.097,0.754
2019_11_KC_LAC,2019,11,KC,0.754,2.574
2019_13_OAK_KC,2019,13,KC,2.574,3.382
2019_14_KC_NE,2019,14,KC,3.382,4.971
2019_15_DEN_KC,2019,15,KC,4.971,6.39
2019_16_KC_CHI,2019,16,KC,6.39,7.749
2019_17_LAC_KC,2019,17,KC,7.749,7.482
2019_19_HOU_KC,2019,19,KC,7.482,5.679
2019_20_TEN_KC,2019,20,KC,5.679,5.481
2019_21_SF_KC,2019,21,KC,5.481,5.938
2020_01_HOU_KC,2020,1,KC,3.807,4.196
2020_02_KC_LAC,2020,2,KC,4.196,2.73
2020_03_KC_BAL,2020,3,KC,2.73,4.254
2020_04_NE_KC,2020,4,KC,4.254,4.969
2020_05_OAK_KC,2020,5,KC,4.969,3.586
2020_06_KC_BUF,2020,6,KC,3.586,4.391
2020_07_KC_DEN,2020,7,KC,4.391,4.198
2020_08_NYJ_KC,2020,8,KC,4.198,4.068
2020_09_CAR_KC,2020,9,KC,4.068,1.159
2020_11_KC_OAK,2020,11,KC,1.159,-0.031
2020_12_KC_TB,2020,12,KC,-0.031,-0.333
2020_13_DEN_KC,2020,13,KC,-0.333,0.067
2020_14_KC_MIA,2020,14,KC,0.067,-0.782
2020_15_KC_NO,2020,15,KC,-0.782,0.649
2020_16_ATL_KC,2020,16,KC,0.649,-0.111
2020_17_LAC_KC,2020,17,KC,-0.111,-1.55
2020_19_CLE_KC,2020,19,KC,-1.55,-0.943
2020_20_BUF_KC,2020,20,KC,-0.943,-0.649
2020_21_KC_TB,2020,21,KC,-0.649,-0.831
2021_01_CLE_KC,2021,1,KC,-0.533,-0.465
2021_02_KC_BAL,2021,2,KC,-0.465,-2.065
2021_03_LAC_KC,2021,3,KC,-2.065,-4.108
2021_04_KC_PHI,2021,4,KC,-4.108,-6.067
2021_05_BUF_KC,2021,5,KC,-6.067,-7.876
2021_06_KC_WAS,2021,6,KC,-7.876,-7.71
2021_07_KC_TEN,2021,7,KC,-7.71,-8.608
2021_08_NYG_KC,2021,8,KC,-8.608,-8.094
2021_09_GB_KC,2021,9,KC,-8.094,-7.348
2021_10_KC_OAK,2021,10,KC,-7.348,-7.307
2021_11_DAL_KC,2021,11,KC,-7.307,-3.759
2021_13_DEN_KC,2021,13,KC,-3.759,-2.994
2021_14_OAK_KC,2021,14,KC,-2.994,-2.437
2021_15_KC_LAC,2021,15,KC,-2.437,-2.302
2021_16_PIT_KC,2021,16,KC,-2.302,-1.396
2021_17_KC_CIN,2021,17,KC,-1.396,-4.089
2021_18_KC_DEN,2021,18,KC,-4.089,-4.687
2021_19_PIT_KC,2021,19,KC,-4.687,-5.079
2021_20_BUF_KC,2021,20,KC,-5.079,-6.904
2021_21_CIN_KC,2021,21,KC,-6.904,-6.708
2022_01_KC_ARI,2022,1,KC,-4.3,-4.2
2022_02_LAC_KC,2022,2,KC,-4.2,-4.609
2022_03_KC_IND,2022,3,KC,-4.609,-4.306
2022_04_KC_TB,2022,4,KC,-4.306,-6.716
2022_05_OAK_KC,2022,5,KC,-6.716,-6.71
2022_06_BUF_KC,2022,6,KC,-6.71,-7.096
2022_07_KC_SF,2022,7,KC,-7.096,-6.527
2022_09_TEN_KC,2022,9,KC,-6.527,-5.061
2022_10_JAX_KC,2022,10,KC,-5.061,-5.489
2022_11_KC_LAC,2022,11,KC,-5.489,-4.776
2022_12_LAR_KC,2022,12,KC,-4.776,-3.379
2022_13_KC_CIN,2022,13,KC,-3.379,-5.481
2022_14_KC_DEN,2022,14,KC,-5.481,-5.979
2022_15_KC_HOU,2022,15,KC,-5.979,-6.839
2022_16_SEA_KC,2022,16,KC,-6.839,-6.36
2022_17_DEN_KC,2022,17,KC,-6.36,-7.321
2022_18_KC_OAK,2022,18,KC,-7.321,-6.396
2022_20_JAX_KC,2022,20,KC,-6.396,-5.444
2022_21_CIN_KC,2022,21,KC,-5.444,-3.597
2022_22_KC_PHI,2022,22,KC,-3.597,-6.171
2023_01_DET_KC,2023,1,KC,-3.955,-3.623
2023_02_KC_JAX,2023,2,KC,-3.623,-1.896
2023_03_CHI_KC,2023,3,KC,-1.896,-0.252
2023_04_KC_NYJ,2023,4,KC,-0.252,-2.317
2023_05_KC_MIN,2023,5,KC,-2.317,-2.136
2023_06_DEN_KC,2023,6,KC,-2.136,0.664
2023_07_LAC_KC,2023,7,KC,0.664,3.187
2023_08_KC_DEN,2023,8,KC,3.187,4.113
2023_09_MIA_KC,2023,9,KC,4.113,5.31
2023_11_PHI_KC,2023,11,KC,5.31,7.229
2023_12_KC_OAK,2023,12,KC,7.229,5.341
2023_13_KC_GB,2023,13,KC,5.341,3.617
2023_14_BUF_KC,2023,14,KC,3.617,5.218
2023_15_KC_NE,2023,15,KC,5.218,5.58
2023_16_OAK_KC,2023,16,KC,5.58,7.206
2023_17_CIN_KC,2023,17,KC,7.206,7.213
2023_18_KC_LAC,2023,18,KC,7.213,5.963
2023_19_MIA_KC,2023,19,KC,5.963,6.206
2023_20_KC_BUF,2023,20,KC,6.206,4.297
2023_21_KC_BAL,2023,21,KC,4.297,5.665
2023_22_SF_KC,2023,22,KC,5.665,5.481
2024_01_BAL_KC,2024,1,KC,3.513,1.367
2024_02_CIN_KC,2024,2,KC,1.367,1.261
2024_03_KC_ATL,2024,3,KC,1.261,1.937
2024_04_KC_LAC,2024,4,KC,1.937,2.66
2024_05_NO_KC,2024,5,KC,2.66,3.073
2024_07_KC_SF,2024,7,KC,3.073,4.199
2024_08_KC_OAK,2024,8,KC,4.199,3.574
2024_09_TB_KC,2024,9,KC,3.574,3.039
2024_10_DEN_KC,2024,10,KC,3.039,2.333
2024_11_KC_BUF,2024,11,KC,2.333,1.317
2024_12_KC_CAR,2024,12,KC,1.317,-0.04
2024_13_OAK_KC,2024,13,KC,-0.04,-1.506
2024_14_LAC_KC,2024,14,KC,-1.506,-1.367
2024_15_KC_CLE,2024,15,KC,-1.367,2.207
2024_16_HOU_KC,2024,16,KC,2.207,2.043
2024_17_KC_PIT,2024,17,KC,2.043,2.738
2024_18_KC_DEN,2024,18,KC,2.738,-1.415
2024_20_HOU_KC,2024,20,KC,-1.415,-0.961
2024_21_BUF_KC,2024,21,KC,-0.961,-0.369
2024_22_KC_PHI,2024,22,KC,-0.369,-1.638
2025_01_KC_LAC,2025,1,KC,-1.05,-2.883
2025_02_PHI_KC,2025,2,KC,-2.883,-1.404
2025_03_KC_NYG,2025,3,KC,-1.404,0.969
2025_04_BAL_KC,2025,4,KC,0.969,2.664
2025_05_KC_JAX,2025,5,KC,2.664,1.101
2025_06_DET_KC,2025,6,KC,1.101,0.363
2025_07_OAK_KC,2025,7,KC,0.363,1.534
2025_08_WAS_KC,2025,8,KC,1.534,1.995
2025_09_KC_BUF,2025,9,KC,1.995,0.738
2025_11_KC_DEN,2025,11,KC,0.738,0.924
2025_12_IND_KC,2025,12,KC,0.924,0.363
2025_13_KC_DAL,2025,13,KC,0.363,-0.063
2025_14_HOU_KC,2025,14,KC,-0.063,0.854
2025_15_LAC_KC,2025,15,KC,0.854,1.981
2025_16_KC_TEN,2025,16,KC,1.981,0.393
2025_17_DEN_KC,2025,17,KC,0.393,0.158
2025_18_KC_OAK,2025,18,KC,0.158,2.493
2026_01_DEN_KC,2026,1,KC,1.598,4.074
1999_02_LAC_CIN,1999,2,LAC,0.0,0.117
1999_03_IND_LAC,1999,3,LAC,0.117,-2.676
1999_04_KC_LAC,1999,4,LAC,-2.676,-1.325
1999_05_LAC_DET,1999,5,LAC,-1.325,-0.721
1999_06_SEA_LAC,1999,6,LAC,-0.721,-0.409
1999_07_GB_LAC,1999,7,LAC,-0.409,-1.319
1999_08_LAC_KC,1999,8,LAC,-1.319,-3.037
1999_09_DEN_LAC,1999,9,LAC,-3.037,-1.982
1999_10_LAC_OAK,1999,10,LAC,-1.982,-5.671
1999_11_CHI_LAC,1999,11,LAC,-5.671,-8.164
1999_12_LAC_MIN,1999,12,LAC,-8.164,-9.99
1999_13_CLE_LAC,1999,13,LAC,-9.99,-8.03
1999_14_LAC_SEA,1999,14,LAC,-8.03,-8.477
1999_15_LAC_MIA,1999,15,LAC,-8.477,-8.778
1999_16_OAK_LAC,1999,16,LAC,-8.778,-8.101
1999_17_LAC_DEN,1999,17,LAC,-8.101,-6.829
2000_01_LAC_OAK,2000,1,LAC,-4.377,-3.78
2000_02_NO_LAC,2000,2,LAC,-3.78,-6.01
2000_04_SEA_LAC,2000,4,LAC,-6.01,-5.823
2000_05_LAC_LAR,2000,5,LAC,-5.823,-8.568
2000_06_DEN_LAC,2000,6,LAC,-8.568,-9.902
2000_07_LAC_BUF,2000,7,LAC,-9.902,-9.93
2000_09_OAK_LAC,2000,9,LAC,-9.93,-8.011
2000_10_LAC_SEA,2000,10,LAC,-8.011,-8.02
2000_11_MIA_LAC,2000,11,LAC,-8.02,-8.483
2000_12_LAC_DEN,2000,12,LAC,-8.483,-10.297
2000_13_KC_LAC,2000,13,LAC,-10.297,-7.723
2000_14_SF_LAC,2000,14,LAC,-7.723,-8.045
2000_15_LAC_BAL,2000,15,LAC,-8.045,-7.29
2000_16_LAC_CAR,2000,16,LAC,-7.29,-7.646
2000_17_PIT_LAC,2000,17,LAC,-7.646,-8.91
2001_01_WAS_LAC,2001,1,LAC,-5.711,-3.147
2001_02_LAC_DAL,2001,2,LAC,-3.147,-3.531
2001_03_CIN_LAC,2001,3,LAC,-3.531,-1.933
2001_04_LAC_CLE,2001,4,LAC,-1.933,-2.197
2001_05_LAC_NE,2001,5,LAC,-2.197,-4.824
2001_06_DEN_LAC,2001,6,LAC,-4.824,-3.119
2001_07_BUF_LAC,2001,7,LAC,-3.119,-5.246
2001_08_KC_LAC,2001,8,LAC,-5.246,-3.976
2001_09_LAC_DEN,2001,9,LAC,-3.976,-4.543
2001_10_LAC_OAK,2001,10,LAC,-4.543,-5.37
2001_11_ARI_LAC,2001,11,LAC,-5.37,-4.54
2001_12_LAC_SEA,2001,12,LAC,-4.54,-5.158
2001_13_LAC_PHI,2001,13,LAC,-5.158,-4.866
2001_14_OAK_LAC,2001,14,LAC,-4.866,-4.129
2001_15_LAC_KC,2001,15,LAC,-4.129,-5.042
2001_16_SEA_LAC,2001,16,LAC,-5.042,-6.598
2002_01_LAC_CIN,2002,1,LAC,-4.229,-3.042
2002_02_HOU_LAC,2002,2,LAC,-3.042,1.578
2002_03_LAC_ARI,2002,3,LAC,1.578,2.347
2002_04_NE_LAC,2002,4,LAC,2.347,0.692
2002_05_LAC_DEN,2002,5,LAC,0.692,-1.028
2002_06_KC_LAC,2002,6,LAC,-1.028,-1.534
2002_07_LAC_OAK,2002,7,LAC,-1.534,-3.197
2002_09_NYJ_LAC,2002,9,LAC,-3.197,-5.517
2002_10_LAC_LAR,2002,10,LAC,-5.517,-10.641
2002_11_SF_LAC,2002,11,LAC,-10.641,-11.113
2002_12_LAC_MIA,2002,12,LAC,-11.113,-11.971
2002_13_DEN_LAC,2002,13,LAC,-11.971,-11.008
2002_14_OAK_LAC,2002,14,LAC,-11.008,-10.66
2002_15_LAC_BUF,2002,15,LAC,-10.66,-8.137
2002_16_LAC_KC,2002,16,LAC,-8.137,-9.014
2002_17_SEA_LAC,2002,17,LAC,-9.014,-11.494
2003_01_LAC_KC,2003,1,LAC,-7.367,-7.091
2003_02_DEN_LAC,2003,2,LAC,-7.091,-8.388
2003_03_BAL_LAC,2003,3,LAC,-8.388,-7.664
2003_04_LAC_OAK,2003,4,LAC,-7.664,-8.629
2003_05_LAC_JAX,2003,5,LAC,-8.629,-10.002
2003_07_LAC_CLE,2003,7,LAC,-10.002,-7.208
2003_08_MIA_LAC,2003,8,LAC,-7.208,-8.411
2003_09_LAC_CHI,2003,9,LAC,-8.411,-8.732
2003_10_MIN_LAC,2003,10,LAC,-8.732,-11.118
2003_11_LAC_DEN,2003,11,LAC,-11.118,-12.455
2003_12_CIN_LAC,2003,12,LAC,-12.455,-13.792
2003_13_KC_LAC,2003,13,LAC,-13.792,-11.878
2003_14_LAC_DET,2003,14,LAC,-11.878,-13.049
2003_15_GB_LAC,2003,15,LAC,-13.049,-15.136
2003_16_LAC_PIT,2003,16,LAC,-15.136,-15.719
2003_17_OAK_LAC,2003,17,LAC,-15.719,-13.189
2004_01_LAC_HOU,2004,1,LAC,-8.454,-8.255
2004_02_NYJ_LAC,2004,2,LAC,-8.255,-9.961
2004_03_LAC_DEN,2004,3,LAC,-9.961,-11.412
2004_04_TEN_LAC,2004,4,LAC,-11.412,-13.185
2004_05_JAX_LAC,2004,5,LAC,-13.185,-13.952
2004_06_LAC_ATL,2004,6,LAC,-13.952,-14.271
2004_07_LAC_CAR,2004,7,LAC,-14.271,-12.424
2004_08_OAK_LAC,2004,8,LAC,-12.424,-12.297
2004_09_NO_LAC,2004,9,LAC,-12.297,-10.687
2004_11_LAC_OAK,2004,11,LAC,-10.687,-12.149
2004_12_LAC_KC,2004,12,LAC,-12.149,-10.829
2004_13_DEN_LAC,2004,13,LAC,-10.829,-7.043
2004_14_TB_LAC,2004,14,LAC,-7.043,-8.316
2004_15_LAC_CLE,2004,15,LAC,-8.316,-7.785
2004_16_LAC_IND,2004,16,LAC,-7.785,-6.481
2004_17_KC_LAC,2004,17,LAC,-6.481,-5.543
2004_18_NYJ_LAC,2004,18,LAC,-5.543,-6.737
2005_01_DAL_LAC,2005,1,LAC,-4.318,-5.567
2005_02_LAC_DEN,2005,2,LAC,-5.567,-4.516
2005_03_NYG_LAC,2005,3,LAC,-4.516,-6.675
2005_04_LAC_NE,2005,4,LAC,-6.675,-5.982
2005_05_PIT_LAC,2005,5,LAC,-5.982,-6.647
2005_06_LAC_OAK,2005,6,LAC,-6.647,-4.938
2005_07_LAC_PHI,2005,7,LAC,-4.938,-3.934
2005_08_KC_LAC,2005,8,LAC,-3.934,-5.154
2005_09_LAC_NYJ,2005,9,LAC,-5.154,-4.7
2005_11_BUF_LAC,2005,11,LAC,-4.7,-3.865
2005_12_LAC_WAS,2005,12,LAC,-3.865,-4.002
2005_13_OAK_LAC,2005,13,LAC,-4.002,-3.385
2005_14_MIA_LAC,2005,14,LAC,-3.385,-5.362
2005_15_LAC_IND,2005,15,LAC,-5.362,-3.094
2005_16_LAC_KC,2005,16,LAC,-3.094,-2.921
2005_17_DEN_LAC,2005,17,LAC,-2.921,-1.141
2006_01_LAC_OAK,2006,1,LAC,-0.731,1.732
2006_02_TEN_LAC,2006,2,LAC,1.732,3.618
2006_04_LAC_BAL,2006,4,LAC,3.618,4.423
2006_05_PIT_LAC,2006,5,LAC,4.423,5.823
2006_06_LAC_SF,2006,6,LAC,5.823,5.549
2006_07_LAC_KC,2006,7,LAC,5.549,4.181
2006_08_LAR_LAC,2006,8,LAC,4.181,2.786
2006_09_CLE_LAC,2006,9,LAC,2.786,2.793
2006_10_LAC_CIN,2006,10,LAC,2.793,-0.366
2006_11_LAC_DEN,2006,11,LAC,-0.366,0.974
2006_12_OAK_LAC,2006,12,LAC,0.974,2.183
2006_13_LAC_BUF,2006,13,LAC,2.183,2.275
2006_14_DEN_LAC,2006,14,LAC,2.275,1.949
2006_15_KC_LAC,2006,15,LAC,1.949,4.188
2006_16_LAC_SEA,2006,16,LAC,4.188,6.884
2006_17_ARI_LAC,2006,17,LAC,6.884,4.482
2006_19_NE_LAC,2006,19,LAC,4.482,5.776
2007_01_CHI_LAC,2007,1,LAC,3.702,4.858
2007_02_LAC_NE,2007,2,LAC,4.858,3.385
2007_03_LAC_GB,2007,3,LAC,3.385,1.013
2007_04_KC_LAC,2007,4,LAC,1.013,0.755
2007_05_LAC_DEN,2007,5,LAC,0.755,0.71
2007_06_OAK_LAC,2007,6,LAC,0.71,2.582
2007_08_HOU_LAC,2007,8,LAC,2.582,3.843
2007_09_LAC_MIN,2007,9,LAC,3.843,3.307
2007_10_IND_LAC,2007,10,LAC,3.307,5.865
2007_11_LAC_JAX,2007,11,LAC,5.865,4.698
2007_12_BAL_LAC,2007,12,LAC,4.698,4.509
2007_13_LAC_KC,2007,13,LAC,4.509,6.192
2007_14_LAC_TEN,2007,14,LAC,6.192,7.544
2007_15_DET_LAC,2007,15,LAC,7.544,8.024
2007_16_DEN_LAC,2007,16,LAC,8.024,10.244
2007_17_LAC_OAK,2007,17,LAC,10.244,9.747
2007_18_TEN_LAC,2007,18,LAC,9.747,10.863
2007_19_LAC_IND,2007,19,LAC,10.863,9.088
2007_20_LAC_NE,2007,20,LAC,9.088,10.865
2008_01_CAR_LAC,2008,1,LAC,6.965,6.381
2008_02_LAC_DEN,2008,2,LAC,6.381,3.398
2008_03_NYJ_LAC,2008,3,LAC,3.398,2.761
2008_04_LAC_OAK,2008,4,LAC,2.761,3.401
2008_05_LAC_MIA,2008,5,LAC,3.401,1.852
2008_06_NE_LAC,2008,6,LAC,1.852,2.201
2008_07_LAC_BUF,2008,7,LAC,2.201,-0.314
2008_08_LAC_NO,2008,8,LAC,-0.314,-1.936
2008_10_KC_LAC,2008,10,LAC,-1.936,-5.439
2008_11_LAC_PIT,2008,11,LAC,-5.439,-6.687
2008_12_IND_LAC,2008,12,LAC,-6.687,-6.949
2008_13_ATL_LAC,2008,13,LAC,-6.949,-7.926
2008_14_OAK_LAC,2008,14,LAC,-7.926,-6.342
2008_15_LAC_KC,2008,15,LAC,-6.342,-8.012
2008_16_LAC_TB,2008,16,LAC,-8.012,-8.139
2008_17_DEN_LAC,2008,17,LAC,-8.139,-8.051
2008_18_IND_LAC,2008,18,LAC,-8.051,-7.628
2008_19_LAC_PIT,2008,19,LAC,-7.628,-8.069
2009_01_LAC_OAK,2009,1,LAC,-5.172,-4.026
2009_02_BAL_LAC,2009,2,LAC,-4.026,-4.266
2009_03_MIA_LAC,2009,3,LAC,-4.266,-3.305
2009_04_LAC_PIT,2009,4,LAC,-3.305,-4.954
2009_06_DEN_LAC,2009,6,LAC,-4.954,-6.097
2009_07_LAC_KC,2009,7,LAC,-6.097,-2.719
2009_08_OAK_LAC,2009,8,LAC,-2.719,-1.336
2009_09_LAC_NYG,2009,9,LAC,-1.336,-1.673
2009_10_PHI_LAC,2009,10,LAC,-1.673,-3.433
2009_11_LAC_DEN,2009,11,LAC,-3.433,-2.014
2009_12_KC_LAC,2009,12,LAC,-2.014,-2.264
2009_13_LAC_CLE,2009,13,LAC,-2.264,-4.131
2009_14_LAC_DAL,2009,14,LAC,-4.131,-4.499
2009_15_CIN_LAC,2009,15,LAC,-4.499,-5.475
2009_16_LAC_TEN,2009,16,LAC,-5.475,-3.715
2009_17_WAS_LAC,2009,17,LAC,-3.715,-5.378
2009_19_NYJ_LAC,2009,19,LAC,-5.378,-4.57
2010_01_LAC_KC,2010,1,LAC,-2.929,-2.148
2010_02_JAX_LAC,2010,2,LAC,-2.148,0.257
2010_03_LAC_SEA,2010,3,LAC,0.257,0.776
2010_04_ARI_LAC,2010,4,LAC,0.776,2.963
2010_05_LAC_OAK,2010,5,LAC,2.963,3.995
2010_06_LAC_LAR,2010,6,LAC,3.995,3.815
2010_07_NE_LAC,2010,7,LAC,3.815,5.49
2010_08_TEN_LAC,2010,8,LAC,5.49,4.038
2010_09_LAC_HOU,2010,9,LAC,4.038,4.464
2010_11_DEN_LAC,2010,11,LAC,4.464,5.958
2010_12_LAC_IND,2010,12,LAC,5.958,7.207
2010_13_OAK_LAC,2010,13,LAC,7.207,5.582
2010_14_KC_LAC,2010,14,LAC,5.582,7.545
2010_15_SF_LAC,2010,15,LAC,7.545,9.113
2010_16_LAC_CIN,2010,16,LAC,9.113,5.596
2010_17_LAC_DEN,2010,17,LAC,5.596,4.686
2011_01_MIN_LAC,2011,1,LAC,3.004,4.604
2011_02_LAC_NE,2011,2,LAC,4.604,2.043
2011_03_KC_LAC,2011,3,LAC,2.043,1.196
2011_04_MIA_LAC,2011,4,LAC,1.196,2.506
2011_05_LAC_DEN,2011,5,LAC,2.506,4.357
2011_07_LAC_NYJ,2011,7,LAC,4.357,3.857
2011_08_LAC_KC,2011,8,LAC,3.857,4.197
2011_09_GB_LAC,2011,9,LAC,4.197,2.997
2011_10_OAK_LAC,2011,10,LAC,2.997,2.068
2011_11_LAC_CHI,2011,11,LAC,2.068,0.077
2011_12_DEN_LAC,2011,12,LAC,0.077,-0.107
2011_13_LAC_JAX,2011,13,LAC,-0.107,-1.027
2011_14_BUF_LAC,2011,14,LAC,-1.027,1.289
2011_15_BAL_LAC,2011,15,LAC,1.289,1.867
2011_16_LAC_DET,2011,16,LAC,1.867,-0.53
2011_17_LAC_OAK,2011,17,LAC,-0.53,-2.887
2012_01_LAC_OAK,2012,1,LAC,-1.85,-2.706
2012_02_TEN_LAC,2012,2,LAC,-2.706,-2.596
2012_03_ATL_LAC,2012,3,LAC,-2.596,-3.658
2012_04_LAC_KC,2012,4,LAC,-3.658,-2.921
2012_05_LAC_NO,2012,5,LAC,-2.921,-3.5
2012_06_DEN_LAC,2012,6,LAC,-3.5,-4.572
2012_08_LAC_CLE,2012,8,LAC,-4.572,-3.132
2012_09_KC_LAC,2012,9,LAC,-3.132,-3.603
2012_10_LAC_TB,2012,10,LAC,-3.603,-4.274
2012_11_LAC_DEN,2012,11,LAC,-4.274,-3.254
2012_12_BAL_LAC,2012,12,LAC,-3.254,-2.97
2012_13_CIN_LAC,2012,13,LAC,-2.97,-2.814
2012_14_LAC_PIT,2012,14,LAC,-2.814,-3.206
2012_15_CAR_LAC,2012,15,LAC,-3.206,-2.592
2012_16_LAC_NYJ,2012,16,LAC,-2.592,-0.013
2013_01_HOU_LAC,2013,1,LAC,-0.009,-2.071
2013_02_LAC_PHI,2013,2,LAC,-2.071,-4.863
2013_03_LAC_TEN,2013,3,LAC,-4.863,-7.701
2013_04_DAL_LAC,2013,4,LAC,-7.701,-8.06
2013_06_IND_LAC,2013,6,LAC,-8.06,-7.257
2013_07_LAC_JAX,2013,7,LAC,-7.257,-6.527
2013_09_LAC_WAS,2013,9,LAC,-6.527,-7.043
2013_10_DEN_LAC,2013,10,LAC,-7.043,-7.625
2013_11_LAC_MIA,2013,11,LAC,-7.625,-7.641
2013_12_LAC_KC,2013,12,LAC,-7.641,-8.495
2013_13_CIN_LAC,2013,13,LAC,-8.495,-8.244
2013_14_NYG_LAC,2013,14,LAC,-8.244,-7.708
2013_15_LAC_DEN,2013,15,LAC,-7.708,-6.755
2013_16_OAK_LAC,2013,16,LAC,-6.755,-6.224
2013_17_KC_LAC,2013,17,LAC,-6.224,-8.244
2013_18_LAC_CIN,2013,18,LAC,-8.244,-7.198
2013_19_LAC_DEN,2013,19,LAC,-7.198,-6.313
2014_01_LAC_ARI,2014,1,LAC,-4.047,-5.644
2014_02_SEA_LAC,2014,2,LAC,-5.644,-6.037
2014_03_LAC_BUF,2014,3,LAC,-6.037,-6.365
2014_04_JAX_LAC,2014,4,LAC,-6.365,-6.525
2014_05_NYJ_LAC,2014,5,LAC,-6.525,-4.446
2014_06_LAC_OAK,2014,6,LAC,-4.446,-6.098
2014_07_KC_LAC,2014,7,LAC,-6.098,-6.064
2014_08_LAC_DEN,2014,8,LAC,-6.064,-6.782
2014_09_LAC_MIA,2014,9,LAC,-6.782,-10.009
2014_11_OAK_LAC,2014,11,LAC,-10.009,-8.476
2014_12_LAR_LAC,2014,12,LAC,-8.476,-6.912
2014_13_LAC_BAL,2014,13,LAC,-6.912,-8.186
2014_14_NE_LAC,2014,14,LAC,-8.186,-7.832
2014_15_DEN_LAC,2014,15,LAC,-7.832,-6.71
2014_16_LAC_SF,2014,16,LAC,-6.71,-9.794
2014_17_LAC_KC,2014,17,LAC,-9.794,-9.033
2015_01_DET_LAC,2015,1,LAC,-5.79,-5.472
2015_02_LAC_CIN,2015,2,LAC,-5.472,-6.552
2015_03_LAC_MIN,2015,3,LAC,-6.552,-5.123
2015_04_CLE_LAC,2015,4,LAC,-5.123,-7.345
2015_05_PIT_LAC,2015,5,LAC,-7.345,-6.165
2015_06_LAC_GB,2015,6,LAC,-6.165,-5.197
2015_07_OAK_LAC,2015,7,LAC,-5.197,-7.306
2015_08_LAC_BAL,2015,8,LAC,-7.306,-8.149
2015_09_CHI_LAC,2015,9,LAC,-8.149,-8.949
2015_11_KC_LAC,2015,11,LAC,-8.949,-9.016
2015_12_LAC_JAX,2015,12,LAC,-9.016,-10.309
2015_13_DEN_LAC,2015,13,LAC,-10.309,-9.621
2015_14_LAC_KC,2015,14,LAC,-9.621,-9.133
2015_15_MIA_LAC,2015,15,LAC,-9.133,-8.507
2015_16_LAC_OAK,2015,16,LAC,-8.507,-7.752
2015_17_LAC_DEN,2015,17,LAC,-7.752,-7.064
2016_01_LAC_KC,2016,1,LAC,-4.528,-6.252
2016_02_JAX_LAC,2016,2,LAC,-6.252,-6.898
2016_03_LAC_IND,2016,3,LAC,-6.898,-6.721
2016_04_NO_LAC,2016,4,LAC,-6.721,-4.363
2016_05_LAC_OAK,2016,5,LAC,-4.363,-4.32
2016_06_DEN_LAC,2016,6,LAC,-4.32,-4.759
2016_07_LAC_ATL,2016,7,LAC,-4.759,-3.448
2016_08_LAC_DEN,2016,8,LAC,-3.448,-2.957
2016_09_TEN_LAC,2016,9,LAC,-2.957,-4.44
2016_10_MIA_LAC,2016,10,LAC,-4.44,-5.691
2016_12_LAC_HOU,2016,12,LAC,-5.691,-5.221
2016_13_TB_LAC,2016,13,LAC,-5.221,-4.938
2016_14_LAC_CAR,2016,14,LAC,-4.938,-3.064
2016_15_OAK_LAC,2016,15,LAC,-3.064,-1.748
2016_16_LAC_CLE,2016,16,LAC,-1.748,-0.767
2016_17_KC_LAC,2016,17,LAC,-0.767,-2.261
2017_01_LAC_DEN,2017,1,LAC,-1.449,-1.774
2017_02_MIA_LAC,2017,2,LAC,-1.774,-2.188
2017_03_KC_LAC,2017,3,LAC,-2.188,-1.18
2017_04_PHI_LAC,2017,4,LAC,-1.18,-1.352
2017_05_LAC_NYG,2017,5,LAC,-1.352,0.138
2017_06_LAC_OAK,2017,6,LAC,0.138,1.248
2017_07_DEN_LAC,2017,7,LAC,1.248,2.097
2017_08_LAC_NE,2017,8,LAC,2.097,2.037
2017_10_LAC_JAX,2017,10,LAC,2.037,2.938
2017_11_BUF_LAC,2017,11,LAC,2.938,6.175
2017_12_LAC_DAL,2017,12,LAC,6.175,7.669
2017_13_CLE_LAC,2017,13,LAC,7.669,7.349
2017_14_WAS_LAC,2017,14,LAC,7.349,8.869
2017_15_LAC_KC,2017,15,LAC,8.869,7.668
2017_16_LAC_NYJ,2017,16,LAC,7.668,8.297
2017_17_OAK_LAC,2017,17,LAC,8.297,8.386
2018_01_KC_LAC,2018,1,LAC,5.375,3.254
2018_02_LAC_BUF,2018,2,LAC,3.254,4.815
2018_03_LAC_LAR,2018,3,LAC,4.815,2.132
2018_04_SF_LAC,2018,4,LAC,2.132,1.162
2018_05_OAK_LAC,2018,5,LAC,1.162,1.34
2018_06_LAC_CLE,2018,6,LAC,1.34,3.53
2018_07_TEN_LAC,2018,7,LAC,3.53,2.348
2018_09_LAC_SEA,2018,9,LAC,2.348,2.281
2018_10_LAC_OAK,2018,10,LAC,2.281,2.894
2018_11_DEN_LAC,2018,11,LAC,2.894,2.87
2018_12_ARI_LAC,2018,12,LAC,2.87,3.353
2018_13_LAC_PIT,2018,13,LAC,3.353,3.531
2018_14_CIN_LAC,2018,14,LAC,3.531,2.879
2018_15_LAC_KC,2018,15,LAC,2.879,3.177
2018_16_BAL_LAC,2018,16,LAC,3.177,3.117
2018_17_LAC_DEN,2018,17,LAC,3.117,2.263
2018_18_LAC_BAL,2018,18,LAC,2.263,3.437
2018_19_LAC_NE,2018,19,LAC,3.437,1.698
2019_01_IND_LAC,2019,1,LAC,1.089,-0.109
2019_02_LAC_DET,2019,2,LAC,-0.109,-0.386
2019_03_HOU_LAC,2019,3,LAC,-0.386,-2.405
2019_04_LAC_MIA,2019,4,LAC,-2.405,-2.315
2019_05_DEN_LAC,2019,5,LAC,-2.315,-1.304
2019_06_PIT_LAC,2019,6,LAC,-1.304,-1.601
2019_07_LAC_TEN,2019,7,LAC,-1.601,-2.838
2019_08_LAC_CHI,2019,8,LAC,-2.838,-1.562
2019_09_GB_LAC,2019,9,LAC,-1.562,0.077
2019_10_LAC_OAK,2019,10,LAC,0.077,0.664
2019_11_KC_LAC,2019,11,LAC,0.664,1.516
2019_13_LAC_DEN,2019,13,LAC,1.516,0.891
2019_14_LAC_JAX,2019,14,LAC,0.891,0.432
2019_15_MIN_LAC,2019,15,LAC,0.432,0.436
2019_16_OAK_LAC,2019,16,LAC,0.436,-1.116
2019_17_LAC_KC,2019,17,LAC,-1.116,0.082
2020_01_LAC_CIN,2020,1,LAC,0.053,-0.024
2020_02_KC_LAC,2020,2,LAC,-0.024,-0.877
2020_03_CAR_LAC,2020,3,LAC,-0.877,-1.595
2020_04_LAC_TB,2020,4,LAC,-1.595,-3.694
2020_05_LAC_NO,2020,5,LAC,-3.694,-3.866
2020_07_JAX_LAC,2020,7,LAC,-3.866,-2.613
2020_08_LAC_DEN,2020,8,LAC,-2.613,-3.448
2020_09_OAK_LAC,2020,9,LAC,-3.448,-2.817
2020_10_LAC_MIA,2020,10,LAC,-2.817,-3.052
2020_11_NYJ_LAC,2020,11,LAC,-3.052,-2.587
2020_12_LAC_BUF,2020,12,LAC,-2.587,-1.9
2020_13_NE_LAC,2020,13,LAC,-1.9,-2.473
2020_14_ATL_LAC,2020,14,LAC,-2.473,-0.683
2020_15_LAC_OAK,2020,15,LAC,-0.683,1.623
2020_16_DEN_LAC,2020,16,LAC,1.623,2.504
2020_17_LAC_KC,2020,17,LAC,2.504,0.626
2021_01_LAC_WAS,2021,1,LAC,0.401,2.547
2021_02_DAL_LAC,2021,2,LAC,2.547,3.702
2021_03_LAC_KC,2021,3,LAC,3.702,3.906
2021_04_OAK_LAC,2021,4,LAC,3.906,5.456
2021_05_CLE_LAC,2021,5,LAC,5.456,3.624
2021_06_LAC_BAL,2021,6,LAC,3.624,5.186
2021_08_NE_LAC,2021,8,LAC,5.186,5.743
2021_09_LAC_PHI,2021,9,LAC,5.743,5.05
2021_10_MIN_LAC,2021,10,LAC,5.05,4.78
2021_11_PIT_LAC,2021,11,LAC,4.78,3.892
2021_12_LAC_DEN,2021,12,LAC,3.892,3.404
2021_13_LAC_CIN,2021,13,LAC,3.404,4.527
2021_14_NYG_LAC,2021,14,LAC,4.527,4.317
2021_15_KC_LAC,2021,15,LAC,4.317,2.268
2021_16_LAC_HOU,2021,16,LAC,2.268,0.577
2021_17_DEN_LAC,2021,17,LAC,0.577,-0.35
2021_18_LAC_OAK,2021,18,LAC,-0.35,0.606
2022_01_OAK_LAC,2022,1,LAC,0.389,2.462
2022_02_LAC_KC,2022,2,LAC,2.462,2.959
2022_03_JAX_LAC,2022,3,LAC,2.959,0.556
2022_04_LAC_HOU,2022,4,LAC,0.556,0.931
2022_05_LAC_CLE,2022,5,LAC,0.931,0.208
2022_06_DEN_LAC,2022,6,LAC,0.208,1.251
2022_07_SEA_LAC,2022,7,LAC,1.251,1.187
2022_09_LAC_ATL,2022,9,LAC,1.187,2.241
2022_10_LAC_SF,2022,10,LAC,2.241,1.708
2022_11_KC_LAC,2022,11,LAC,1.708,1.256
2022_12_LAC_ARI,2022,12,LAC,1.256,0.442
2022_13_LAC_OAK,2022,13,LAC,0.442,0.558
2022_14_MIA_LAC,2022,14,LAC,0.558,2.386
2022_15_TEN_LAC,2022,15,LAC,2.386,3.736
2022_16_LAC_IND,2022,16,LAC,3.736,7.88
2022_17_LAR_LAC,2022,17,LAC,7.88,8.526
2022_18_LAC_DEN,2022,18,LAC,8.526,7.395
2022_19_LAC_JAX,2022,19,LAC,7.395,8.113
2023_01_MIA_LAC,2023,1,LAC,5.2,2.739
2023_02_LAC_TEN,2023,2,LAC,2.739,1.85
2023_03_LAC_MIN,2023,3,LAC,1.85,1.451
2023_04_OAK_LAC,2023,4,LAC,1.451,2.508
2023_06_DAL_LAC,2023,6,LAC,2.508,1.851
2023_07_LAC_KC,2023,7,LAC,1.851,-0.801
2023_08_CHI_LAC,2023,8,LAC,-0.801,-1.098
2023_09_LAC_NYJ,2023,9,LAC,-1.098,-0.311
2023_10_DET_LAC,2023,10,LAC,-0.311,-1.698
2023_11_LAC_GB,2023,11,LAC,-1.698,-2.765
2023_12_BAL_LAC,2023,12,LAC,-2.765,-1.7
2023_13_LAC_NE,2023,13,LAC,-1.7,0.1
2023_14_DEN_LAC,2023,14,LAC,0.1,0.539
2023_15_LAC_OAK,2023,15,LAC,0.539,-1.815
2023_16_BUF_LAC,2023,16,LAC,-1.815,-1.912
2023_17_LAC_DEN,2023,17,LAC,-1.912,-2.107
2023_18_KC_LAC,2023,18,LAC,-2.107,-2.075
2024_01_OAK_LAC,2024,1,LAC,-1.33,-1.119
2024_02_LAC_CAR,2024,2,LAC,-1.119,-0.469
2024_03_LAC_PIT,2024,3,LAC,-0.469,-1.233
2024_04_KC_LAC,2024,4,LAC,-1.233,0.214
2024_06_LAC_DEN,2024,6,LAC,0.214,-0.741
2024_07_LAC_ARI,2024,7,LAC,-0.741,-0.951
2024_08_NO_LAC,2024,8,LAC,-0.951,-0.064
2024_09_LAC_CLE,2024,9,LAC,-0.064,2.67
2024_10_TEN_LAC,2024,10,LAC,2.67,2.087
2024_11_CIN_LAC,2024,11,LAC,2.087,1.285
2024_12_BAL_LAC,2024,12,LAC,1.285,1.547
2024_13_LAC_ATL,2024,13,LAC,1.547,3.848
2024_14_LAC_KC,2024,14,LAC,3.848,4.35
2024_15_TB_LAC,2024,15,LAC,4.35,1.99
2024_16_DEN_LAC,2024,16,LAC,1.99,0.425
2024_17_LAC_NE,2024,17,LAC,0.425,1.797
2024_18_LAC_OAK,2024,18,LAC,1.797,0.509
2024_19_LAC_HOU,2024,19,LAC,0.509,-0.38
2025_01_KC_LAC,2025,1,LAC,-0.244,-1.138
2025_02_LAC_OAK,2025,2,LAC,-1.138,1.943
2025_03_DEN_LAC,2025,3,LAC,1.943,2.794
2025_04_LAC_NYG,2025,4,LAC,2.794,2.63
2025_05_WAS_LAC,2025,5,LAC,2.63,2.388
2025_06_LAC_MIA,2025,6,LAC,2.388,4.401
2025_07_IND_LAC,2025,7,LAC,4.401,3.27
2025_08_MIN_LAC,2025,8,LAC,3.27,5.237
2025_09_LAC_TEN,2025,9,LAC,5.237,5.987
2025_10_PIT_LAC,2025,10,LAC,5.987,8.585
2025_11_LAC_JAX,2025,11,LAC,8.585,8.084
2025_13_OAK_LAC,2025,13,LAC,8.084,8.533
2025_14_PHI_LAC,2025,14,LAC,8.533,11.629
2025_15_LAC_KC,2025,15,LAC,11.629,13.434
2025_16_LAC_DAL,2025,16,LAC,13.434,12.415
2025_17_HOU_LAC,2025,17,LAC,12.415,12.324
2025_18_LAC_DEN,2025,18,LAC,12.324,13.557
2025_19_LAC_NE,2025,19,LAC,13.557,14.048
2026_01_ARI_LAC,2026,1,LAC,9.005,7.416
1999_03_ATL_LAR,1999,3,LAR,0.0,1.199
1999_04_LAR_CIN,1999,4,LAR,1.199,1.587
1999_05_SF_LAR,1999,5,LAR,1.587,1.567
1999_06_LAR_ATL,1999,6,LAR,1.567,1.402
1999_07_CLE_LAR,1999,7,LAR,1.402,1.131
1999_08_LAR_TEN,1999,8,LAR,1.131,-0.198
1999_09_LAR_DET,1999,9,LAR,-0.198,-0.153
1999_10_CAR_LAR,1999,10,LAR,-0.153,0.214
1999_11_LAR_SF,1999,11,LAR,0.214,1.332
1999_12_NO_LAR,1999,12,LAR,1.332,1.522
1999_13_LAR_CAR,1999,13,LAR,1.522,1.634
1999_14_LAR_NO,1999,14,LAR,1.634,4.347
1999_15_NYG_LAR,1999,15,LAR,4.347,4.578
1999_16_CHI_LAR,1999,16,LAR,4.578,5.665
1999_17_LAR_PHI,1999,17,LAR,5.665,6.075
1999_19_MIN_LAR,1999,19,LAR,6.075,3.977
1999_20_TB_LAR,1999,20,LAR,3.977,6.233
1999_21_LAR_TEN,1999,21,LAR,6.233,5.03
2000_01_DEN_LAR,2000,1,LAR,3.225,0.756
2000_02_LAR_SEA,2000,2,LAR,0.756,0.159
2000_03_SF_LAR,2000,3,LAR,0.159,-1.237
2000_04_LAR_ATL,2000,4,LAR,-1.237,0.32
2000_05_LAC_LAR,2000,5,LAR,0.32,-1.366
2000_07_ATL_LAR,2000,7,LAR,-1.366,-1.992
2000_08_LAR_KC,2000,8,LAR,-1.992,-2.972
2000_09_LAR_SF,2000,9,LAR,-2.972,-3.941
2000_10_CAR_LAR,2000,10,LAR,-3.941,-3.196
2000_11_LAR_NYG,2000,11,LAR,-3.196,-2.735
2000_12_WAS_LAR,2000,12,LAR,-2.735,-4.422
2000_13_NO_LAR,2000,13,LAR,-4.422,-6.093
2000_14_LAR_CAR,2000,14,LAR,-6.093,-3.811
2000_15_MIN_LAR,2000,15,LAR,-3.811,-5.125
2000_16_LAR_TB,2000,16,LAR,-5.125,-5.838
2000_17_LAR_NO,2000,17,LAR,-5.838,-5.79
2000_18_LAR_NO,2000,18,LAR,-5.79,-7.318
2001_01_LAR_PHI,2001,1,LAR,-4.691,-5.587
2001_02_LAR_SF,2001,2,LAR,-5.587,-5.111
2001_03_MIA_LAR,2001,3,LAR,-5.111,-4.816
2001_04_LAR_DET,2001,4,LAR,-4.816,-4.831
2001_05_NYG_LAR,2001,5,LAR,-4.831,-3.947
2001_06_LAR_NYJ,2001,6,LAR,-3.947,-3.388
2001_07_NO_LAR,2001,7,LAR,-3.388,-4.308
2001_09_CAR_LAR,2001,9,LAR,-4.308,-4.104
2001_10_LAR_NE,2001,10,LAR,-4.104,-4.203
2001_11_TB_LAR,2001,11,LAR,-4.203,-3.013
2001_12_LAR_ATL,2001,12,LAR,-3.013,-3.329
2001_13_SF_LAR,2001,13,LAR,-3.329,-0.311
2001_14_LAR_NO,2001,14,LAR,-0.311,0.417
2001_15_LAR_CAR,2001,15,LAR,0.417,-1.23
2001_16_IND_LAR,2001,16,LAR,-1.23,-0.091
2001_17_ATL_LAR,2001,17,LAR,-0.091,1.342
2001_19_GB_LAR,2001,19,LAR,1.342,3.912
2001_20_PHI_LAR,2001,20,LAR,3.912,4.134
2001_21_LAR_NE,2001,21,LAR,4.134,3.545
2002_01_LAR_DEN,2002,1,LAR,2.272,2.479
2002_02_NYG_LAR,2002,2,LAR,2.479,1.12
2002_03_LAR_TB,2002,3,LAR,1.12,-0.048
2002_04_DAL_LAR,2002,4,LAR,-0.048,-1.363
2002_05_LAR_SF,2002,5,LAR,-1.363,-2.543
2002_06_OAK_LAR,2002,6,LAR,-2.543,-1.292
2002_07_SEA_LAR,2002,7,LAR,-1.292,0.4
2002_09_LAR_ARI,2002,9,LAR,0.4,0.448
2002_10_LAC_LAR,2002,10,LAR,0.448,1.493
2002_11_CHI_LAR,2002,11,LAR,1.493,2.649
2002_12_LAR_WAS,2002,12,LAR,2.649,0.673
2002_13_LAR_PHI,2002,13,LAR,0.673,0.961
2002_14_LAR_KC,2002,14,LAR,0.961,1.375
2002_15_ARI_LAR,2002,15,LAR,1.375,-0.841
2002_16_LAR_SEA,2002,16,LAR,-0.841,-1.875
2002_17_SF_LAR,2002,17,LAR,-1.875,-2.445
2003_01_LAR_NYG,2003,1,LAR,-1.567,-0.676
2003_02_SF_LAR,2003,2,LAR,-0.676,-0.427
2003_03_LAR_SEA,2003,3,LAR,-0.427,-0.315
2003_04_ARI_LAR,2003,4,LAR,-0.315,0.419
2003_06_ATL_LAR,2003,6,LAR,0.419,1.367
2003_07_GB_LAR,2003,7,LAR,1.367,0.136
2003_08_LAR_PIT,2003,8,LAR,0.136,1.732
2003_09_LAR_SF,2003,9,LAR,1.732,-0.35
2003_10_BAL_LAR,2003,10,LAR,-0.35,0.238
2003_11_LAR_CHI,2003,11,LAR,0.238,0.984
2003_12_LAR_ARI,2003,12,LAR,0.984,0.292
2003_13_MIN_LAR,2003,13,LAR,0.292,0.093
2003_14_LAR_CLE,2003,14,LAR,0.093,1.433
2003_15_SEA_LAR,2003,15,LAR,1.433,1.828
2003_16_CIN_LAR,2003,16,LAR,1.828,4.051
2003_17_LAR_DET,2003,17,LAR,4.051,1.719
2003_19_CAR_LAR,2003,19,LAR,1.719,1.669
2004_01_ARI_LAR,2004,1,LAR,1.07,0.657
2004_02_LAR_ATL,2004,2,LAR,0.657,-1.88
2004_03_NO_LAR,2004,3,LAR,-1.88,-2.883
2004_04_LAR_SF,2004,4,LAR,-2.883,-4.232
2004_05_LAR_SEA,2004,5,LAR,-4.232,-5.034
2004_06_TB_LAR,2004,6,LAR,-5.034,-6.122
2004_07_LAR_MIA,2004,7,LAR,-6.122,-6.437
2004_09_NE_LAR,2004,9,LAR,-6.437,-6.491
2004_10_SEA_LAR,2004,10,LAR,-6.491,-4.962
2004_11_LAR_BUF,2004,11,LAR,-4.962,-6.098
2004_12_LAR_GB,2004,12,LAR,-6.098,-7.143
2004_13_SF_LAR,2004,13,LAR,-7.143,-4.944
2004_14_LAR_CAR,2004,14,LAR,-4.944,-4.06
2004_15_LAR_ARI,2004,15,LAR,-4.06,-7.504
2004_16_PHI_LAR,2004,16,LAR,-7.504,-5.938
2004_17_NYJ_LAR,2004,17,LAR,-5.938,-4.259
2004_18_LAR_SEA,2004,18,LAR,-4.259,-5.37
2004_19_LAR_ATL,2004,19,LAR,-5.37,-7.683
2005_01_LAR_SF,2005,1,LAR,-4.925,-5.791
2005_02_LAR_ARI,2005,2,LAR,-5.791,-5.528
2005_03_TEN_LAR,2005,3,LAR,-5.528,-5.196
2005_04_LAR_NYG,2005,4,LAR,-5.196,-7.357
2005_05_SEA_LAR,2005,5,LAR,-7.357,-7.993
2005_06_LAR_IND,2005,6,LAR,-7.993,-7.538
2005_07_NO_LAR,2005,7,LAR,-7.538,-6.782
2005_08_JAX_LAR,2005,8,LAR,-6.782,-6.907
2005_10_LAR_SEA,2005,10,LAR,-6.907,-6.239
2005_11_ARI_LAR,2005,11,LAR,-6.239,-8.477
2005_12_LAR_HOU,2005,12,LAR,-8.477,-11.082
2005_13_WAS_LAR,2005,13,LAR,-11.082,-11.013
2005_14_LAR_MIN,2005,14,LAR,-11.013,-10.695
2005_15_PHI_LAR,2005,15,LAR,-10.695,-8.438
2005_16_SF_LAR,2005,16,LAR,-8.438,-8.028
2005_17_LAR_DAL,2005,17,LAR,-8.028,-5.966
2006_01_DEN_LAR,2006,1,LAR,-3.824,-0.206
2006_02_LAR_SF,2006,2,LAR,-0.206,-1.442
2006_03_LAR_ARI,2006,3,LAR,-1.442,-1.036
2006_04_DET_LAR,2006,4,LAR,-1.036,-1.557
2006_05_LAR_GB,2006,5,LAR,-1.557,-1.676
2006_06_SEA_LAR,2006,6,LAR,-1.676,-2.585
2006_08_LAR_LAC,2006,8,LAR,-2.585,-2.946
2006_09_KC_LAR,2006,9,LAR,-2.946,-3.734
2006_10_LAR_SEA,2006,10,LAR,-3.734,-4.552
2006_11_LAR_CAR,2006,11,LAR,-4.552,-3.079
2006_12_SF_LAR,2006,12,LAR,-3.079,-2.427
2006_13_ARI_LAR,2006,13,LAR,-2.427,-3.011
2006_14_CHI_LAR,2006,14,LAR,-3.011,-4.93
2006_15_LAR_OAK,2006,15,LAR,-4.93,-3.558
2006_16_WAS_LAR,2006,16,LAR,-3.558,-4.084
2006_17_LAR_MIN,2006,17,LAR,-4.084,-4.418
2007_01_CAR_LAR,2007,1,LAR,-2.832,-4.592
2007_02_SF_LAR,2007,2,LAR,-4.592,-3.557
2007_03_LAR_TB,2007,3,LAR,-3.557,-2.862
2007_04_LAR_DAL,2007,4,LAR,-2.862,-5.395
2007_05_ARI_LAR,2007,5,LAR,-5.395,-4.116
2007_06_LAR_BAL,2007,6,LAR,-4.116,-3.329
2007_07_LAR_SEA,2007,7,LAR,-3.329,-3.097
2007_08_CLE_LAR,2007,8,LAR,-3.097,-4.888
2007_10_LAR_NO,2007,10,LAR,-4.888,-4.472
2007_11_LAR_SF,2007,11,LAR,-4.472,-2.739
2007_12_SEA_LAR,2007,12,LAR,-2.739,-1.02
2007_13_ATL_LAR,2007,13,LAR,-1.02,0.157
2007_14_LAR_CIN,2007,14,LAR,0.157,1.606
2007_15_GB_LAR,2007,15,LAR,1.606,2.243
2007_16_PIT_LAR,2007,16,LAR,2.243,0.765
2007_17_LAR_ARI,2007,17,LAR,0.765,-0.558
2008_01_LAR_PHI,2008,1,LAR,-0.357,-2.93
2008_02_NYG_LAR,2008,2,LAR,-2.93,-4.715
2008_03_LAR_SEA,2008,3,LAR,-4.715,-5.237
2008_04_BUF_LAR,2008,4,LAR,-5.237,-4.155
2008_06_LAR_WAS,2008,6,LAR,-4.155,-3.61
2008_07_DAL_LAR,2008,7,LAR,-3.61,-1.584
2008_08_LAR_NE,2008,8,LAR,-1.584,-1.878
2008_09_ARI_LAR,2008,9,LAR,-1.878,-3.152
2008_10_LAR_NYJ,2008,10,LAR,-3.152,-3.714
2008_11_LAR_SF,2008,11,LAR,-3.714,-5.956
2008_12_CHI_LAR,2008,12,LAR,-5.956,-5.918
2008_13_MIA_LAR,2008,13,LAR,-5.918,-5.429
2008_14_LAR_ARI,2008,14,LAR,-5.429,-5.14
2008_15_SEA_LAR,2008,15,LAR,-5.14,-4.696
2008_16_SF_LAR,2008,16,LAR,-4.696,-3.856
2008_17_LAR_ATL,2008,17,LAR,-3.856,-1.969
2009_01_LAR_SEA,2009,1,LAR,-1.262,-2.897
2009_02_LAR_WAS,2009,2,LAR,-2.897,-3.574
2009_03_GB_LAR,2009,3,LAR,-3.574,-5.164
2009_04_LAR_SF,2009,4,LAR,-5.164,-4.82
2009_05_MIN_LAR,2009,5,LAR,-4.82,-4.545
2009_06_LAR_JAX,2009,6,LAR,-4.545,-4.828
2009_07_IND_LAR,2009,7,LAR,-4.828,-5.26
2009_08_LAR_DET,2009,8,LAR,-5.26,-4.093
2009_10_NO_LAR,2009,10,LAR,-4.093,-3.03
2009_11_ARI_LAR,2009,11,LAR,-3.03,-3.413
2009_12_SEA_LAR,2009,12,LAR,-3.413,-2.755
2009_13_LAR_CHI,2009,13,LAR,-2.755,-1.795
2009_14_LAR_TEN,2009,14,LAR,-1.795,-2.846
2009_15_HOU_LAR,2009,15,LAR,-2.846,-4.16
2009_16_LAR_ARI,2009,16,LAR,-4.16,-5.133
2009_17_SF_LAR,2009,17,LAR,-5.133,-5.296
2010_01_ARI_LAR,2010,1,LAR,-3.395,-4.464
2010_02_LAR_OAK,2010,2,LAR,-4.464,-2.669
2010_03_WAS_LAR,2010,3,LAR,-2.669,-2.615
2010_04_SEA_LAR,2010,4,LAR,-2.615,-0.902
2010_05_LAR_DET,2010,5,LAR,-0.902,-2.739
2010_06_LAC_LAR,2010,6,LAR,-2.739,-0.083
2010_07_LAR_TB,2010,7,LAR,-0.083,-0.704
2010_08_CAR_LAR,2010,8,LAR,-0.704,0.585
2010_10_LAR_SF,2010,10,LAR,0.585,-0.434
2010_11_ATL_LAR,2010,11,LAR,-0.434,-1.837
2010_12_LAR_DEN,2010,12,LAR,-1.837,-2.979
2010_13_LAR_ARI,2010,13,LAR,-2.979,-1.651
2010_14_LAR_NO,2010,14,LAR,-1.651,-0.968
2010_15_KC_LAR,2010,15,LAR,-0.968,0.496
2010_16_SF_LAR,2010,16,LAR,0.496,0.881
2010_17_LAR_SEA,2010,17,LAR,0.881,-0.826
2011_01_PHI_LAR,2011,1,LAR,-0.529,-0.863
2011_02_LAR_NYG,2011,2,LAR,-0.863,-0.179
2011_03_BAL_LAR,2011,3,LAR,-0.179,-2.551
2011_04_WAS_LAR,2011,4,LAR,-2.551,-1.48
2011_06_LAR_GB,2011,6,LAR,-1.48,-1.784
2011_07_LAR_DAL,2011,7,LAR,-1.784,-1.184
2011_08_NO_LAR,2011,8,LAR,-1.184,1.564
2011_09_LAR_ARI,2011,9,LAR,1.564,0.368
2011_10_LAR_CLE,2011,10,LAR,0.368,-0.524
2011_11_SEA_LAR,2011,11,LAR,-0.524,1.025
2011_12_ARI_LAR,2011,12,LAR,1.025,2.588
2011_13_LAR_SF,2011,13,LAR,2.588,1.34
2011_14_LAR_SEA,2011,14,LAR,1.34,0.434
2011_15_CIN_LAR,2011,15,LAR,0.434,1.397
2011_16_LAR_PIT,2011,16,LAR,1.397,0.908
2011_17_SF_LAR,2011,17,LAR,0.908,0.102
2012_01_LAR_DET,2012,1,LAR,0.066,0.57
2012_02_WAS_LAR,2012,2,LAR,0.57,-2.134
2012_03_LAR_CHI,2012,3,LAR,-2.134,-1.362
2012_04_SEA_LAR,2012,4,LAR,-1.362,0.134
2012_05_ARI_LAR,2012,5,LAR,0.134,1.933
2012_06_LAR_MIA,2012,6,LAR,1.933,0.618
2012_07_GB_LAR,2012,7,LAR,0.618,-0.722
2012_08_NE_LAR,2012,8,LAR,-0.722,-2.451
2012_10_LAR_SF,2012,10,LAR,-2.451,-1.556
2012_11_NYJ_LAR,2012,11,LAR,-1.556,-1.855
2012_12_LAR_ARI,2012,12,LAR,-1.855,-0.879
2012_13_SF_LAR,2012,13,LAR,-0.879,-2.053
2012_14_LAR_BUF,2012,14,LAR,-2.053,-1.765
2012_15_MIN_LAR,2012,15,LAR,-1.765,-2.185
2012_16_LAR_TB,2012,16,LAR,-2.185,-0.294
2012_17_LAR_SEA,2012,17,LAR,-0.294,-0.882
2013_01_ARI_LAR,2013,1,LAR,-0.565,-0.803
2013_02_LAR_ATL,2013,2,LAR,-0.803,-2.614
2013_03_LAR_DAL,2013,3,LAR,-2.614,-3.359
2013_04_SF_LAR,2013,4,LAR,-3.359,-3.252
2013_05_JAX_LAR,2013,5,LAR,-3.252,-2.568
2013_06_LAR_HOU,2013,6,LAR,-2.568,-1.772
2013_07_LAR_CAR,2013,7,LAR,-1.772,-1.976
2013_08_SEA_LAR,2013,8,LAR,-1.976,0.155
2013_09_TEN_LAR,2013,9,LAR,0.155,1.885
2013_10_LAR_IND,2013,10,LAR,1.885,2.552
2013_12_CHI_LAR,2013,12,LAR,2.552,-0.096
2013_13_LAR_SF,2013,13,LAR,-0.096,-0.334
2013_14_LAR_ARI,2013,14,LAR,-0.334,-2.09
2013_15_NO_LAR,2013,15,LAR,-2.09,-1.689
2013_16_TB_LAR,2013,16,LAR,-1.689,0.069
2013_17_LAR_SEA,2013,17,LAR,0.069,1.473
2014_01_MIN_LAR,2014,1,LAR,0.944,-0.055
2014_02_LAR_TB,2014,2,LAR,-0.055,-0.619
2014_03_DAL_LAR,2014,3,LAR,-0.619,-1.637
2014_05_LAR_PHI,2014,5,LAR,-1.637,-2.319
2014_06_SF_LAR,2014,6,LAR,-2.319,-5.033
2014_07_SEA_LAR,2014,7,LAR,-5.033,-8.095
2014_08_LAR_KC,2014,8,LAR,-8.095,-8.652
2014_09_LAR_SF,2014,9,LAR,-8.652,-6.63
2014_10_LAR_ARI,2014,10,LAR,-6.63,-5.45
2014_11_DEN_LAR,2014,11,LAR,-5.45,-4.013
2014_12_LAR_LAC,2014,12,LAR,-4.013,-4.067
2014_13_OAK_LAR,2014,13,LAR,-4.067,-2.172
2014_14_LAR_WAS,2014,14,LAR,-2.172,0.254
2014_15_ARI_LAR,2014,15,LAR,0.254,0.707
2014_16_NYG_LAR,2014,16,LAR,0.707,-2.062
2014_17_LAR_SEA,2014,17,LAR,-2.062,-0.216
2015_01_SEA_LAR,2015,1,LAR,-0.138,0.415
2015_02_LAR_WAS,2015,2,LAR,0.415,-0.726
2015_03_PIT_LAR,2015,3,LAR,-0.726,0.672
2015_04_LAR_ARI,2015,4,LAR,0.672,1.053
2015_05_LAR_GB,2015,5,LAR,1.053,1.976
2015_07_CLE_LAR,2015,7,LAR,1.976,1.205
2015_08_SF_LAR,2015,8,LAR,1.205,2.393
2015_09_LAR_MIN,2015,9,LAR,2.393,1.956
2015_10_CHI_LAR,2015,10,LAR,1.956,0.095
2015_11_LAR_BAL,2015,11,LAR,0.095,0.418
2015_12_LAR_CIN,2015,12,LAR,0.418,-0.621
2015_13_ARI_LAR,2015,13,LAR,-0.621,-1.559
2015_14_DET_LAR,2015,14,LAR,-1.559,-0.962
2015_15_TB_LAR,2015,15,LAR,-0.962,-2.295
2015_16_LAR_SEA,2015,16,LAR,-2.295,-1.538
2015_17_LAR_SF,2015,17,LAR,-1.538,-2.954
2016_01_LAR_SF,2016,1,LAR,-1.894,-3.294
2016_02_SEA_LAR,2016,2,LAR,-3.294,-2.553
2016_03_LAR_TB,2016,3,LAR,-2.553,-4.306
2016_04_LAR_ARI,2016,4,LAR,-4.306,-3.949
2016_05_BUF_LAR,2016,5,LAR,-3.949,-3.314
2016_06_LAR_DET,2016,6,LAR,-3.314,-5.332
2016_07_NYG_LAR,2016,7,LAR,-5.332,-5.063
2016_09_CAR_LAR,2016,9,LAR,-5.063,-3.712
2016_10_LAR_NYJ,2016,10,LAR,-3.712,-3.352
2016_11_MIA_LAR,2016,11,LAR,-3.352,-2.79
2016_12_LAR_NO,2016,12,LAR,-2.79,-4.446
2016_13_LAR_NE,2016,13,LAR,-4.446,-4.562
2016_14_ATL_LAR,2016,14,LAR,-4.562,-4.54
2016_15_LAR_SEA,2016,15,LAR,-4.54,-5.029
2016_16_SF_LAR,2016,16,LAR,-5.029,-5.974
2016_17_ARI_LAR,2016,17,LAR,-5.974,-6.047
2017_01_IND_LAR,2017,1,LAR,-3.876,-1.364
2017_02_WAS_LAR,2017,2,LAR,-1.364,-0.51
2017_03_LAR_SF,2017,3,LAR,-0.51,-1.835
2017_04_LAR_DAL,2017,4,LAR,-1.835,-1.842
2017_05_SEA_LAR,2017,5,LAR,-1.842,-0.605
2017_06_LAR_JAX,2017,6,LAR,-0.605,0.069
2017_07_ARI_LAR,2017,7,LAR,0.069,1.612
2017_09_LAR_NYG,2017,9,LAR,1.612,1.994
2017_10_HOU_LAR,2017,10,LAR,1.994,2.98
2017_11_LAR_MIN,2017,11,LAR,2.98,1.103
2017_12_NO_LAR,2017,12,LAR,1.103,1.93
2017_13_LAR_ARI,2017,13,LAR,1.93,4.345
2017_14_PHI_LAR,2017,14,LAR,4.345,3.268
2017_15_LAR_SEA,2017,15,LAR,3.268,5.906
2017_16_LAR_TEN,2017,16,LAR,5.906,5.688
2017_17_SF_LAR,2017,17,LAR,5.688,5.19
2017_18_ATL_LAR,2017,18,LAR,5.19,5.524
2018_01_LAR_OAK,2018,1,LAR,3.541,4.078
2018_02_ARI_LAR,2018,2,LAR,4.078,5.662
2018_03_LAC_LAR,2018,3,LAR,5.662,5.484
2018_04_MIN_LAR,2018,4,LAR,5.484,2.844
2018_05_LAR_SEA,2018,5,LAR,2.844,2.299
2018_06_LAR_DEN,2018,6,LAR,2.299,1.35
2018_07_LAR_SF,2018,7,LAR,1.35,4.053
2018_08_GB_LAR,2018,8,LAR,4.053,4.694
2018_09_LAR_NO,2018,9,LAR,4.694,2.567
2018_10_SEA_LAR,2018,10,LAR,2.567,1.197
2018_11_KC_LAR,2018,11,LAR,1.197,-0.945
2018_13_LAR_DET,2018,13,LAR,-0.945,0.168
2018_14_LAR_CHI,2018,14,LAR,0.168,2.85
2018_15_PHI_LAR,2018,15,LAR,2.85,2.11
2018_16_LAR_ARI,2018,16,LAR,2.11,2.249
2018_17_SF_LAR,2018,17,LAR,2.249,1.999
2018_19_DAL_LAR,2018,19,LAR,1.999,1.132
2018_20_LAR_NO,2018,20,LAR,1.132,2.035
2018_21_NE_LAR,2018,21,LAR,2.035,3.554
2019_01_LAR_CAR,2019,1,LAR,2.278,3.622
2019_02_NO_LAR,2019,2,LAR,3.622,6.519
2019_03_LAR_CLE,2019,3,LAR,6.519,7.952
2019_04_TB_LAR,2019,4,LAR,7.952,5.513
2019_05_LAR_SEA,2019,5,LAR,5.513,3.479
2019_06_SF_LAR,2019,6,LAR,3.479,3.165
2019_07_LAR_ATL,2019,7,LAR,3.165,6.58
2019_08_CIN_LAR,2019,8,LAR,6.58,6.253
2019_10_LAR_PIT,2019,10,LAR,6.253,6.166
2019_11_CHI_LAR,2019,11,LAR,6.166,6.551
2019_12_BAL_LAR,2019,12,LAR,6.551,4.082
2019_13_LAR_ARI,2019,13,LAR,4.082,6.154
2019_14_SEA_LAR,2019,14,LAR,6.154,7.924
2019_15_LAR_DAL,2019,15,LAR,7.924,7.689
2019_16_LAR_SF,2019,16,LAR,7.689,9.827
2019_17_ARI_LAR,2019,17,LAR,9.827,9.238
2020_01_DAL_LAR,2020,1,LAR,5.922,5.817
2020_02_LAR_PHI,2020,2,LAR,5.817,5.769
2020_03_LAR_BUF,2020,3,LAR,5.769,4.185
2020_04_NYG_LAR,2020,4,LAR,4.185,5.293
2020_05_LAR_WAS,2020,5,LAR,5.293,5.445
2020_06_LAR_SF,2020,6,LAR,5.445,2.775
2020_07_CHI_LAR,2020,7,LAR,2.775,4.044
2020_08_LAR_MIA,2020,8,LAR,4.044,4.75
2020_10_SEA_LAR,2020,10,LAR,4.75,7.388
2020_11_LAR_TB,2020,11,LAR,7.388,8.971
2020_12_SF_LAR,2020,12,LAR,8.971,8.765
2020_13_LAR_ARI,2020,13,LAR,8.765,10.021
2020_14_NE_LAR,2020,14,LAR,10.021,12.292
2020_15_NYJ_LAR,2020,15,LAR,12.292,10.734
2020_16_LAR_SEA,2020,16,LAR,10.734,11.352
2020_17_ARI_LAR,2020,17,LAR,11.352,11.456
2020_18_LAR_SEA,2020,18,LAR,11.456,12.98
2020_19_LAR_GB,2020,19,LAR,12.98,11.92
2021_01_CHI_LAR,2021,1,LAR,7.641,8.078
2021_02_LAR_IND,2021,2,LAR,8.078,7.696
2021_03_TB_LAR,2021,3,LAR,7.696,5.423
2021_04_ARI_LAR,2021,4,LAR,5.423,4.921
2021_05_LAR_SEA,2021,5,LAR,4.921,6.384
2021_06_LAR_NYG,2021,6,LAR,6.384,9.129
2021_07_DET_LAR,2021,7,LAR,9.129,9.808
2021_08_LAR_HOU,2021,8,LAR,9.808,8.645
2021_09_TEN_LAR,2021,9,LAR,8.645,9.283
2021_10_LAR_SF,2021,10,LAR,9.283,8.274
2021_12_LAR_GB,2021,12,LAR,8.274,6.91
2021_13_JAX_LAR,2021,13,LAR,6.91,7.557
2021_14_LAR_ARI,2021,14,LAR,7.557,7.939
2021_15_SEA_LAR,2021,15,LAR,7.939,10.116
2021_16_LAR_MIN,2021,16,LAR,10.116,9.824
2021_17_LAR_BAL,2021,17,LAR,9.824,10.375
2021_18_SF_LAR,2021,18,LAR,10.375,10.406
2021_19_ARI_LAR,2021,19,LAR,10.406,13.42
2021_20_LAR_TB,2021,20,LAR,13.42,14.683
2021_21_SF_LAR,2021,21,LAR,14.683,13.856
2021_22_LAR_CIN,2021,22,LAR,13.856,14.948
2022_01_BUF_LAR,2022,1,LAR,9.582,7.956
2022_02_ATL_LAR,2022,2,LAR,7.956,8.548
2022_03_LAR_ARI,2022,3,LAR,8.548,8.387
2022_04_LAR_SF,2022,4,LAR,8.387,7.445
2022_05_DAL_LAR,2022,5,LAR,7.445,8.81
2022_06_CAR_LAR,2022,6,LAR,8.81,9.386
2022_08_SF_LAR,2022,8,LAR,9.386,8.188
2022_09_LAR_TB,2022,9,LAR,8.188,7.926
2022_10_ARI_LAR,2022,10,LAR,7.926,6.769
2022_11_LAR_NO,2022,11,LAR,6.769,5.027
2022_12_LAR_KC,2022,12,LAR,5.027,5.019
2022_13_SEA_LAR,2022,13,LAR,5.019,3.968
2022_14_OAK_LAR,2022,14,LAR,3.968,5.932
2022_15_LAR_GB,2022,15,LAR,5.932,6.169
2022_16_DEN_LAR,2022,16,LAR,6.169,8.585
2022_17_LAR_LAC,2022,17,LAR,8.585,7.26
2022_18_LAR_SEA,2022,18,LAR,7.26,7.906
2023_01_LAR_SEA,2023,1,LAR,5.068,5.988
2023_02_SF_LAR,2023,2,LAR,5.988,5.33
2023_03_LAR_CIN,2023,3,LAR,5.33,7.003
2023_04_LAR_IND,2023,4,LAR,7.003,5.639
2023_05_PHI_LAR,2023,5,LAR,5.639,4.185
2023_06_ARI_LAR,2023,6,LAR,4.185,4.529
2023_07_PIT_LAR,2023,7,LAR,4.529,3.89
2023_08_LAR_DAL,2023,8,LAR,3.89,2.141
2023_09_LAR_GB,2023,9,LAR,2.141,2.003
2023_11_SEA_LAR,2023,11,LAR,2.003,1.965
2023_12_LAR_ARI,2023,12,LAR,1.965,2.251
2023_13_CLE_LAR,2023,13,LAR,2.251,2.574
2023_14_LAR_BAL,2023,14,LAR,2.574,1.385
2023_15_WAS_LAR,2023,15,LAR,1.385,2.72
2023_16_NO_LAR,2023,16,LAR,2.72,1.476
2023_17_LAR_NYG,2023,17,LAR,1.476,1.072
2023_18_LAR_SF,2023,18,LAR,1.072,0.672
2023_19_LAR_DET,2023,19,LAR,0.672,0.67
2024_01_LAR_DET,2024,1,LAR,0.43,1.345
2024_02_LAR_ARI,2024,2,LAR,1.345,-1.202
2024_03_SF_LAR,2024,3,LAR,-1.202,-3.3
2024_04_LAR_CHI,2024,4,LAR,-3.3,-3.516
2024_05_GB_LAR,2024,5,LAR,-3.516,-2.538
2024_07_OAK_LAR,2024,7,LAR,-2.538,-1.465
2024_08_MIN_LAR,2024,8,LAR,-1.465,-2.048
2024_09_LAR_SEA,2024,9,LAR,-2.048,-0.452
2024_10_MIA_LAR,2024,10,LAR,-0.452,0.777
2024_11_LAR_NE,2024,11,LAR,0.777,-0.475
2024_12_PHI_LAR,2024,12,LAR,-0.475,-0.103
2024_13_LAR_NO,2024,13,LAR,-0.103,-0.236
2024_14_BUF_LAR,2024,14,LAR,-0.236,-4.362
2024_15_LAR_SF,2024,15,LAR,-4.362,-0.958
2024_16_LAR_NYJ,2024,16,LAR,-0.958,-1.669
2024_17_ARI_LAR,2024,17,LAR,-1.669,-0.998
2024_18_SEA_LAR,2024,18,LAR,-0.998,-2.688
2024_19_MIN_LAR,2024,19,LAR,-2.688,-0.198
2024_20_LAR_PHI,2024,20,LAR,-0.198,0.907
2025_01_HOU_LAR,2025,1,LAR,0.581,1.122
2025_02_LAR_TEN,2025,2,LAR,1.122,2.186
2025_03_LAR_PHI,2025,3,LAR,2.186,1.273
2025_04_IND_LAR,2025,4,LAR,1.273,1.926
2025_05_SF_LAR,2025,5,LAR,1.926,-0.124
2025_06_LAR_BAL,2025,6,LAR,-0.124,1.088
2025_07_LAR_JAX,2025,7,LAR,1.088,2.689
2025_09_NO_LAR,2025,9,LAR,2.689,2.776
2025_10_LAR_SF,2025,10,LAR,2.776,-0.172
2025_11_SEA_LAR,2025,11,LAR,-0.172,1.379
2025_12_TB_LAR,2025,12,LAR,1.379,4.553
2025_13_LAR_CAR,2025,13,LAR,4.553,2.831
2025_14_LAR_ARI,2025,14,LAR,2.831,2.942
2025_15_DET_LAR,2025,15,LAR,2.942,1.59
2025_16_LAR_SEA,2025,16,LAR,1.59,2.229
2025_17_LAR_ATL,2025,17,LAR,2.229,2.558
2025_18_ARI_LAR,2025,18,LAR,2.558,3.053
2025_19_LAR_CAR,2025,19,LAR,3.053,2.397
2025_20_LAR_CHI,2025,20,LAR,2.397,2.412
2025_21_LAR_SEA,2025,21,LAR,2.412,0.324
2026_01_SF_LAR,2026,1,LAR,0.208,-0.983
1999_01_MIA_DEN,1999,1,MIA,0.0,-2.377
1999_02_ARI_MIA,1999,2,MIA,-2.377,0.561
1999_04_BUF_MIA,1999,4,MIA,0.561,-0.331
1999_05_MIA_IND,1999,5,MIA,-0.331,-1.326
1999_06_MIA_NE,1999,6,MIA,-1.326,-0.508
1999_07_PHI_MIA,1999,7,MIA,-0.508,0.303
1999_08_MIA_OAK,1999,8,MIA,0.303,3.57
1999_09_TEN_MIA,1999,9,MIA,3.57,5.604
1999_10_MIA_BUF,1999,10,MIA,5.604,4.752
1999_11_NE_MIA,1999,11,MIA,4.752,8.273
1999_12_MIA_DAL,1999,12,MIA,8.273,7.306
1999_13_IND_MIA,1999,13,MIA,7.306,7.166
1999_14_MIA_NYJ,1999,14,MIA,7.166,4.848
1999_15_LAC_MIA,1999,15,MIA,4.848,6.046
1999_16_NYJ_MIA,1999,16,MIA,6.046,4.764
1999_17_MIA_WAS,1999,17,MIA,4.764,4.81
1999_18_MIA_SEA,1999,18,MIA,4.81,7.016
1999_19_MIA_JAX,1999,19,MIA,7.016,6.393
2000_01_SEA_MIA,2000,1,MIA,4.098,6.745
2000_02_MIA_MIN,2000,2,MIA,6.745,6.256
2000_03_BAL_MIA,2000,3,MIA,6.256,7.498
2000_04_NE_MIA,2000,4,MIA,7.498,8.069
2000_05_MIA_CIN,2000,5,MIA,8.069,6.568
2000_08_MIA_NYJ,2000,8,MIA,6.568,3.743
2000_09_GB_MIA,2000,9,MIA,3.743,4.095
2000_10_MIA_DET,2000,10,MIA,4.095,4.621
2000_11_MIA_LAC,2000,11,MIA,4.621,6.161
2000_12_NYJ_MIA,2000,12,MIA,6.161,7.581
2000_13_MIA_IND,2000,13,MIA,7.581,7.64
2000_14_MIA_BUF,2000,14,MIA,7.64,10.865
2000_15_TB_MIA,2000,15,MIA,10.865,11.024
2000_16_IND_MIA,2000,16,MIA,11.024,9.205
2000_17_MIA_NE,2000,17,MIA,9.205,7.985
2000_18_IND_MIA,2000,18,MIA,7.985,8.08
2000_19_MIA_OAK,2000,19,MIA,8.08,8.397
2001_01_MIA_TEN,2001,1,MIA,5.383,6.141
2001_02_OAK_MIA,2001,2,MIA,6.141,6.735
2001_03_MIA_LAR,2001,3,MIA,6.735,3.613
2001_04_NE_MIA,2001,4,MIA,3.613,4.535
2001_05_MIA_NYJ,2001,5,MIA,4.535,3.87
2001_07_MIA_SEA,2001,7,MIA,3.87,2.262
2001_08_CAR_MIA,2001,8,MIA,2.262,2.152
2001_09_MIA_IND,2001,9,MIA,2.152,2.633
2001_10_NYJ_MIA,2001,10,MIA,2.633,2.872
2001_11_MIA_BUF,2001,11,MIA,2.872,1.17
2001_12_DEN_MIA,2001,12,MIA,1.17,1.719
2001_13_IND_MIA,2001,13,MIA,1.719,3.918
2001_14_MIA_SF,2001,14,MIA,3.918,4.176
2001_15_MIA_NE,2001,15,MIA,4.176,4.44
2001_16_ATL_MIA,2001,16,MIA,4.44,5.191
2001_17_BUF_MIA,2001,17,MIA,5.191,5.044
2001_18_BAL_MIA,2001,18,MIA,5.044,4.257
2002_01_DET_MIA,2002,1,MIA,2.729,1.989
2002_02_MIA_IND,2002,2,MIA,1.989,2.568
2002_03_NYJ_MIA,2002,3,MIA,2.568,4.354
2002_04_MIA_KC,2002,4,MIA,4.354,-0.904
2002_05_NE_MIA,2002,5,MIA,-0.904,0.28
2002_06_MIA_DEN,2002,6,MIA,0.28,0.154
2002_07_BUF_MIA,2002,7,MIA,0.154,1.811
2002_09_MIA_GB,2002,9,MIA,1.811,2.604
2002_10_MIA_NYJ,2002,10,MIA,2.604,2.743
2002_11_BAL_MIA,2002,11,MIA,2.743,4.899
2002_12_LAC_MIA,2002,12,MIA,4.899,5.95
2002_13_MIA_BUF,2002,13,MIA,5.95,3.732
2002_14_CHI_MIA,2002,14,MIA,3.732,5.761
2002_15_OAK_MIA,2002,15,MIA,5.761,8.114
2002_16_MIA_MIN,2002,16,MIA,8.114,8.429
2002_17_MIA_NE,2002,17,MIA,8.429,7.986
2003_01_HOU_MIA,2003,1,MIA,5.119,2.979
2003_02_MIA_NYJ,2003,2,MIA,2.979,0.978
2003_03_BUF_MIA,2003,3,MIA,0.978,4.071
2003_05_MIA_NYG,2003,5,MIA,4.071,4.304
2003_06_MIA_JAX,2003,6,MIA,4.304,5.155
2003_07_NE_MIA,2003,7,MIA,5.155,2.601
2003_08_MIA_LAC,2003,8,MIA,2.601,4.768
2003_09_IND_MIA,2003,9,MIA,4.768,5.994
2003_10_MIA_TEN,2003,10,MIA,5.994,5.119
2003_11_BAL_MIA,2003,11,MIA,5.119,5.691
2003_12_WAS_MIA,2003,12,MIA,5.691,6.548
2003_13_MIA_DAL,2003,13,MIA,6.548,6.355
2003_14_MIA_NE,2003,14,MIA,6.355,7.283
2003_15_PHI_MIA,2003,15,MIA,7.283,7.147
2003_16_MIA_BUF,2003,16,MIA,7.147,9.151
2003_17_NYJ_MIA,2003,17,MIA,9.151,8.421
2004_01_TEN_MIA,2004,1,MIA,5.398,6.292
2004_02_MIA_CIN,2004,2,MIA,6.292,8.15
2004_03_PIT_MIA,2004,3,MIA,8.15,7.891
2004_04_NYJ_MIA,2004,4,MIA,7.891,9.433
2004_05_MIA_NE,2004,5,MIA,9.433,11.0
2004_06_MIA_BUF,2004,6,MIA,11.0,9.372
2004_07_LAR_MIA,2004,7,MIA,9.372,8.355
2004_08_MIA_NYJ,2004,8,MIA,8.355,6.935
2004_09_ARI_MIA,2004,9,MIA,6.935,5.662
2004_11_MIA_SEA,2004,11,MIA,5.662,6.566
2004_12_MIA_SF,2004,12,MIA,6.566,7.738
2004_13_BUF_MIA,2004,13,MIA,7.738,4.789
2004_14_MIA_DEN,2004,14,MIA,4.789,5.675
2004_15_NE_MIA,2004,15,MIA,5.675,7.186
2004_16_CLE_MIA,2004,16,MIA,7.186,7.3
2004_17_MIA_BAL,2004,17,MIA,7.3,6.067
2005_01_DEN_MIA,2005,1,MIA,3.889,4.885
2005_02_MIA_NYJ,2005,2,MIA,4.885,3.987
2005_03_CAR_MIA,2005,3,MIA,3.987,3.454
2005_05_MIA_BUF,2005,5,MIA,3.454,2.857
2005_06_MIA_TB,2005,6,MIA,2.857,2.404
2005_07_KC_MIA,2005,7,MIA,2.404,2.33
2005_08_MIA_NO,2005,8,MIA,2.33,4.334
2005_09_ATL_MIA,2005,9,MIA,4.334,3.092
2005_10_NE_MIA,2005,10,MIA,3.092,3.585
2005_11_MIA_CLE,2005,11,MIA,3.585,2.771
2005_12_MIA_OAK,2005,12,MIA,2.771,4.368
2005_13_BUF_MIA,2005,13,MIA,4.368,2.947
2005_14_MIA_LAC,2005,14,MIA,2.947,1.787
2005_15_NYJ_MIA,2005,15,MIA,1.787,0.076
2005_16_TEN_MIA,2005,16,MIA,0.076,2.663
2005_17_MIA_NE,2005,17,MIA,2.663,1.157
2006_01_MIA_PIT,2006,1,MIA,0.741,-0.609
2006_02_BUF_MIA,2006,2,MIA,-0.609,-0.751
2006_03_TEN_MIA,2006,3,MIA,-0.751,-0.843
2006_04_MIA_HOU,2006,4,MIA,-0.843,-0.893
2006_05_MIA_NE,2006,5,MIA,-0.893,-0.339
2006_06_MIA_NYJ,2006,6,MIA,-0.339,-0.81
2006_07_GB_MIA,2006,7,MIA,-0.81,-1.208
2006_09_MIA_CHI,2006,9,MIA,-1.208,1.398
2006_10_KC_MIA,2006,10,MIA,1.398,2.798
2006_11_MIN_MIA,2006,11,MIA,2.798,2.842
2006_12_MIA_DET,2006,12,MIA,2.842,4.676
2006_13_JAX_MIA,2006,13,MIA,4.676,3.407
2006_14_NE_MIA,2006,14,MIA,3.407,5.72
2006_15_MIA_BUF,2006,15,MIA,5.72,3.782
2006_16_NYJ_MIA,2006,16,MIA,3.782,2.783
2006_17_MIA_IND,2006,17,MIA,2.783,1.508
2007_01_MIA_WAS,2007,1,MIA,0.966,1.465
2007_02_DAL_MIA,2007,2,MIA,1.465,0.622
2007_03_MIA_NYJ,2007,3,MIA,0.622,-0.197
2007_04_OAK_MIA,2007,4,MIA,-0.197,-1.968
2007_05_MIA_HOU,2007,5,MIA,-1.968,-1.886
2007_06_MIA_CLE,2007,6,MIA,-1.886,-4.998
2007_07_NE_MIA,2007,7,MIA,-4.998,-8.108
2007_08_NYG_MIA,2007,8,MIA,-8.108,-7.293
2007_10_BUF_MIA,2007,10,MIA,-7.293,-5.819
2007_11_MIA_PHI,2007,11,MIA,-5.819,-3.375
2007_12_MIA_PIT,2007,12,MIA,-3.375,-1.791
2007_13_NYJ_MIA,2007,13,MIA,-1.791,-1.457
2007_14_MIA_BUF,2007,14,MIA,-1.457,-3.317
2007_15_BAL_MIA,2007,15,MIA,-3.317,-2.477
2007_16_MIA_NE,2007,16,MIA,-2.477,-0.203
2007_17_CIN_MIA,2007,17,MIA,-0.203,-2.381
2008_01_NYJ_MIA,2008,1,MIA,-1.526,-1.646
2008_02_MIA_ARI,2008,2,MIA,-1.646,-4.24
2008_03_MIA_NE,2008,3,MIA,-4.24,-3.509
2008_05_LAC_MIA,2008,5,MIA,-3.509,-2.593
2008_06_MIA_HOU,2008,6,MIA,-2.593,-3.603
2008_07_BAL_MIA,2008,7,MIA,-3.603,-4.654
2008_08_BUF_MIA,2008,8,MIA,-4.654,-4.216
2008_09_MIA_DEN,2008,9,MIA,-4.216,-3.093
2008_10_SEA_MIA,2008,10,MIA,-3.093,-3.214
2008_11_OAK_MIA,2008,11,MIA,-3.214,-2.833
2008_12_NE_MIA,2008,12,MIA,-2.833,-6.438
2008_13_MIA_LAR,2008,13,MIA,-6.438,-4.589
2008_14_MIA_BUF,2008,14,MIA,-4.589,-3.219
2008_15_SF_MIA,2008,15,MIA,-3.219,-3.337
2008_16_MIA_KC,2008,16,MIA,-3.337,-4.776
2008_17_MIA_NYJ,2008,17,MIA,-4.776,-3.645
2008_18_BAL_MIA,2008,18,MIA,-3.645,-3.617
2009_01_MIA_ATL,2009,1,MIA,-2.319,-2.804
2009_02_IND_MIA,2009,2,MIA,-2.804,-3.351
2009_03_MIA_LAC,2009,3,MIA,-3.351,-3.609
2009_04_BUF_MIA,2009,4,MIA,-3.609,-0.647
2009_05_NYJ_MIA,2009,5,MIA,-0.647,-0.924
2009_07_NO_MIA,2009,7,MIA,-0.924,1.001
2009_08_MIA_NYJ,2009,8,MIA,1.001,-1.07
2009_09_MIA_NE,2009,9,MIA,-1.07,-0.674
2009_10_TB_MIA,2009,10,MIA,-0.674,-0.538
2009_11_MIA_CAR,2009,11,MIA,-0.538,0.505
2009_12_MIA_BUF,2009,12,MIA,0.505,-0.646
2009_13_NE_MIA,2009,13,MIA,-0.646,-0.773
2009_14_MIA_JAX,2009,14,MIA,-0.773,0.631
2009_15_MIA_TEN,2009,15,MIA,0.631,0.004
2009_16_HOU_MIA,2009,16,MIA,0.004,-0.021
2009_17_PIT_MIA,2009,17,MIA,-0.021,-0.982
2010_01_MIA_BUF,2010,1,MIA,-0.63,-0.106
2010_02_MIA_MIN,2010,2,MIA,-0.106,2.189
2010_03_NYJ_MIA,2010,3,MIA,2.189,0.138
2010_04_NE_MIA,2010,4,MIA,0.138,1.03
2010_06_MIA_GB,2010,6,MIA,1.03,1.841
2010_07_PIT_MIA,2010,7,MIA,1.841,0.801
2010_08_MIA_CIN,2010,8,MIA,0.801,1.399
2010_09_MIA_BAL,2010,9,MIA,1.399,0.441
2010_10_TEN_MIA,2010,10,MIA,0.441,1.503
2010_11_CHI_MIA,2010,11,MIA,1.503,2.261
2010_12_MIA_OAK,2010,12,MIA,2.261,2.18
2010_13_CLE_MIA,2010,13,MIA,2.18,1.236
2010_14_MIA_NYJ,2010,14,MIA,1.236,3.768
2010_15_BUF_MIA,2010,15,MIA,3.768,3.009
2010_16_DET_MIA,2010,16,MIA,3.009,2.126
2010_17_MIA_NE,2010,17,MIA,2.126,2.234
2011_01_NE_MIA,2011,1,MIA,1.432,-1.652
2011_02_HOU_MIA,2011,2,MIA,-1.652,-2.19
2011_03_MIA_CLE,2011,3,MIA,-2.19,-2.336
2011_04_MIA_LAC,2011,4,MIA,-2.336,-3.093
2011_06_MIA_NYJ,2011,6,MIA,-3.093,-4.029
2011_07_DEN_MIA,2011,7,MIA,-4.029,-3.457
2011_08_MIA_NYG,2011,8,MIA,-3.457,-5.201
2011_09_MIA_KC,2011,9,MIA,-5.201,-4.454
2011_10_WAS_MIA,2011,10,MIA,-4.454,-3.864
2011_11_BUF_MIA,2011,11,MIA,-3.864,-1.96
2011_12_MIA_DAL,2011,12,MIA,-1.96,-1.159
2011_13_OAK_MIA,2011,13,MIA,-1.159,-1.159
2011_14_PHI_MIA,2011,14,MIA,-1.159,0.874
2011_15_MIA_BUF,2011,15,MIA,0.874,0.887
2011_16_MIA_NE,2011,16,MIA,0.887,0.957
2011_17_NYJ_MIA,2011,17,MIA,0.957,1.508
2012_01_MIA_HOU,2012,1,MIA,0.967,0.909
2012_02_OAK_MIA,2012,2,MIA,0.909,0.342
2012_03_NYJ_MIA,2012,3,MIA,0.342,0.937
2012_04_MIA_ARI,2012,4,MIA,0.937,1.71
2012_05_MIA_CIN,2012,5,MIA,1.71,2.611
2012_06_LAR_MIA,2012,6,MIA,2.611,-0.116
2012_08_MIA_NYJ,2012,8,MIA,-0.116,0.433
2012_09_MIA_IND,2012,9,MIA,0.433,-2.253
2012_10_TEN_MIA,2012,10,MIA,-2.253,-2.695
2012_11_MIA_BUF,2012,11,MIA,-2.695,-1.745
2012_12_SEA_MIA,2012,12,MIA,-1.745,-3.795
2012_13_NE_MIA,2012,13,MIA,-3.795,-1.308
2012_14_MIA_SF,2012,14,MIA,-1.308,-2.242
2012_15_JAX_MIA,2012,15,MIA,-2.242,-2.532
2012_16_BUF_MIA,2012,16,MIA,-2.532,-2.418
2012_17_MIA_NE,2012,17,MIA,-2.418,-2.779
2013_01_MIA_CLE,2013,1,MIA,-1.781,0.835
2013_02_MIA_IND,2013,2,MIA,0.835,0.224
2013_03_ATL_MIA,2013,3,MIA,0.224,0.469
2013_04_MIA_NO,2013,4,MIA,0.469,-2.011
2013_05_BAL_MIA,2013,5,MIA,-2.011,-1.662
2013_07_BUF_MIA,2013,7,MIA,-1.662,-1.061
2013_08_MIA_NE,2013,8,MIA,-1.061,0.65
2013_09_CIN_MIA,2013,9,MIA,0.65,2.866
2013_10_MIA_TB,2013,10,MIA,2.866,3.996
2013_11_LAC_MIA,2013,11,MIA,3.996,4.426
2013_12_CAR_MIA,2013,12,MIA,4.426,4.803
2013_13_MIA_NYJ,2013,13,MIA,4.803,5.796
2013_14_MIA_PIT,2013,14,MIA,5.796,4.316
2013_15_NE_MIA,2013,15,MIA,4.316,3.209
2013_16_MIA_BUF,2013,16,MIA,3.209,3.071
2013_17_NYJ_MIA,2013,17,MIA,3.071,0.841
2014_01_NE_MIA,2014,1,MIA,0.539,2.336
2014_02_MIA_BUF,2014,2,MIA,2.336,1.534
2014_03_KC_MIA,2014,3,MIA,1.534,1.038
2014_04_MIA_OAK,2014,4,MIA,1.038,1.18
2014_06_GB_MIA,2014,6,MIA,1.18,0.673
2014_07_MIA_CHI,2014,7,MIA,0.673,1.966
2014_08_MIA_JAX,2014,8,MIA,1.966,2.671
2014_09_LAC_MIA,2014,9,MIA,2.671,6.305
2014_10_MIA_DET,2014,10,MIA,6.305,6.025
2014_11_BUF_MIA,2014,11,MIA,6.025,6.788
2014_12_MIA_DEN,2014,12,MIA,6.788,5.348
2014_13_MIA_NYJ,2014,13,MIA,5.348,6.368
2014_14_BAL_MIA,2014,14,MIA,6.368,4.428
2014_15_MIA_NE,2014,15,MIA,4.428,4.123
2014_16_MIN_MIA,2014,16,MIA,4.123,3.553
2014_17_NYJ_MIA,2014,17,MIA,3.553,-0.416
2015_01_MIA_WAS,2015,1,MIA,-0.267,0.14
2015_02_MIA_JAX,2015,2,MIA,0.14,-2.275
2015_03_BUF_MIA,2015,3,MIA,-2.275,-5.228
2015_04_NYJ_MIA,2015,4,MIA,-5.228,-5.189
2015_06_MIA_TEN,2015,6,MIA,-5.189,-3.204
2015_07_HOU_MIA,2015,7,MIA,-3.204,-2.823
2015_08_MIA_NE,2015,8,MIA,-2.823,-4.096
2015_09_MIA_BUF,2015,9,MIA,-4.096,-4.626
2015_10_MIA_PHI,2015,10,MIA,-4.626,-4.689
2015_11_DAL_MIA,2015,11,MIA,-4.689,-3.516
2015_12_MIA_NYJ,2015,12,MIA,-3.516,-5.516
2015_13_BAL_MIA,2015,13,MIA,-5.516,-5.441
2015_14_NYG_MIA,2015,14,MIA,-5.441,-8.642
2015_15_MIA_LAC,2015,15,MIA,-8.642,-9.28
2015_16_IND_MIA,2015,16,MIA,-9.28,-8.393
2015_17_NE_MIA,2015,17,MIA,-8.393,-5.88
2016_01_MIA_SEA,2016,1,MIA,-3.769,-2.662
2016_02_MIA_NE,2016,2,MIA,-2.662,-4.89
2016_03_CLE_MIA,2016,3,MIA,-4.89,-4.936
2016_04_MIA_CIN,2016,4,MIA,-4.936,-5.164
2016_05_TEN_MIA,2016,5,MIA,-5.164,-8.302
2016_06_PIT_MIA,2016,6,MIA,-8.302,-5.886
2016_07_BUF_MIA,2016,7,MIA,-5.886,-5.464
2016_09_NYJ_MIA,2016,9,MIA,-5.464,-4.444
2016_10_MIA_LAC,2016,10,MIA,-4.444,-2.72
2016_11_MIA_LAR,2016,11,MIA,-2.72,-1.736
2016_12_SF_MIA,2016,12,MIA,-1.736,-4.963
2016_13_MIA_BAL,2016,13,MIA,-4.963,-8.258
2016_14_ARI_MIA,2016,14,MIA,-8.258,-6.328
2016_15_MIA_NYJ,2016,15,MIA,-6.328,-5.202
2016_16_MIA_BUF,2016,16,MIA,-5.202,-7.865
2016_17_NE_MIA,2016,17,MIA,-7.865,-9.147
2016_18_MIA_PIT,2016,18,MIA,-9.147,-8.642
2017_02_MIA_LAC,2017,2,MIA,-5.54,-6.965
2017_03_MIA_NYJ,2017,3,MIA,-6.965,-7.601
2017_04_NO_MIA,2017,4,MIA,-7.601,-7.687
2017_05_TEN_MIA,2017,5,MIA,-7.687,-6.612
2017_06_MIA_ATL,2017,6,MIA,-6.612,-5.9
2017_07_NYJ_MIA,2017,7,MIA,-5.9,-6.61
2017_08_MIA_BAL,2017,8,MIA,-6.61,-6.758
2017_09_OAK_MIA,2017,9,MIA,-6.758,-6.511
2017_10_MIA_CAR,2017,10,MIA,-6.511,-10.14
2017_11_TB_MIA,2017,11,MIA,-10.14,-10.91
2017_12_MIA_NE,2017,12,MIA,-10.91,-10.342
2017_13_DEN_MIA,2017,13,MIA,-10.342,-7.531
2017_14_NE_MIA,2017,14,MIA,-7.531,-4.901
2017_15_MIA_BUF,2017,15,MIA,-4.901,-6.296
2017_16_MIA_KC,2017,16,MIA,-6.296,-6.849
2017_17_BUF_MIA,2017,17,MIA,-6.849,-6.88
2018_01_TEN_MIA,2018,1,MIA,-4.41,-2.469
2018_02_MIA_NYJ,2018,2,MIA,-2.469,-2.055
2018_03_OAK_MIA,2018,3,MIA,-2.055,-1.53
2018_04_MIA_NE,2018,4,MIA,-1.53,-1.674
2018_05_MIA_CIN,2018,5,MIA,-1.674,-1.245
2018_06_CHI_MIA,2018,6,MIA,-1.245,-3.214
2018_07_DET_MIA,2018,7,MIA,-3.214,-3.996
2018_08_MIA_HOU,2018,8,MIA,-3.996,-6.762
2018_09_NYJ_MIA,2018,9,MIA,-6.762,-3.778
2018_10_MIA_GB,2018,10,MIA,-3.778,-3.501
2018_12_MIA_IND,2018,12,MIA,-3.501,-4.281
2018_13_BUF_MIA,2018,13,MIA,-4.281,-6.561
2018_14_NE_MIA,2018,14,MIA,-6.561,-7.508
2018_15_MIA_MIN,2018,15,MIA,-7.508,-6.518
2018_16_JAX_MIA,2018,16,MIA,-6.518,-4.972
2018_17_MIA_BUF,2018,17,MIA,-4.972,-8.782
2019_01_BAL_MIA,2019,1,MIA,-5.63,-8.875
2019_02_NE_MIA,2019,2,MIA,-8.875,-9.11
2019_03_MIA_DAL,2019,3,MIA,-9.11,-8.73
2019_04_LAC_MIA,2019,4,MIA,-8.73,-10.258
2019_06_WAS_MIA,2019,6,MIA,-10.258,-10.262
2019_07_MIA_BUF,2019,7,MIA,-10.262,-10.665
2019_08_MIA_PIT,2019,8,MIA,-10.665,-10.264
2019_09_NYJ_MIA,2019,9,MIA,-10.264,-10.395
2019_10_MIA_IND,2019,10,MIA,-10.395,-7.932
2019_11_BUF_MIA,2019,11,MIA,-7.932,-10.951
2019_12_MIA_CLE,2019,12,MIA,-10.951,-12.436
2019_13_PHI_MIA,2019,13,MIA,-12.436,-12.781
2019_14_MIA_NYJ,2019,14,MIA,-12.781,-12.739
2019_15_MIA_NYG,2019,15,MIA,-12.739,-12.39
2019_16_CIN_MIA,2019,16,MIA,-12.39,-14.185
2019_17_MIA_NE,2019,17,MIA,-14.185,-13.191
2020_01_MIA_NE,2020,1,MIA,-8.455,-9.596
2020_02_BUF_MIA,2020,2,MIA,-9.596,-12.286
2020_03_MIA_JAX,2020,3,MIA,-12.286,-11.641
2020_04_SEA_MIA,2020,4,MIA,-11.641,-11.535
2020_05_MIA_SF,2020,5,MIA,-11.535,-7.698
2020_06_NYJ_MIA,2020,6,MIA,-7.698,-5.288
2020_08_LAR_MIA,2020,8,MIA,-5.288,-4.139
2020_09_MIA_ARI,2020,9,MIA,-4.139,-7.589
2020_10_LAC_MIA,2020,10,MIA,-7.589,-6.922
2020_11_MIA_DEN,2020,11,MIA,-6.922,-7.424
2020_12_MIA_NYJ,2020,12,MIA,-7.424,-5.653
2020_13_CIN_MIA,2020,13,MIA,-5.653,-4.116
2020_14_KC_MIA,2020,14,MIA,-4.116,-2.238
2020_15_NE_MIA,2020,15,MIA,-2.238,-1.836
2020_16_MIA_OAK,2020,16,MIA,-1.836,-2.177
2020_17_MIA_BUF,2020,17,MIA,-2.177,-1.424
2021_01_MIA_NE,2021,1,MIA,-0.913,-2.534
2021_02_BUF_MIA,2021,2,MIA,-2.534,-1.181
2021_03_MIA_OAK,2021,3,MIA,-1.181,-0.942
2021_04_IND_MIA,2021,4,MIA,-0.942,-2.234
2021_05_MIA_TB,2021,5,MIA,-2.234,-5.001
2021_06_MIA_JAX,2021,6,MIA,-5.001,-5.738
2021_07_ATL_MIA,2021,7,MIA,-5.738,-5.7
2021_08_MIA_BUF,2021,8,MIA,-5.7,-7.114
2021_09_HOU_MIA,2021,9,MIA,-7.114,-4.57
2021_10_BAL_MIA,2021,10,MIA,-4.57,-2.733
2021_11_MIA_NYJ,2021,11,MIA,-2.733,-3.528
2021_12_CAR_MIA,2021,12,MIA,-3.528,-0.227
2021_13_NYG_MIA,2021,13,MIA,-0.227,1.512
2021_15_NYJ_MIA,2021,15,MIA,1.512,2.266
2021_16_MIA_NO,2021,16,MIA,2.266,5.908
2021_17_MIA_TEN,2021,17,MIA,5.908,5.453
2021_18_NE_MIA,2021,18,MIA,5.453,5.416
2022_01_NE_MIA,2022,1,MIA,3.471,3.901
2022_02_MIA_BAL,2022,2,MIA,3.901,-1.246
2022_03_BUF_MIA,2022,3,MIA,-1.246,-1.893
2022_04_MIA_CIN,2022,4,MIA,-1.893,-2.743
2022_05_MIA_NYJ,2022,5,MIA,-2.743,-3.104
2022_06_MIN_MIA,2022,6,MIA,-3.104,-2.151
2022_07_PIT_MIA,2022,7,MIA,-2.151,-2.005
2022_08_MIA_DET,2022,8,MIA,-2.005,-3.319
2022_09_MIA_CHI,2022,9,MIA,-3.319,-7.654
2022_10_CLE_MIA,2022,10,MIA,-7.654,-7.612
2022_12_HOU_MIA,2022,12,MIA,-7.612,-6.142
2022_13_MIA_SF,2022,13,MIA,-6.142,-3.957
2022_14_MIA_LAC,2022,14,MIA,-3.957,-4.755
2022_15_MIA_BUF,2022,15,MIA,-4.755,-6.577
2022_16_GB_MIA,2022,16,MIA,-6.577,-5.87
2022_17_MIA_NE,2022,17,MIA,-5.87,-5.674
2022_18_NYJ_MIA,2022,18,MIA,-5.674,-4.818
2022_19_MIA_BUF,2022,19,MIA,-4.818,-2.775
2023_01_MIA_LAC,2023,1,MIA,-1.778,-2.095
2023_02_MIA_NE,2023,2,MIA,-2.095,-1.949
2023_03_DEN_MIA,2023,3,MIA,-1.949,-1.766
2023_04_MIA_BUF,2023,4,MIA,-1.766,-4.176
2023_05_NYG_MIA,2023,5,MIA,-4.176,-2.245
2023_06_CAR_MIA,2023,6,MIA,-2.245,-1.884
2023_07_MIA_PHI,2023,7,MIA,-1.884,-2.207
2023_08_NE_MIA,2023,8,MIA,-2.207,-1.632
2023_09_MIA_KC,2023,9,MIA,-1.632,-0.869
2023_11_OAK_MIA,2023,11,MIA,-0.869,-0.223
2023_12_MIA_NYJ,2023,12,MIA,-0.223,1.533
2023_13_MIA_WAS,2023,13,MIA,1.533,2.254
2023_14_TEN_MIA,2023,14,MIA,2.254,0.795
2023_15_NYJ_MIA,2023,15,MIA,0.795,2.85
2023_16_DAL_MIA,2023,16,MIA,2.85,3.046
2023_17_MIA_BAL,2023,17,MIA,3.046,-0.125
2023_18_BUF_MIA,2023,18,MIA,-0.125,-0.804
2023_19_MIA_KC,2023,19,MIA,-0.804,-2.332
2024_01_JAX_MIA,2024,1,MIA,-1.495,-0.255
2024_02_BUF_MIA,2024,2,MIA,-0.255,1.05
2024_03_MIA_SEA,2024,3,MIA,1.05,1.754
2024_04_TEN_MIA,2024,4,MIA,1.754,2.884
2024_05_MIA_NE,2024,5,MIA,2.884,3.593
2024_07_MIA_IND,2024,7,MIA,3.593,3.794
2024_08_ARI_MIA,2024,8,MIA,3.794,1.828
2024_09_MIA_BUF,2024,9,MIA,1.828,2.03
2024_10_MIA_LAR,2024,10,MIA,2.03,2.679
2024_11_OAK_MIA,2024,11,MIA,2.679,1.451
2024_12_NE_MIA,2024,12,MIA,1.451,2.373
2024_13_MIA_GB,2024,13,MIA,2.373,0.73
2024_14_NYJ_MIA,2024,14,MIA,0.73,-0.135
2024_15_MIA_HOU,2024,15,MIA,-0.135,0.506
2024_16_SF_MIA,2024,16,MIA,0.506,-0.074
2024_17_MIA_CLE,2024,17,MIA,-0.074,0.371
2024_18_MIA_NYJ,2024,18,MIA,0.371,-0.418
2025_01_MIA_IND,2025,1,MIA,-0.268,-3.039
2025_02_NE_MIA,2025,2,MIA,-3.039,-4.483
2025_03_MIA_BUF,2025,3,MIA,-4.483,-4.657
2025_04_NYJ_MIA,2025,4,MIA,-4.657,-7.021
2025_05_MIA_CAR,2025,5,MIA,-7.021,-6.227
2025_06_LAC_MIA,2025,6,MIA,-6.227,-7.501
2025_07_MIA_CLE,2025,7,MIA,-7.501,-7.297
2025_08_MIA_ATL,2025,8,MIA,-7.297,-6.23
2025_09_BAL_MIA,2025,9,MIA,-6.23,-6.453
2025_10_BUF_MIA,2025,10,MIA,-6.453,-6.14
2025_11_WAS_MIA,2025,11,MIA,-6.14,-6.642
2025_13_NO_MIA,2025,13,MIA,-6.642,-6.725
2025_14_MIA_NYJ,2025,14,MIA,-6.725,-4.312
2025_15_MIA_PIT,2025,15,MIA,-4.312,-5.25
2025_16_CIN_MIA,2025,16,MIA,-5.25,-7.136
2025_17_TB_MIA,2025,17,MIA,-7.136,-7.753
2025_18_MIA_NE,2025,18,MIA,-7.753,-8.077
2026_01_MIA_OAK,2026,1,MIA,-5.177,-4.455
1999_01_MIN_ATL,1999,1,MIN,0.0,-1.611
1999_02_OAK_MIN,1999,2,MIN,-1.611,-4.89
1999_03_MIN_GB,1999,3,MIN,-4.89,-6.787
1999_04_TB_MIN,1999,4,MIN,-6.787,-8.0
1999_05_CHI_MIN,1999,5,MIN,-8.0,-9.832
1999_06_MIN_DET,1999,6,MIN,-9.832,-9.274
1999_07_SF_MIN,1999,7,MIN,-9.274,-8.226
1999_08_MIN_DEN,1999,8,MIN,-8.226,-7.853
1999_09_DAL_MIN,1999,9,MIN,-7.853,-6.848
1999_10_MIN_CHI,1999,10,MIN,-6.848,-10.318
1999_12_LAC_MIN,1999,12,MIN,-10.318,-12.509
1999_13_MIN_TB,1999,13,MIN,-12.509,-12.009
1999_14_MIN_KC,1999,14,MIN,-12.009,-12.887
1999_15_GB_MIN,1999,15,MIN,-12.887,-10.844
1999_16_MIN_NYG,1999,16,MIN,-10.844,-10.428
1999_17_DET_MIN,1999,17,MIN,-10.428,-10.705
1999_18_DAL_MIN,1999,18,MIN,-10.705,-10.472
1999_19_MIN_LAR,1999,19,MIN,-10.472,-13.315
2000_01_CHI_MIN,2000,1,MIN,-8.535,-12.418
2000_02_MIA_MIN,2000,2,MIN,-12.418,-11.312
2000_03_MIN_NE,2000,3,MIN,-11.312,-11.319
2000_05_MIN_DET,2000,5,MIN,-11.319,-12.033
2000_06_TB_MIN,2000,6,MIN,-12.033,-13.821
2000_07_MIN_CHI,2000,7,MIN,-13.821,-14.214
2000_08_BUF_MIN,2000,8,MIN,-14.214,-15.879
2000_09_MIN_TB,2000,9,MIN,-15.879,-18.325
2000_10_MIN_GB,2000,10,MIN,-18.325,-18.258
2000_11_ARI_MIN,2000,11,MIN,-18.258,-18.438
2000_12_CAR_MIN,2000,12,MIN,-18.438,-16.953
2000_13_MIN_DAL,2000,13,MIN,-16.953,-18.279
2000_14_DET_MIN,2000,14,MIN,-18.279,-17.246
2000_15_MIN_LAR,2000,15,MIN,-17.246,-18.413
2000_16_GB_MIN,2000,16,MIN,-18.413,-20.006
2000_17_MIN_IND,2000,17,MIN,-20.006,-21.042
2000_19_NO_MIN,2000,19,MIN,-21.042,-21.366
2000_20_MIN_NYG,2000,20,MIN,-21.366,-23.913
2001_01_CAR_MIN,2001,1,MIN,-15.328,-15.643
2001_02_MIN_CHI,2001,2,MIN,-15.643,-14.425
2001_03_TB_MIN,2001,3,MIN,-14.425,-14.094
2001_04_MIN_NO,2001,4,MIN,-14.094,-13.454
2001_05_DET_MIN,2001,5,MIN,-13.454,-16.154
2001_06_GB_MIN,2001,6,MIN,-16.154,-15.199
2001_07_MIN_TB,2001,7,MIN,-15.199,-16.559
2001_09_MIN_PHI,2001,9,MIN,-16.559,-18.845
2001_10_NYG_MIN,2001,10,MIN,-18.845,-17.265
2001_11_CHI_MIN,2001,11,MIN,-17.265,-15.839
2001_12_MIN_PIT,2001,12,MIN,-15.839,-14.501
2001_13_TEN_MIN,2001,13,MIN,-14.501,-15.255
2001_14_MIN_DET,2001,14,MIN,-15.255,-15.968
2001_15_JAX_MIN,2001,15,MIN,-15.968,-16.501
2001_16_MIN_GB,2001,16,MIN,-16.501,-15.395
2001_17_MIN_BAL,2001,17,MIN,-15.395,-13.863
2002_01_MIN_CHI,2002,1,MIN,-8.886,-10.032
2002_02_BUF_MIN,2002,2,MIN,-10.032,-13.393
2002_03_CAR_MIN,2002,3,MIN,-13.393,-12.739
2002_04_MIN_SEA,2002,4,MIN,-12.739,-12.973
2002_06_DET_MIN,2002,6,MIN,-12.973,-14.036
2002_07_MIN_NYJ,2002,7,MIN,-14.036,-15.937
2002_08_CHI_MIN,2002,8,MIN,-15.937,-14.649
2002_09_MIN_TB,2002,9,MIN,-14.649,-18.382
2002_10_NYG_MIN,2002,10,MIN,-18.382,-19.233
2002_11_GB_MIN,2002,11,MIN,-19.233,-18.045
2002_12_MIN_NE,2002,12,MIN,-18.045,-18.593
2002_13_ATL_MIN,2002,13,MIN,-18.593,-20.858
2002_14_MIN_GB,2002,14,MIN,-20.858,-21.388
2002_15_MIN_NO,2002,15,MIN,-21.388,-21.119
2002_16_MIA_MIN,2002,16,MIN,-21.119,-20.675
2002_17_MIN_DET,2002,17,MIN,-20.675,-21.566
2003_01_MIN_GB,2003,1,MIN,-13.824,-12.029
2003_02_CHI_MIN,2003,2,MIN,-12.029,-11.426
2003_03_MIN_DET,2003,3,MIN,-11.426,-10.297
2003_04_SF_MIN,2003,4,MIN,-10.297,-6.736
2003_05_MIN_ATL,2003,5,MIN,-6.736,-9.107
2003_07_DEN_MIN,2003,7,MIN,-9.107,-5.607
2003_08_NYG_MIN,2003,8,MIN,-5.607,-6.776
2003_09_GB_MIN,2003,9,MIN,-6.776,-6.981
2003_10_MIN_LAC,2003,10,MIN,-6.981,-9.611
2003_11_MIN_OAK,2003,11,MIN,-9.611,-9.249
2003_12_DET_MIN,2003,12,MIN,-9.249,-8.063
2003_13_MIN_LAR,2003,13,MIN,-8.063,-9.179
2003_14_SEA_MIN,2003,14,MIN,-9.179,-6.406
2003_15_MIN_CHI,2003,15,MIN,-6.406,-5.519
2003_16_KC_MIN,2003,16,MIN,-5.519,-3.105
2003_17_MIN_ARI,2003,17,MIN,-3.105,-2.567
2004_01_DAL_MIN,2004,1,MIN,-1.645,-3.035
2004_02_MIN_PHI,2004,2,MIN,-3.035,-4.717
2004_03_CHI_MIN,2004,3,MIN,-4.717,-6.69
2004_05_MIN_HOU,2004,5,MIN,-6.69,-8.952
2004_06_MIN_NO,2004,6,MIN,-8.952,-8.911
2004_07_TEN_MIN,2004,7,MIN,-8.911,-7.079
2004_08_NYG_MIN,2004,8,MIN,-7.079,-5.162
2004_09_MIN_IND,2004,9,MIN,-5.162,-6.74
2004_10_MIN_GB,2004,10,MIN,-6.74,-8.57
2004_11_DET_MIN,2004,11,MIN,-8.57,-7.467
2004_12_JAX_MIN,2004,12,MIN,-7.467,-7.251
2004_13_MIN_CHI,2004,13,MIN,-7.251,-8.57
2004_14_SEA_MIN,2004,14,MIN,-8.57,-9.392
2004_15_MIN_DET,2004,15,MIN,-9.392,-10.421
2004_16_GB_MIN,2004,16,MIN,-10.421,-11.772
2004_17_MIN_WAS,2004,17,MIN,-11.772,-11.684
2004_18_MIN_GB,2004,18,MIN,-11.684,-9.097
2004_19_MIN_PHI,2004,19,MIN,-9.097,-9.836
2005_01_TB_MIN,2005,1,MIN,-6.305,-5.598
2005_02_MIN_CIN,2005,2,MIN,-5.598,-7.526
2005_03_NO_MIN,2005,3,MIN,-7.526,-5.573
2005_04_MIN_ATL,2005,4,MIN,-5.573,-5.736
2005_06_MIN_CHI,2005,6,MIN,-5.736,-5.816
2005_07_GB_MIN,2005,7,MIN,-5.816,-7.822
2005_08_MIN_CAR,2005,8,MIN,-7.822,-10.474
2005_09_DET_MIN,2005,9,MIN,-10.474,-9.881
2005_10_MIN_NYG,2005,10,MIN,-9.881,-8.332
2005_11_MIN_GB,2005,11,MIN,-8.332,-7.214
2005_12_CLE_MIN,2005,12,MIN,-7.214,-6.022
2005_13_MIN_DET,2005,13,MIN,-6.022,-4.173
2005_14_LAR_MIN,2005,14,MIN,-4.173,-3.015
2005_15_PIT_MIN,2005,15,MIN,-3.015,-2.009
2005_16_MIN_BAL,2005,16,MIN,-2.009,-3.878
2005_17_CHI_MIN,2005,17,MIN,-3.878,-2.802
2006_01_MIN_WAS,2006,1,MIN,-1.796,-2.177
2006_02_CAR_MIN,2006,2,MIN,-2.177,-1.375
2006_03_CHI_MIN,2006,3,MIN,-1.375,-0.905
2006_04_MIN_BUF,2006,4,MIN,-0.905,-2.188
2006_05_DET_MIN,2006,5,MIN,-2.188,-0.406
2006_07_MIN_SEA,2006,7,MIN,-0.406,0.677
2006_08_NE_MIN,2006,8,MIN,0.677,-1.18
2006_09_MIN_SF,2006,9,MIN,-1.18,0.2
2006_10_GB_MIN,2006,10,MIN,0.2,-1.491
2006_11_MIN_MIA,2006,11,MIN,-1.491,-2.346
2006_12_ARI_MIN,2006,12,MIN,-2.346,-3.571
2006_13_MIN_CHI,2006,13,MIN,-3.571,-0.48
2006_14_MIN_DET,2006,14,MIN,-0.48,-0.26
2006_15_NYJ_MIN,2006,15,MIN,-0.26,-1.88
2006_16_MIN_GB,2006,16,MIN,-1.88,-0.863
2006_17_LAR_MIN,2006,17,MIN,-0.863,-1.653
2007_01_ATL_MIN,2007,1,MIN,-1.06,0.495
2007_02_MIN_DET,2007,2,MIN,0.495,-0.232
2007_03_MIN_KC,2007,3,MIN,-0.232,-1.446
2007_04_GB_MIN,2007,4,MIN,-1.446,-3.519
2007_06_MIN_CHI,2007,6,MIN,-3.519,-5.009
2007_07_MIN_DAL,2007,7,MIN,-5.009,-5.926
2007_08_PHI_MIN,2007,8,MIN,-5.926,-6.941
2007_09_LAC_MIN,2007,9,MIN,-6.941,-5.229
2007_10_MIN_GB,2007,10,MIN,-5.229,-7.89
2007_11_OAK_MIN,2007,11,MIN,-7.89,-7.565
2007_12_MIN_NYG,2007,12,MIN,-7.565,-4.566
2007_13_DET_MIN,2007,13,MIN,-4.566,-5.072
2007_14_MIN_SF,2007,14,MIN,-5.072,-3.356
2007_15_CHI_MIN,2007,15,MIN,-3.356,-3.286
2007_16_WAS_MIN,2007,16,MIN,-3.286,-5.68
2007_17_MIN_DEN,2007,17,MIN,-5.68,-7.032
2008_01_MIN_GB,2008,1,MIN,-4.507,-6.808
2008_02_IND_MIN,2008,2,MIN,-6.808,-5.462
2008_03_CAR_MIN,2008,3,MIN,-5.462,-3.778
2008_04_MIN_TEN,2008,4,MIN,-3.778,-3.653
2008_05_MIN_NO,2008,5,MIN,-3.653,-2.494
2008_06_DET_MIN,2008,6,MIN,-2.494,-1.591
2008_07_MIN_CHI,2008,7,MIN,-1.591,-3.385
2008_09_HOU_MIN,2008,9,MIN,-3.385,-1.566
2008_10_GB_MIN,2008,10,MIN,-1.566,0.262
2008_11_MIN_TB,2008,11,MIN,0.262,-0.669
2008_12_MIN_JAX,2008,12,MIN,-0.669,0.134
2008_13_CHI_MIN,2008,13,MIN,0.134,2.481
2008_14_MIN_DET,2008,14,MIN,2.481,2.052
2008_15_MIN_ARI,2008,15,MIN,2.052,3.162
2008_16_ATL_MIN,2008,16,MIN,3.162,4.035
2008_17_NYG_MIN,2008,17,MIN,4.035,4.544
2008_18_PHI_MIN,2008,18,MIN,4.544,4.648
2009_01_MIN_CLE,2009,1,MIN,2.979,3.359
2009_02_MIN_DET,2009,2,MIN,3.359,4.072
2009_03_SF_MIN,2009,3,MIN,4.072,3.392
2009_04_GB_MIN,2009,4,MIN,3.392,3.325
2009_05_MIN_LAR,2009,5,MIN,3.325,3.405
2009_06_BAL_MIN,2009,6,MIN,3.405,1.408
2009_07_MIN_PIT,2009,7,MIN,1.408,2.483
2009_08_MIN_GB,2009,8,MIN,2.483,1.504
2009_10_DET_MIN,2009,10,MIN,1.504,0.651
2009_11_SEA_MIN,2009,11,MIN,0.651,0.366
2009_12_CHI_MIN,2009,12,MIN,0.366,1.732
2009_13_MIN_ARI,2009,13,MIN,1.732,0.086
2009_14_CIN_MIN,2009,14,MIN,0.086,0.553
2009_15_MIN_CAR,2009,15,MIN,0.553,-1.707
2009_16_MIN_CHI,2009,16,MIN,-1.707,-3.37
2009_17_NYG_MIN,2009,17,MIN,-3.37,-1.597
2009_19_DAL_MIN,2009,19,MIN,-1.597,1.299
2009_20_MIN_NO,2009,20,MIN,1.299,1.909
2010_01_MIN_NO,2010,1,MIN,1.224,1.237
2010_02_MIA_MIN,2010,2,MIN,1.237,1.671
2010_03_DET_MIN,2010,3,MIN,1.671,1.266
2010_05_MIN_NYJ,2010,5,MIN,1.266,2.261
2010_06_DAL_MIN,2010,6,MIN,2.261,1.044
2010_07_MIN_GB,2010,7,MIN,1.044,0.833
2010_08_MIN_NE,2010,8,MIN,0.833,0.634
2010_09_ARI_MIN,2010,9,MIN,0.634,0.875
2010_10_MIN_CHI,2010,10,MIN,0.875,-0.247
2010_11_GB_MIN,2010,11,MIN,-0.247,-1.887
2010_12_MIN_WAS,2010,12,MIN,-1.887,-0.903
2010_13_BUF_MIN,2010,13,MIN,-0.903,-0.191
2010_14_NYG_MIN,2010,14,MIN,-0.191,1.052
2010_15_CHI_MIN,2010,15,MIN,1.052,-0.089
2010_16_MIN_PHI,2010,16,MIN,-0.089,0.583
2010_17_MIN_DET,2010,17,MIN,0.583,-0.328
2011_01_MIN_LAC,2011,1,MIN,-0.211,-0.421
2011_02_TB_MIN,2011,2,MIN,-0.421,-0.554
2011_03_DET_MIN,2011,3,MIN,-0.554,-1.788
2011_04_MIN_KC,2011,4,MIN,-1.788,-2.573
2011_05_ARI_MIN,2011,5,MIN,-2.573,-0.498
2011_06_MIN_CHI,2011,6,MIN,-0.498,-2.301
2011_07_GB_MIN,2011,7,MIN,-2.301,-2.842
2011_08_MIN_CAR,2011,8,MIN,-2.842,-4.573
2011_10_MIN_GB,2011,10,MIN,-4.573,-5.101
2011_11_OAK_MIN,2011,11,MIN,-5.101,-4.907
2011_12_MIN_ATL,2011,12,MIN,-4.907,-6.5
2011_13_DEN_MIN,2011,13,MIN,-6.5,-6.898
2011_14_MIN_DET,2011,14,MIN,-6.898,-6.328
2011_15_NO_MIN,2011,15,MIN,-6.328,-9.276
2011_16_MIN_WAS,2011,16,MIN,-9.276,-9.94
2011_17_CHI_MIN,2011,17,MIN,-9.94,-7.997
2012_01_JAX_MIN,2012,1,MIN,-5.126,-6.445
2012_02_MIN_IND,2012,2,MIN,-6.445,-7.557
2012_03_SF_MIN,2012,3,MIN,-7.557,-7.209
2012_04_MIN_DET,2012,4,MIN,-7.209,-6.349
2012_05_TEN_MIN,2012,5,MIN,-6.349,-5.927
2012_06_MIN_WAS,2012,6,MIN,-5.927,-9.379
2012_07_ARI_MIN,2012,7,MIN,-9.379,-8.65
2012_08_TB_MIN,2012,8,MIN,-8.65,-9.201
2012_09_MIN_SEA,2012,9,MIN,-9.201,-10.67
2012_10_DET_MIN,2012,10,MIN,-10.67,-11.199
2012_12_MIN_CHI,2012,12,MIN,-11.199,-11.449
2012_13_MIN_GB,2012,13,MIN,-11.449,-11.165
2012_14_CHI_MIN,2012,14,MIN,-11.165,-9.906
2012_15_MIN_LAR,2012,15,MIN,-9.906,-11.165
2012_16_MIN_HOU,2012,16,MIN,-11.165,-9.271
2012_17_GB_MIN,2012,17,MIN,-9.271,-9.894
2012_18_MIN_GB,2012,18,MIN,-9.894,-9.279
2013_01_MIN_DET,2013,1,MIN,-5.948,-6.757
2013_02_MIN_CHI,2013,2,MIN,-6.757,-7.899
2013_03_CLE_MIN,2013,3,MIN,-7.899,-7.921
2013_04_PIT_MIN,2013,4,MIN,-7.921,-8.189
2013_06_CAR_MIN,2013,6,MIN,-8.189,-10.439
2013_07_MIN_NYG,2013,7,MIN,-10.439,-10.143
2013_08_GB_MIN,2013,8,MIN,-10.143,-11.017
2013_09_MIN_DAL,2013,9,MIN,-11.017,-11.059
2013_10_WAS_MIN,2013,10,MIN,-11.059,-11.905
2013_11_MIN_SEA,2013,11,MIN,-11.905,-12.437
2013_12_MIN_GB,2013,12,MIN,-12.437,-12.302
2013_13_CHI_MIN,2013,13,MIN,-12.302,-12.936
2013_14_MIN_BAL,2013,14,MIN,-12.936,-12.343
2013_15_PHI_MIN,2013,15,MIN,-12.343,-13.713
2013_16_MIN_CIN,2013,16,MIN,-13.713,-16.156
2013_17_DET_MIN,2013,17,MIN,-16.156,-14.752
2014_01_MIN_LAR,2014,1,MIN,-9.456,-7.327
2014_02_NE_MIN,2014,2,MIN,-7.327,-6.273
2014_03_MIN_NO,2014,3,MIN,-6.273,-6.862
2014_04_ATL_MIN,2014,4,MIN,-6.862,-6.553
2014_05_MIN_GB,2014,5,MIN,-6.553,-5.999
2014_06_DET_MIN,2014,6,MIN,-5.999,-4.687
2014_07_MIN_BUF,2014,7,MIN,-4.687,-4.367
2014_08_MIN_TB,2014,8,MIN,-4.367,-3.333
2014_09_WAS_MIN,2014,9,MIN,-3.333,-2.478
2014_11_MIN_CHI,2014,11,MIN,-2.478,-4.557
2014_12_GB_MIN,2014,12,MIN,-4.557,-4.331
2014_13_CAR_MIN,2014,13,MIN,-4.331,-4.153
2014_14_NYJ_MIN,2014,14,MIN,-4.153,-5.111
2014_15_MIN_DET,2014,15,MIN,-5.111,-4.935
2014_16_MIN_MIA,2014,16,MIN,-4.935,-7.426
2014_17_CHI_MIN,2014,17,MIN,-7.426,-7.717
2015_01_MIN_SF,2015,1,MIN,-4.946,-4.947
2015_02_DET_MIN,2015,2,MIN,-4.947,-5.71
2015_03_LAC_MIN,2015,3,MIN,-5.71,-4.238
2015_04_MIN_DEN,2015,4,MIN,-4.238,-2.152
2015_06_KC_MIN,2015,6,MIN,-2.152,-2.668
2015_07_MIN_DET,2015,7,MIN,-2.668,-1.928
2015_08_MIN_CHI,2015,8,MIN,-1.928,-3.015
2015_09_LAR_MIN,2015,9,MIN,-3.015,-2.419
2015_10_MIN_OAK,2015,10,MIN,-2.419,-2.65
2015_11_GB_MIN,2015,11,MIN,-2.65,-1.423
2015_12_MIN_ATL,2015,12,MIN,-1.423,-0.244
2015_13_SEA_MIN,2015,13,MIN,-0.244,-3.194
2015_14_MIN_ARI,2015,14,MIN,-3.194,-3.829
2015_15_CHI_MIN,2015,15,MIN,-3.829,-2.885
2015_16_NYG_MIN,2015,16,MIN,-2.885,-0.209
2015_17_MIN_GB,2015,17,MIN,-0.209,0.418
2015_18_SEA_MIN,2015,18,MIN,0.418,1.926
2016_01_MIN_TEN,2016,1,MIN,1.235,0.601
2016_02_GB_MIN,2016,2,MIN,0.601,1.972
2016_03_MIN_CAR,2016,3,MIN,1.972,5.323
2016_04_NYG_MIN,2016,4,MIN,5.323,5.704
2016_05_HOU_MIN,2016,5,MIN,5.704,7.627
2016_07_MIN_PHI,2016,7,MIN,7.627,8.347
2016_08_MIN_CHI,2016,8,MIN,8.347,7.126
2016_09_DET_MIN,2016,9,MIN,7.126,7.166
2016_10_MIN_WAS,2016,10,MIN,7.166,6.546
2016_11_ARI_MIN,2016,11,MIN,6.546,8.042
2016_12_MIN_DET,2016,12,MIN,8.042,7.895
2016_13_DAL_MIN,2016,13,MIN,7.895,8.453
2016_14_MIN_JAX,2016,14,MIN,8.453,8.415
2016_15_IND_MIN,2016,15,MIN,8.415,6.778
2016_16_MIN_GB,2016,16,MIN,6.778,4.605
2016_17_CHI_MIN,2016,17,MIN,4.605,5.773
2017_01_NO_MIN,2017,1,MIN,3.7,3.322
2017_02_MIN_PIT,2017,2,MIN,3.322,2.921
2017_03_TB_MIN,2017,3,MIN,2.921,2.623
2017_04_DET_MIN,2017,4,MIN,2.623,4.887
2017_05_MIN_CHI,2017,5,MIN,4.887,5.607
2017_06_GB_MIN,2017,6,MIN,5.607,7.702
2017_07_BAL_MIN,2017,7,MIN,7.702,7.735
2017_08_MIN_CLE,2017,8,MIN,7.735,7.021
2017_10_MIN_WAS,2017,10,MIN,7.021,6.015
2017_11_LAR_MIN,2017,11,MIN,6.015,6.155
2017_12_MIN_DET,2017,12,MIN,6.155,6.728
2017_13_MIN_ATL,2017,13,MIN,6.728,7.674
2017_14_MIN_CAR,2017,14,MIN,7.674,8.1
2017_15_CIN_MIN,2017,15,MIN,8.1,10.767
2017_16_MIN_GB,2017,16,MIN,10.767,11.586
2017_17_CHI_MIN,2017,17,MIN,11.586,11.517
2017_19_NO_MIN,2017,19,MIN,11.517,11.727
2017_20_MIN_PHI,2017,20,MIN,11.727,8.222
2018_01_SF_MIN,2018,1,MIN,5.271,7.419
2018_02_MIN_GB,2018,2,MIN,7.419,7.55
2018_03_BUF_MIN,2018,3,MIN,7.55,5.524
2018_04_MIN_LAR,2018,4,MIN,5.524,1.138
2018_05_MIN_PHI,2018,5,MIN,1.138,0.033
2018_06_ARI_MIN,2018,6,MIN,0.033,0.719
2018_07_MIN_NYJ,2018,7,MIN,0.719,2.526
2018_08_NO_MIN,2018,8,MIN,2.526,4.173
2018_09_DET_MIN,2018,9,MIN,4.173,7.178
2018_11_MIN_CHI,2018,11,MIN,7.178,8.034
2018_12_GB_MIN,2018,12,MIN,8.034,9.413
2018_13_MIN_NE,2018,13,MIN,9.413,8.571
2018_14_MIN_SEA,2018,14,MIN,8.571,10.191
2018_15_MIA_MIN,2018,15,MIN,10.191,13.822
2018_16_MIN_DET,2018,16,MIN,13.822,14.803
2018_17_CHI_MIN,2018,17,MIN,14.803,14.47
2019_01_ATL_MIN,2019,1,MIN,9.275,9.136
2019_02_MIN_GB,2019,2,MIN,9.136,9.081
2019_03_OAK_MIN,2019,3,MIN,9.081,8.672
2019_04_MIN_CHI,2019,4,MIN,8.672,10.026
2019_05_MIN_NYG,2019,5,MIN,10.026,11.362
2019_06_PHI_MIN,2019,6,MIN,11.362,10.296
2019_07_MIN_DET,2019,7,MIN,10.296,8.18
2019_08_WAS_MIN,2019,8,MIN,8.18,8.677
2019_09_MIN_KC,2019,9,MIN,8.677,7.939
2019_10_MIN_DAL,2019,10,MIN,7.939,6.637
2019_11_DEN_MIN,2019,11,MIN,6.637,6.796
2019_13_MIN_SEA,2019,13,MIN,6.796,6.88
2019_14_DET_MIN,2019,14,MIN,6.88,8.185
2019_15_MIN_LAC,2019,15,MIN,8.185,8.659
2019_16_GB_MIN,2019,16,MIN,8.659,10.313
2019_17_CHI_MIN,2019,17,MIN,10.313,10.792
2019_18_MIN_NO,2019,18,MIN,10.792,11.976
2019_19_MIN_SF,2019,19,MIN,11.976,13.134
2020_01_GB_MIN,2020,1,MIN,8.419,5.286
2020_02_MIN_IND,2020,2,MIN,5.286,5.807
2020_03_TEN_MIN,2020,3,MIN,5.807,5.937
2020_04_MIN_HOU,2020,4,MIN,5.937,5.584
2020_05_MIN_SEA,2020,5,MIN,5.584,5.62
2020_06_ATL_MIN,2020,6,MIN,5.62,2.82
2020_08_MIN_GB,2020,8,MIN,2.82,1.43
2020_09_DET_MIN,2020,9,MIN,1.43,2.353
2020_10_MIN_CHI,2020,10,MIN,2.353,4.249
2020_11_DAL_MIN,2020,11,MIN,4.249,3.052
2020_12_CAR_MIN,2020,12,MIN,3.052,3.415
2020_13_JAX_MIN,2020,13,MIN,3.415,3.208
2020_14_MIN_TB,2020,14,MIN,3.208,3.276
2020_15_CHI_MIN,2020,15,MIN,3.276,3.012
2020_16_MIN_NO,2020,16,MIN,3.012,4.079
2020_17_MIN_DET,2020,17,MIN,4.079,2.702
2021_01_MIN_CIN,2021,1,MIN,1.732,1.555
2021_02_MIN_ARI,2021,2,MIN,1.555,-0.146
2021_03_SEA_MIN,2021,3,MIN,-0.146,-0.329
2021_04_CLE_MIN,2021,4,MIN,-0.329,1.903
2021_05_DET_MIN,2021,5,MIN,1.903,4.202
2021_06_MIN_CAR,2021,6,MIN,4.202,5.431
2021_08_DAL_MIN,2021,8,MIN,5.431,4.508
2021_09_MIN_BAL,2021,9,MIN,4.508,3.467
2021_10_MIN_LAC,2021,10,MIN,3.467,4.816
2021_11_GB_MIN,2021,11,MIN,4.816,2.272
2021_12_MIN_SF,2021,12,MIN,2.272,2.853
2021_13_MIN_DET,2021,13,MIN,2.853,2.353
2021_14_PIT_MIN,2021,14,MIN,2.353,2.021
2021_15_MIN_CHI,2021,15,MIN,2.021,0.596
2021_16_LAR_MIN,2021,16,MIN,0.596,2.665
2021_17_MIN_GB,2021,17,MIN,2.665,0.946
2021_18_CHI_MIN,2021,18,MIN,0.946,1.834
2022_01_GB_MIN,2022,1,MIN,1.175,3.77
2022_02_MIN_PHI,2022,2,MIN,3.77,1.176
2022_03_DET_MIN,2022,3,MIN,1.176,0.904
2022_04_MIN_NO,2022,4,MIN,0.904,0.339
2022_05_CHI_MIN,2022,5,MIN,0.339,-1.146
2022_06_MIN_MIA,2022,6,MIN,-1.146,-0.851
2022_08_ARI_MIN,2022,8,MIN,-0.851,-1.181
2022_09_MIN_WAS,2022,9,MIN,-1.181,-0.261
2022_10_MIN_BUF,2022,10,MIN,-0.261,-0.516
2022_11_DAL_MIN,2022,11,MIN,-0.516,-2.354
2022_12_NE_MIN,2022,12,MIN,-2.354,-4.371
2022_13_NYJ_MIN,2022,13,MIN,-4.371,-4.443
2022_14_MIN_DET,2022,14,MIN,-4.443,-6.556
2022_15_IND_MIN,2022,15,MIN,-6.556,-5.296
2022_16_NYG_MIN,2022,16,MIN,-5.296,-5.942
2022_17_MIN_GB,2022,17,MIN,-5.942,-5.774
2022_18_MIN_CHI,2022,18,MIN,-5.774,-6.1
2022_19_NYG_MIN,2022,19,MIN,-6.1,-7.241
2023_01_TB_MIN,2023,1,MIN,-4.642,-5.224
2023_02_MIN_PHI,2023,2,MIN,-5.224,-4.693
2023_03_LAC_MIN,2023,3,MIN,-4.693,-8.168
2023_04_MIN_CAR,2023,4,MIN,-8.168,-7.563
2023_05_KC_MIN,2023,5,MIN,-7.563,-7.591
2023_06_MIN_CHI,2023,6,MIN,-7.591,-5.136
2023_07_SF_MIN,2023,7,MIN,-5.136,-4.728
2023_08_MIN_GB,2023,8,MIN,-4.728,-3.964
2023_09_MIN_ATL,2023,9,MIN,-3.964,-4.036
2023_10_NO_MIN,2023,10,MIN,-4.036,-2.743
2023_11_MIN_DEN,2023,11,MIN,-2.743,-3.25
2023_12_CHI_MIN,2023,12,MIN,-3.25,-3.639
2023_14_MIN_OAK,2023,14,MIN,-3.639,-2.37
2023_15_MIN_CIN,2023,15,MIN,-2.37,-2.763
2023_16_DET_MIN,2023,16,MIN,-2.763,-3.245
2023_17_GB_MIN,2023,17,MIN,-3.245,-5.335
2023_18_MIN_DET,2023,18,MIN,-5.335,-6.464
2024_01_MIN_NYG,2024,1,MIN,-4.143,-1.168
2024_02_SF_MIN,2024,2,MIN,-1.168,-0.585
2024_03_HOU_MIN,2024,3,MIN,-0.585,1.325
2024_04_MIN_GB,2024,4,MIN,1.325,0.486
2024_05_NYJ_MIN,2024,5,MIN,0.486,2.91
2024_07_DET_MIN,2024,7,MIN,2.91,2.457
2024_08_MIN_LAR,2024,8,MIN,2.457,0.241
2024_09_IND_MIN,2024,9,MIN,0.241,2.23
2024_10_MIN_JAX,2024,10,MIN,2.23,3.845
2024_11_MIN_TEN,2024,11,MIN,3.845,4.103
2024_12_MIN_CHI,2024,12,MIN,4.103,1.547
2024_13_ARI_MIN,2024,13,MIN,1.547,1.505
2024_14_ATL_MIN,2024,14,MIN,1.505,1.829
2024_15_CHI_MIN,2024,15,MIN,1.829,2.025
2024_16_MIN_SEA,2024,16,MIN,2.025,0.866
2024_17_GB_MIN,2024,17,MIN,0.866,1.936
2024_18_MIN_DET,2024,18,MIN,1.936,3.163
2024_19_MIN_LAR,2024,19,MIN,3.163,2.862
2025_01_MIN_CHI,2025,1,MIN,1.834,0.243
2025_02_ATL_MIN,2025,2,MIN,0.243,1.683
2025_03_CIN_MIN,2025,3,MIN,1.683,3.286
2025_04_MIN_PIT,2025,4,MIN,3.286,3.25
2025_05_MIN_CLE,2025,5,MIN,3.25,2.236
2025_07_PHI_MIN,2025,7,MIN,2.236,1.301
2025_08_MIN_LAC,2025,8,MIN,1.301,0.013
2025_09_MIN_DET,2025,9,MIN,0.013,0.447
2025_10_BAL_MIN,2025,10,MIN,0.447,1.465
2025_11_CHI_MIN,2025,11,MIN,1.465,2.526
2025_12_MIN_GB,2025,12,MIN,2.526,3.327
2025_13_MIN_SEA,2025,13,MIN,3.327,5.6
2025_14_WAS_MIN,2025,14,MIN,5.6,7.814
2025_15_MIN_DAL,2025,15,MIN,7.814,8.426
2025_16_MIN_NYG,2025,16,MIN,8.426,11.551
2025_17_DET_MIN,2025,17,MIN,11.551,14.247
2025_18_GB_MIN,2025,18,MIN,14.247,15.114
2026_01_GB_MIN,2026,1,MIN,9.688,9.967
1999_01_NE_NYJ,1999,1,NE,0.0,-0.022
1999_02_IND_NE,1999,2,NE,-0.022,-1.15
1999_03_NYG_NE,1999,3,NE,-1.15,-3.246
1999_04_NE_CLE,1999,4,NE,-3.246,-3.121
1999_05_NE_KC,1999,5,NE,-3.121,-3.225
1999_06_MIA_NE,1999,6,NE,-3.225,-1.573
1999_07_DEN_NE,1999,7,NE,-1.573,-4.345
1999_08_NE_ARI,1999,8,NE,-4.345,-1.26
1999_10_NYJ_NE,1999,10,NE,-1.26,-2.331
1999_11_NE_MIA,1999,11,NE,-2.331,-3.564
1999_12_NE_BUF,1999,12,NE,-3.564,-4.736
1999_13_DAL_NE,1999,13,NE,-4.736,-4.348
1999_14_NE_IND,1999,14,NE,-4.348,-4.349
1999_15_NE_PHI,1999,15,NE,-4.349,-4.645
1999_16_BUF_NE,1999,16,NE,-4.645,-5.388
1999_17_BAL_NE,1999,17,NE,-5.388,-4.674
2000_01_TB_NE,2000,1,NE,-2.996,-3.772
2000_02_NE_NYJ,2000,2,NE,-3.772,-4.127
2000_03_MIN_NE,2000,3,NE,-4.127,-4.74
2000_04_NE_MIA,2000,4,NE,-4.74,-4.347
2000_05_NE_DEN,2000,5,NE,-4.347,-4.877
2000_06_IND_NE,2000,6,NE,-4.877,-3.707
2000_07_NYJ_NE,2000,7,NE,-3.707,-3.142
2000_08_NE_IND,2000,8,NE,-3.142,-4.943
2000_10_BUF_NE,2000,10,NE,-4.943,-5.067
2000_11_NE_CLE,2000,11,NE,-5.067,-5.977
2000_12_CIN_NE,2000,12,NE,-5.977,-6.973
2000_13_NE_DET,2000,13,NE,-6.973,-8.639
2000_14_KC_NE,2000,14,NE,-8.639,-10.243
2000_15_NE_CHI,2000,15,NE,-10.243,-12.535
2000_16_NE_BUF,2000,16,NE,-12.535,-11.524
2000_17_MIA_NE,2000,17,NE,-11.524,-13.314
2001_01_NE_CIN,2001,1,NE,-8.534,-9.102
2001_02_NYJ_NE,2001,2,NE,-9.102,-8.085
2001_03_IND_NE,2001,3,NE,-8.085,-6.487
2001_04_NE_MIA,2001,4,NE,-6.487,-6.307
2001_05_LAC_NE,2001,5,NE,-6.307,-7.282
2001_06_NE_IND,2001,6,NE,-7.282,-7.027
2001_07_NE_DEN,2001,7,NE,-7.027,-6.699
2001_08_NE_ATL,2001,8,NE,-6.699,-4.126
2001_09_BUF_NE,2001,9,NE,-4.126,-2.727
2001_10_LAR_NE,2001,10,NE,-2.727,-4.588
2001_11_NO_NE,2001,11,NE,-4.588,-5.076
2001_12_NE_NYJ,2001,12,NE,-5.076,-4.185
2001_13_CLE_NE,2001,13,NE,-4.185,-2.83
2001_14_NE_BUF,2001,14,NE,-2.83,-2.466
2001_15_MIA_NE,2001,15,NE,-2.466,-3.773
2001_17_NE_CAR,2001,17,NE,-3.773,-0.998
2001_19_OAK_NE,2001,19,NE,-0.998,0.079
2001_20_NE_PIT,2001,20,NE,0.079,1.469
2001_21_LAR_NE,2001,21,NE,1.469,1.3
2002_01_PIT_NE,2002,1,NE,0.833,2.049
2002_02_NE_NYJ,2002,2,NE,2.049,2.83
2002_03_KC_NE,2002,3,NE,2.83,2.746
2002_04_NE_LAC,2002,4,NE,2.746,1.982
2002_05_NE_MIA,2002,5,NE,1.982,0.146
2002_06_GB_NE,2002,6,NE,0.146,-0.457
2002_08_DEN_NE,2002,8,NE,-0.457,-0.818
2002_09_NE_BUF,2002,9,NE,-0.818,-0.594
2002_10_NE_CHI,2002,10,NE,-0.594,-0.647
2002_11_NE_OAK,2002,11,NE,-0.647,-0.747
2002_12_MIN_NE,2002,12,NE,-0.747,-1.658
2002_13_NE_DET,2002,13,NE,-1.658,-0.379
2002_14_BUF_NE,2002,14,NE,-0.379,-0.21
2002_15_NE_TEN,2002,15,NE,-0.21,0.321
2002_16_NYJ_NE,2002,16,NE,0.321,-2.21
2002_17_MIA_NE,2002,17,NE,-2.21,-1.314
2003_01_NE_BUF,2003,1,NE,-0.842,-0.949
2003_02_NE_PHI,2003,2,NE,-0.949,2.875
2003_03_NYJ_NE,2003,3,NE,2.875,1.832
2003_04_NE_WAS,2003,4,NE,1.832,2.416
2003_05_TEN_NE,2003,5,NE,2.416,1.633
2003_06_NYG_NE,2003,6,NE,1.633,3.28
2003_07_NE_MIA,2003,7,NE,3.28,3.464
2003_08_CLE_NE,2003,8,NE,3.464,3.913
2003_09_NE_DEN,2003,9,NE,3.913,3.369
2003_11_DAL_NE,2003,11,NE,3.369,3.964
2003_12_NE_HOU,2003,12,NE,3.964,5.118
2003_13_NE_IND,2003,13,NE,5.118,4.529
2003_14_MIA_NE,2003,14,NE,4.529,7.826
2003_15_JAX_NE,2003,15,NE,7.826,7.417
2003_16_NE_NYJ,2003,16,NE,7.417,9.25
2003_17_BUF_NE,2003,17,NE,9.25,10.893
2003_19_TEN_NE,2003,19,NE,10.893,10.52
2003_20_IND_NE,2003,20,NE,10.52,14.456
2003_21_CAR_NE,2003,21,NE,14.456,12.958
2004_01_IND_NE,2004,1,NE,8.306,7.624
2004_02_NE_ARI,2004,2,NE,7.624,9.343
2004_04_NE_BUF,2004,4,NE,9.343,9.734
2004_05_MIA_NE,2004,5,NE,9.734,9.775
2004_06_SEA_NE,2004,6,NE,9.775,10.392
2004_07_NYJ_NE,2004,7,NE,10.392,9.146
2004_08_NE_PIT,2004,8,NE,9.146,7.122
2004_09_NE_LAR,2004,9,NE,7.122,6.697
2004_10_BUF_NE,2004,10,NE,6.697,9.031
2004_11_NE_KC,2004,11,NE,9.031,8.326
2004_12_BAL_NE,2004,12,NE,8.326,10.043
2004_13_NE_CLE,2004,13,NE,10.043,8.899
2004_14_CIN_NE,2004,14,NE,8.899,7.111
2004_15_NE_MIA,2004,15,NE,7.111,6.405
2004_16_NE_NYJ,2004,16,NE,6.405,7.305
2004_17_SF_NE,2004,17,NE,7.305,5.574
2004_19_IND_NE,2004,19,NE,5.574,7.034
2004_20_NE_PIT,2004,20,NE,7.034,5.793
2004_21_NE_PHI,2004,21,NE,5.793,6.532
2005_01_OAK_NE,2005,1,NE,4.187,3.498
2005_02_NE_CAR,2005,2,NE,3.498,5.18
2005_03_NE_PIT,2005,3,NE,5.18,5.519
2005_04_LAC_NE,2005,4,NE,5.519,3.56
2005_05_NE_ATL,2005,5,NE,3.56,1.429
2005_06_NE_DEN,2005,6,NE,1.429,-0.15
2005_08_BUF_NE,2005,8,NE,-0.15,-0.29
2005_09_IND_NE,2005,9,NE,-0.29,-2.436
2005_10_NE_MIA,2005,10,NE,-2.436,-4.576
2005_11_NO_NE,2005,11,NE,-4.576,-6.434
2005_12_NE_KC,2005,12,NE,-6.434,-7.194
2005_13_NYJ_NE,2005,13,NE,-7.194,-5.918
2005_14_NE_BUF,2005,14,NE,-5.918,-4.41
2005_15_TB_NE,2005,15,NE,-4.41,-2.745
2005_16_NE_NYJ,2005,16,NE,-2.745,-1.929
2005_17_MIA_NE,2005,17,NE,-1.929,-3.318
2005_18_JAX_NE,2005,18,NE,-3.318,-2.143
2005_19_NE_DEN,2005,19,NE,-2.143,-1.085
2006_01_BUF_NE,2006,1,NE,-0.696,-0.678
2006_02_NE_NYJ,2006,2,NE,-0.678,-0.67
2006_03_DEN_NE,2006,3,NE,-0.67,-2.141
2006_04_NE_CIN,2006,4,NE,-2.141,-0.977
2006_05_MIA_NE,2006,5,NE,-0.977,-0.729
2006_07_NE_BUF,2006,7,NE,-0.729,-0.905
2006_08_NE_MIN,2006,8,NE,-0.905,0.635
2006_09_IND_NE,2006,9,NE,0.635,1.752
2006_10_NYJ_NE,2006,10,NE,1.752,1.43
2006_11_NE_GB,2006,11,NE,1.43,3.232
2006_12_CHI_NE,2006,12,NE,3.232,5.414
2006_13_DET_NE,2006,13,NE,5.414,6.395
2006_14_NE_MIA,2006,14,NE,6.395,5.395
2006_15_HOU_NE,2006,15,NE,5.395,8.602
2006_16_NE_JAX,2006,16,NE,8.602,6.997
2006_17_NE_TEN,2006,17,NE,6.997,8.542
2006_18_NYJ_NE,2006,18,NE,8.542,8.538
2006_19_NE_LAC,2006,19,NE,8.538,9.806
2006_20_NE_IND,2006,20,NE,9.806,9.795
2007_01_NE_NYJ,2007,1,NE,6.279,5.916
2007_02_LAC_NE,2007,2,NE,5.916,6.215
2007_03_BUF_NE,2007,3,NE,6.215,7.013
2007_04_NE_CIN,2007,4,NE,7.013,7.811
2007_05_CLE_NE,2007,5,NE,7.811,8.189
2007_06_NE_DAL,2007,6,NE,8.189,8.253
2007_07_NE_MIA,2007,7,NE,8.253,6.777
2007_08_WAS_NE,2007,8,NE,6.777,6.825
2007_09_NE_IND,2007,9,NE,6.825,7.748
2007_11_NE_BUF,2007,11,NE,7.748,7.759
2007_12_PHI_NE,2007,12,NE,7.759,6.343
2007_13_NE_BAL,2007,13,NE,6.343,4.583
2007_14_PIT_NE,2007,14,NE,4.583,4.463
2007_15_NYJ_NE,2007,15,NE,4.463,4.969
2007_16_MIA_NE,2007,16,NE,4.969,6.707
2007_17_NE_NYG,2007,17,NE,6.707,3.706
2007_19_JAX_NE,2007,19,NE,3.706,2.572
2007_20_LAC_NE,2007,20,NE,2.572,3.593
2007_21_NYG_NE,2007,21,NE,3.593,3.413
2008_01_KC_NE,2008,1,NE,2.188,2.202
2008_02_NE_NYJ,2008,2,NE,2.202,2.553
2008_03_MIA_NE,2008,3,NE,2.553,1.181
2008_05_NE_SF,2008,5,NE,1.181,1.296
2008_06_NE_LAC,2008,6,NE,1.296,-1.122
2008_07_DEN_NE,2008,7,NE,-1.122,0.363
2008_08_LAR_NE,2008,8,NE,0.363,0.381
2008_09_NE_IND,2008,9,NE,0.381,-0.875
2008_10_BUF_NE,2008,10,NE,-0.875,0.375
2008_11_NYJ_NE,2008,11,NE,0.375,-0.742
2008_12_NE_MIA,2008,12,NE,-0.742,-2.633
2008_13_PIT_NE,2008,13,NE,-2.633,-2.53
2008_14_NE_SEA,2008,14,NE,-2.53,-5.569
2008_15_NE_OAK,2008,15,NE,-5.569,-6.391
2008_16_ARI_NE,2008,16,NE,-6.391,-3.439
2008_17_NE_BUF,2008,17,NE,-3.439,-2.881
2009_01_BUF_NE,2009,1,NE,-1.847,-2.289
2009_02_NE_NYJ,2009,2,NE,-2.289,-2.159
2009_03_ATL_NE,2009,3,NE,-2.159,-2.106
2009_04_BAL_NE,2009,4,NE,-2.106,-2.256
2009_05_NE_DEN,2009,5,NE,-2.256,-4.103
2009_06_TEN_NE,2009,6,NE,-4.103,-1.636
2009_07_NE_TB,2009,7,NE,-1.636,-0.202
2009_09_MIA_NE,2009,9,NE,-0.202,-0.401
2009_10_NE_IND,2009,10,NE,-0.401,-0.784
2009_11_NYJ_NE,2009,11,NE,-0.784,1.862
2009_12_NE_NO,2009,12,NE,1.862,-0.913
2009_13_NE_MIA,2009,13,NE,-0.913,-2.312
2009_14_CAR_NE,2009,14,NE,-2.312,-2.555
2009_15_NE_BUF,2009,15,NE,-2.555,-2.031
2009_16_JAX_NE,2009,16,NE,-2.031,-1.779
2009_17_NE_HOU,2009,17,NE,-1.779,-1.884
2009_18_BAL_NE,2009,18,NE,-1.884,-0.512
2010_01_CIN_NE,2010,1,NE,-0.328,-2.267
2010_02_NE_NYJ,2010,2,NE,-2.267,-3.696
2010_03_BUF_NE,2010,3,NE,-3.696,-4.818
2010_04_NE_MIA,2010,4,NE,-4.818,-5.38
2010_06_BAL_NE,2010,6,NE,-5.38,-7.206
2010_07_NE_LAC,2010,7,NE,-7.206,-7.289
2010_08_MIN_NE,2010,8,NE,-7.289,-7.965
2010_09_NE_CLE,2010,9,NE,-7.965,-9.916
2010_10_NE_PIT,2010,10,NE,-9.916,-10.548
2010_11_IND_NE,2010,11,NE,-10.548,-11.945
2010_12_NE_DET,2010,12,NE,-11.945,-11.267
2010_13_NYJ_NE,2010,13,NE,-11.267,-9.297
2010_14_NE_CHI,2010,14,NE,-9.297,-7.458
2010_15_GB_NE,2010,15,NE,-7.458,-8.1
2010_16_NE_BUF,2010,16,NE,-8.1,-5.953
2010_17_MIA_NE,2010,17,NE,-5.953,-3.292
2010_19_NYJ_NE,2010,19,NE,-3.292,-5.241
2011_01_NE_MIA,2011,1,NE,-3.359,-6.261
2011_02_LAC_NE,2011,2,NE,-6.261,-7.129
2011_03_NE_BUF,2011,3,NE,-7.129,-7.941
2011_04_NE_OAK,2011,4,NE,-7.941,-8.822
2011_05_NYJ_NE,2011,5,NE,-8.822,-8.864
2011_06_DAL_NE,2011,6,NE,-8.864,-8.938
2011_08_NE_PIT,2011,8,NE,-8.938,-9.288
2011_09_NYG_NE,2011,9,NE,-9.288,-8.949
2011_10_NE_NYJ,2011,10,NE,-8.949,-7.722
2011_11_KC_NE,2011,11,NE,-7.722,-6.356
2011_12_NE_PHI,2011,12,NE,-6.356,-7.491
2011_13_IND_NE,2011,13,NE,-7.491,-9.74
2011_14_NE_WAS,2011,14,NE,-9.74,-10.163
2011_15_NE_DEN,2011,15,NE,-10.163,-11.19
2011_16_MIA_NE,2011,16,NE,-11.19,-10.399
2011_17_BUF_NE,2011,17,NE,-10.399,-9.865
2011_19_DEN_NE,2011,19,NE,-9.865,-7.277
2011_20_BAL_NE,2011,20,NE,-7.277,-8.14
2011_21_NYG_NE,2011,21,NE,-8.14,-8.233
2012_01_NE_TEN,2012,1,NE,-5.278,-5.611
2012_02_ARI_NE,2012,2,NE,-5.611,-5.927
2012_03_NE_BAL,2012,3,NE,-5.927,-8.57
2012_04_NE_BUF,2012,4,NE,-8.57,-7.989
2012_05_DEN_NE,2012,5,NE,-7.989,-9.263
2012_06_NE_SEA,2012,6,NE,-9.263,-11.276
2012_07_NYJ_NE,2012,7,NE,-11.276,-11.731
2012_08_NE_LAR,2012,8,NE,-11.731,-11.749
2012_10_BUF_NE,2012,10,NE,-11.749,-12.424
2012_11_IND_NE,2012,11,NE,-12.424,-11.673
2012_12_NE_NYJ,2012,12,NE,-11.673,-12.633
2012_13_NE_MIA,2012,13,NE,-12.633,-12.192
2012_14_HOU_NE,2012,14,NE,-12.192,-10.419
2012_15_SF_NE,2012,15,NE,-10.419,-11.374
2012_16_NE_JAX,2012,16,NE,-11.374,-11.539
2012_17_MIA_NE,2012,17,NE,-11.539,-9.362
2012_19_HOU_NE,2012,19,NE,-9.362,-10.598
2012_20_BAL_NE,2012,20,NE,-10.598,-11.244
2013_01_NE_BUF,2013,1,NE,-7.207,-8.48
2013_02_NYJ_NE,2013,2,NE,-8.48,-5.628
2013_03_TB_NE,2013,3,NE,-5.628,-3.951
2013_04_NE_ATL,2013,4,NE,-3.951,-4.576
2013_05_NE_CIN,2013,5,NE,-4.576,-3.802
2013_06_NO_NE,2013,6,NE,-3.802,-2.189
2013_07_NE_NYJ,2013,7,NE,-2.189,-2.528
2013_08_MIA_NE,2013,8,NE,-2.528,-0.829
2013_09_PIT_NE,2013,9,NE,-0.829,-1.173
2013_11_NE_CAR,2013,11,NE,-1.173,-2.682
2013_12_DEN_NE,2013,12,NE,-2.682,-0.459
2013_13_NE_HOU,2013,13,NE,-0.459,-0.979
2013_14_CLE_NE,2013,14,NE,-0.979,-4.517
2013_15_NE_MIA,2013,15,NE,-4.517,-5.813
2013_16_NE_BAL,2013,16,NE,-5.813,-4.527
2013_17_BUF_NE,2013,17,NE,-4.527,-4.677
2013_19_IND_NE,2013,19,NE,-4.677,-2.411
2013_20_NE_DEN,2013,20,NE,-2.411,-3.733
2014_01_NE_MIA,2014,1,NE,-2.393,-2.051
2014_02_NE_MIN,2014,2,NE,-2.051,1.322
2014_03_OAK_NE,2014,3,NE,1.322,1.475
2014_04_NE_KC,2014,4,NE,1.475,-0.099
2014_05_CIN_NE,2014,5,NE,-0.099,-0.723
2014_06_NE_BUF,2014,6,NE,-0.723,-0.415
2014_07_NYJ_NE,2014,7,NE,-0.415,-1.25
2014_08_CHI_NE,2014,8,NE,-1.25,-1.539
2014_09_DEN_NE,2014,9,NE,-1.539,-1.478
2014_11_NE_IND,2014,11,NE,-1.478,-1.226
2014_12_DET_NE,2014,12,NE,-1.226,0.364
2014_13_NE_GB,2014,13,NE,0.364,-0.199
2014_14_NE_LAC,2014,14,NE,-0.199,1.722
2014_15_MIA_NE,2014,15,NE,1.722,2.184
2014_16_NE_NYJ,2014,16,NE,2.184,1.726
2014_17_BUF_NE,2014,17,NE,1.726,1.797
2014_19_BAL_NE,2014,19,NE,1.797,0.174
2014_20_IND_NE,2014,20,NE,0.174,3.204
2014_21_NE_SEA,2014,21,NE,3.204,3.146
2015_01_PIT_NE,2015,1,NE,2.017,1.428
2015_02_NE_BUF,2015,2,NE,1.428,1.117
2015_03_JAX_NE,2015,3,NE,1.117,0.839
2015_05_NE_DAL,2015,5,NE,0.839,1.162
2015_06_NE_IND,2015,6,NE,1.162,-0.428
2015_07_NYJ_NE,2015,7,NE,-0.428,-1.39
2015_08_MIA_NE,2015,8,NE,-1.39,0.57
2015_09_WAS_NE,2015,9,NE,0.57,1.162
2015_10_NE_NYG,2015,10,NE,1.162,0.596
2015_11_BUF_NE,2015,11,NE,0.596,0.981
2015_12_NE_DEN,2015,12,NE,0.981,1.103
2015_13_PHI_NE,2015,13,NE,1.103,1.158
2015_14_NE_HOU,2015,14,NE,1.158,3.055
2015_15_TEN_NE,2015,15,NE,3.055,5.096
2015_16_NE_NYJ,2015,16,NE,5.096,3.235
2015_17_NE_MIA,2015,17,NE,3.235,0.915
2015_19_KC_NE,2015,19,NE,0.915,0.223
2015_20_NE_DEN,2015,20,NE,0.223,0.562
2016_01_NE_ARI,2016,1,NE,0.36,-0.081
2016_02_MIA_NE,2016,2,NE,-0.081,-2.399
2016_03_HOU_NE,2016,3,NE,-2.399,-1.423
2016_04_BUF_NE,2016,4,NE,-1.423,-2.198
2016_05_NE_CLE,2016,5,NE,-2.198,-2.08
2016_06_CIN_NE,2016,6,NE,-2.08,-3.165
2016_07_NE_PIT,2016,7,NE,-3.165,-4.374
2016_08_NE_BUF,2016,8,NE,-4.374,-4.43
2016_10_SEA_NE,2016,10,NE,-4.43,-5.537
2016_11_NE_SF,2016,11,NE,-5.537,-4.935
2016_12_NE_NYJ,2016,12,NE,-4.935,-6.411
2016_13_LAR_NE,2016,13,NE,-6.411,-3.469
2016_14_BAL_NE,2016,14,NE,-3.469,-4.447
2016_15_NE_DEN,2016,15,NE,-4.447,-4.105
2016_16_NYJ_NE,2016,16,NE,-4.105,-1.793
2016_17_NE_MIA,2016,17,NE,-1.793,-2.902
2016_19_HOU_NE,2016,19,NE,-2.902,-1.514
2016_20_PIT_NE,2016,20,NE,-1.514,-2.122
2016_21_NE_ATL,2016,21,NE,-2.122,-0.938
2017_01_KC_NE,2017,1,NE,-0.601,-3.16
2017_02_NE_NO,2017,2,NE,-3.16,-3.499
2017_03_HOU_NE,2017,3,NE,-3.499,-4.348
2017_04_CAR_NE,2017,4,NE,-4.348,-7.24
2017_05_NE_TB,2017,5,NE,-7.24,-7.501
2017_06_NE_NYJ,2017,6,NE,-7.501,-8.074
2017_07_ATL_NE,2017,7,NE,-8.074,-8.806
2017_08_LAC_NE,2017,8,NE,-8.806,-7.604
2017_10_NE_DEN,2017,10,NE,-7.604,-7.544
2017_11_NE_OAK,2017,11,NE,-7.544,-6.462
2017_12_MIA_NE,2017,12,NE,-6.462,-4.492
2017_13_NE_BUF,2017,13,NE,-4.492,-2.284
2017_14_NE_MIA,2017,14,NE,-2.284,-3.765
2017_15_NE_PIT,2017,15,NE,-3.765,-3.78
2017_16_BUF_NE,2017,16,NE,-3.78,-2.445
2017_17_NYJ_NE,2017,17,NE,-2.445,-2.51
2017_19_TEN_NE,2017,19,NE,-2.51,-2.187
2017_20_JAX_NE,2017,20,NE,-2.187,-1.972
2017_21_PHI_NE,2017,21,NE,-1.972,-4.066
2018_01_HOU_NE,2018,1,NE,-2.606,-1.094
2018_02_NE_JAX,2018,2,NE,-1.094,-4.275
2018_03_NE_DET,2018,3,NE,-4.275,-5.1
2018_04_MIA_NE,2018,4,NE,-5.1,-2.461
2018_05_IND_NE,2018,5,NE,-2.461,-3.135
2018_06_KC_NE,2018,6,NE,-3.135,-4.422
2018_07_NE_CHI,2018,7,NE,-4.422,-5.73
2018_08_NE_BUF,2018,8,NE,-5.73,-5.614
2018_09_GB_NE,2018,9,NE,-5.614,-5.199
2018_10_NE_TEN,2018,10,NE,-5.199,-6.091
2018_12_NE_NYJ,2018,12,NE,-6.091,-6.223
2018_13_MIN_NE,2018,13,NE,-6.223,-4.682
2018_14_NE_MIA,2018,14,NE,-4.682,-5.731
2018_15_NE_PIT,2018,15,NE,-5.731,-3.8
2018_16_BUF_NE,2018,16,NE,-3.8,-3.267
2018_17_NYJ_NE,2018,17,NE,-3.267,-2.462
2018_19_LAC_NE,2018,19,NE,-2.462,-2.458
2018_20_NE_KC,2018,20,NE,-2.458,-2.175
2018_21_NE_LAR,2018,21,NE,-2.175,0.4
2019_01_PIT_NE,2019,1,NE,0.256,1.152
2019_02_NE_MIA,2019,2,NE,1.152,4.981
2019_03_NYJ_NE,2019,3,NE,4.981,6.98
2019_04_NE_BUF,2019,4,NE,6.98,9.646
2019_05_NE_WAS,2019,5,NE,9.646,11.228
2019_06_NYG_NE,2019,6,NE,11.228,12.916
2019_07_NE_NYJ,2019,7,NE,12.916,16.871
2019_08_CLE_NE,2019,8,NE,16.871,17.151
2019_09_NE_BAL,2019,9,NE,17.151,14.99
2019_11_NE_PHI,2019,11,NE,14.99,16.071
2019_12_DAL_NE,2019,12,NE,16.071,16.951
2019_13_NE_HOU,2019,13,NE,16.951,16.325
2019_14_KC_NE,2019,14,NE,16.325,16.556
2019_15_NE_CIN,2019,15,NE,16.556,18.217
2019_16_BUF_NE,2019,16,NE,18.217,17.869
2019_17_MIA_NE,2019,17,NE,17.869,15.611
2019_18_TEN_NE,2019,18,NE,15.611,17.028
2020_01_MIA_NE,2020,1,NE,10.915,12.204
2020_02_NE_SEA,2020,2,NE,12.204,9.739
2020_03_OAK_NE,2020,3,NE,9.739,8.513
2020_04_NE_KC,2020,4,NE,8.513,8.334
2020_06_DEN_NE,2020,6,NE,8.334,10.451
2020_07_SF_NE,2020,7,NE,10.451,10.12
2020_08_NE_BUF,2020,8,NE,10.12,10.905
2020_09_NE_NYJ,2020,9,NE,10.905,9.034
2020_10_BAL_NE,2020,10,NE,9.034,8.211
2020_11_NE_HOU,2020,11,NE,8.211,5.068
2020_12_ARI_NE,2020,12,NE,5.068,6.838
2020_13_NE_LAC,2020,13,NE,6.838,10.011
2020_14_NE_LAR,2020,14,NE,10.011,10.46
2020_15_NE_MIA,2020,15,NE,10.46,9.724
2020_16_BUF_NE,2020,16,NE,9.724,6.896
2020_17_NYJ_NE,2020,17,NE,6.896,6.815
2021_01_MIA_NE,2021,1,NE,4.369,4.422
2021_02_NE_NYJ,2021,2,NE,4.422,7.216
2021_03_NO_NE,2021,3,NE,7.216,7.824
2021_04_TB_NE,2021,4,NE,7.824,9.279
2021_05_NE_HOU,2021,5,NE,9.279,6.861
2021_06_DAL_NE,2021,6,NE,6.861,4.401
2021_07_NYJ_NE,2021,7,NE,4.401,5.219
2021_08_NE_LAC,2021,8,NE,5.219,7.258
2021_09_NE_CAR,2021,9,NE,7.258,9.02
2021_10_CLE_NE,2021,10,NE,9.02,10.867
2021_11_NE_ATL,2021,11,NE,10.867,13.309
2021_12_TEN_NE,2021,12,NE,13.309,14.514
2021_13_NE_BUF,2021,13,NE,14.514,15.476
2021_15_NE_IND,2021,15,NE,15.476,16.964
2021_16_BUF_NE,2021,16,NE,16.964,14.244
2021_17_JAX_NE,2021,17,NE,14.244,14.775
2021_18_NE_MIA,2021,18,NE,14.775,14.008
2021_19_NE_BUF,2021,19,NE,14.008,9.288
2022_01_NE_MIA,2022,1,NE,5.954,5.575
2022_02_NE_PIT,2022,2,NE,5.575,6.681
2022_03_BAL_NE,2022,3,NE,6.681,4.639
2022_04_NE_GB,2022,4,NE,4.639,4.963
2022_05_DET_NE,2022,5,NE,4.963,6.515
2022_06_NE_CLE,2022,6,NE,6.515,8.619
2022_07_CHI_NE,2022,7,NE,8.619,7.42
2022_08_NE_NYJ,2022,8,NE,7.42,7.51
2022_09_IND_NE,2022,9,NE,7.51,10.114
2022_11_NYJ_NE,2022,11,NE,10.114,11.641
2022_12_NE_MIN,2022,12,NE,11.641,9.266
2022_13_BUF_NE,2022,13,NE,9.266,9.554
2022_14_NE_ARI,2022,14,NE,9.554,11.445
2022_15_NE_OAK,2022,15,NE,11.445,11.689
2022_16_CIN_NE,2022,16,NE,11.689,9.979
2022_17_MIA_NE,2022,17,NE,9.979,10.165
2022_18_NE_BUF,2022,18,NE,10.165,10.65
2023_01_PHI_NE,2023,1,NE,6.826,7.61
2023_02_MIA_NE,2023,2,NE,7.61,7.754
2023_03_NE_NYJ,2023,3,NE,7.754,8.435
2023_04_NE_DAL,2023,4,NE,8.435,7.878
2023_05_NO_NE,2023,5,NE,7.878,7.082
2023_06_NE_OAK,2023,6,NE,7.082,7.27
2023_07_BUF_NE,2023,7,NE,7.27,6.667
2023_08_NE_MIA,2023,8,NE,6.667,5.655
2023_09_WAS_NE,2023,9,NE,5.655,4.6
2023_10_IND_NE,2023,10,NE,4.6,5.092
2023_12_NE_NYG,2023,12,NE,5.092,5.345
2023_13_LAC_NE,2023,13,NE,5.345,6.176
2023_14_NE_PIT,2023,14,NE,6.176,5.78
2023_15_KC_NE,2023,15,NE,5.78,6.551
2023_16_NE_DEN,2023,16,NE,6.551,6.175
2023_17_NE_BUF,2023,17,NE,6.175,7.023
2023_18_NYJ_NE,2023,18,NE,7.023,8.172
2024_01_NE_CIN,2024,1,NE,5.238,6.106
2024_02_SEA_NE,2024,2,NE,6.106,4.95
2024_03_NE_NYJ,2024,3,NE,4.95,3.573
2024_04_NE_SF,2024,4,NE,3.573,4.05
2024_05_MIA_NE,2024,5,NE,4.05,5.263
2024_06_HOU_NE,2024,6,NE,5.263,5.371
2024_07_NE_JAX,2024,7,NE,5.371,4.46
2024_08_NYJ_NE,2024,8,NE,4.46,3.941
2024_09_NE_TEN,2024,9,NE,3.941,3.303
2024_10_NE_CHI,2024,10,NE,3.303,6.164
2024_11_LAR_NE,2024,11,NE,6.164,3.664
2024_12_NE_MIA,2024,12,NE,3.664,1.736
2024_13_IND_NE,2024,13,NE,1.736,1.471
2024_15_NE_ARI,2024,15,NE,1.471,1.339
2024_16_NE_BUF,2024,16,NE,1.339,3.204
2024_17_LAC_NE,2024,17,NE,3.204,0.905
2024_18_BUF_NE,2024,18,NE,0.905,0.677
2025_01_OAK_NE,2025,1,NE,0.434,0.29
2025_02_NE_MIA,2025,2,NE,0.29,0.217
2025_03_PIT_NE,2025,3,NE,0.217,0.869
2025_04_CAR_NE,2025,4,NE,0.869,1.065
2025_05_NE_BUF,2025,5,NE,1.065,0.847
2025_06_NE_NO,2025,6,NE,0.847,0.238
2025_07_NE_TEN,2025,7,NE,0.238,-0.161
2025_08_CLE_NE,2025,8,NE,-0.161,-0.251
2025_09_ATL_NE,2025,9,NE,-0.251,-1.724
2025_10_NE_TB,2025,10,NE,-1.724,-2.618
2025_11_NYJ_NE,2025,11,NE,-2.618,-3.312
2025_12_NE_CIN,2025,12,NE,-3.312,-2.025
2025_13_NYG_NE,2025,13,NE,-2.025,-1.657
2025_15_BUF_NE,2025,15,NE,-1.657,-1.765
2025_16_NE_BAL,2025,16,NE,-1.765,-0.612
2025_17_NE_NYJ,2025,17,NE,-0.612,-0.218
2025_18_MIA_NE,2025,18,NE,-0.218,0.421
2025_19_LAC_NE,2025,19,NE,0.421,1.733
2025_20_HOU_NE,2025,20,NE,1.733,5.278
2025_21_NE_DEN,2025,21,NE,5.278,5.981
2025_22_SEA_NE,2025,22,NE,5.981,6.287
2026_01_NE_SEA,2026,1,NE,4.03,5.802
1999_01_CAR_NO,1999,1,NO,0.0,1.219
1999_02_NO_SF,1999,2,NO,1.219,0.461
1999_04_NO_CHI,1999,4,NO,0.461,-0.357
1999_05_ATL_NO,1999,5,NO,-0.357,-1.011
1999_06_TEN_NO,1999,6,NO,-1.011,0.01
1999_07_NO_NYG,1999,7,NO,0.01,-1.606
1999_08_CLE_NO,1999,8,NO,-1.606,-3.01
1999_09_TB_NO,1999,9,NO,-3.01,-5.427
1999_10_SF_NO,1999,10,NO,-5.427,-4.997
1999_11_NO_JAX,1999,11,NO,-4.997,-6.799
1999_12_NO_LAR,1999,12,NO,-6.799,-6.848
1999_13_NO_ATL,1999,13,NO,-6.848,-7.837
1999_14_LAR_NO,1999,14,NO,-7.837,-9.076
1999_15_NO_BAL,1999,15,NO,-9.076,-9.39
1999_16_DAL_NO,1999,16,NO,-9.39,-9.726
1999_17_NO_CAR,1999,17,NO,-9.726,-10.206
2000_01_DET_NO,2000,1,NO,-6.542,-5.695
2000_02_NO_LAC,2000,2,NO,-5.695,-3.354
2000_03_NO_SEA,2000,3,NO,-3.354,-3.493
2000_04_PHI_NO,2000,4,NO,-3.493,-4.653
2000_06_NO_CHI,2000,6,NO,-4.653,-2.446
2000_07_CAR_NO,2000,7,NO,-2.446,0.371
2000_08_NO_ATL,2000,8,NO,0.371,-0.45
2000_09_NO_ARI,2000,9,NO,-0.45,-0.433
2000_10_SF_NO,2000,10,NO,-0.433,-0.035
2000_11_NO_CAR,2000,11,NO,-0.035,1.323
2000_12_OAK_NO,2000,12,NO,1.323,1.154
2000_13_NO_LAR,2000,13,NO,1.154,2.151
2000_14_DEN_NO,2000,14,NO,2.151,1.028
2000_15_NO_SF,2000,15,NO,1.028,-0.609
2000_16_ATL_NO,2000,16,NO,-0.609,0.977
2000_17_LAR_NO,2000,17,NO,0.977,2.21
2000_18_LAR_NO,2000,18,NO,2.21,1.287
2000_19_NO_MIN,2000,19,NO,1.287,-1.038
2001_01_NO_BUF,2001,1,NO,-0.665,1.351
2001_03_NO_NYG,2001,3,NO,1.351,2.482
2001_04_MIN_NO,2001,4,NO,2.482,2.743
2001_05_NO_CAR,2001,5,NO,2.743,1.841
2001_06_ATL_NO,2001,6,NO,1.841,0.918
2001_07_NO_LAR,2001,7,NO,0.918,2.069
2001_08_NYJ_NO,2001,8,NO,2.069,2.649
2001_09_NO_SF,2001,9,NO,2.649,1.439
2001_10_IND_NO,2001,10,NO,1.439,1.207
2001_11_NO_NE,2001,11,NO,1.207,-1.565
2001_12_CAR_NO,2001,12,NO,-1.565,-1.099
2001_13_NO_ATL,2001,13,NO,-1.099,1.094
2001_14_LAR_NO,2001,14,NO,1.094,-0.584
2001_15_NO_TB,2001,15,NO,-0.584,-2.495
2001_16_WAS_NO,2001,16,NO,-2.495,-1.986
2001_17_SF_NO,2001,17,NO,-1.986,-3.255
2002_01_NO_TB,2002,1,NO,-2.086,-2.904
2002_02_GB_NO,2002,2,NO,-2.904,-3.91
2002_03_NO_CHI,2002,3,NO,-3.91,-5.132
2002_04_NO_DET,2002,4,NO,-5.132,-6.379
2002_05_PIT_NO,2002,5,NO,-6.379,-6.834
2002_06_NO_WAS,2002,6,NO,-6.834,-4.606
2002_07_SF_NO,2002,7,NO,-4.606,-5.006
2002_08_ATL_NO,2002,8,NO,-5.006,-7.295
2002_10_NO_CAR,2002,10,NO,-7.295,-8.568
2002_11_NO_ATL,2002,11,NO,-8.568,-8.772
2002_12_CLE_NO,2002,12,NO,-8.772,-7.69
2002_13_TB_NO,2002,13,NO,-7.69,-7.467
2002_14_NO_BAL,2002,14,NO,-7.467,-7.762
2002_15_MIN_NO,2002,15,NO,-7.762,-11.551
2002_16_NO_CIN,2002,16,NO,-11.551,-9.414
2002_17_CAR_NO,2002,17,NO,-9.414,-9.008
2003_01_NO_SEA,2003,1,NO,-5.774,-4.938
2003_02_HOU_NO,2003,2,NO,-4.938,-3.503
2003_03_NO_TEN,2003,3,NO,-3.503,-4.029
2003_04_IND_NO,2003,4,NO,-4.029,-7.586
2003_05_NO_CAR,2003,5,NO,-7.586,-7.967
2003_06_CHI_NO,2003,6,NO,-7.967,-7.611
2003_07_NO_ATL,2003,7,NO,-7.611,-6.021
2003_08_CAR_NO,2003,8,NO,-6.021,-5.508
2003_09_NO_TB,2003,9,NO,-5.508,-4.781
2003_11_ATL_NO,2003,11,NO,-4.781,-2.32
2003_12_NO_PHI,2003,12,NO,-2.32,-3.438
2003_13_NO_WAS,2003,13,NO,-3.438,-3.872
2003_14_TB_NO,2003,14,NO,-3.872,-3.835
2003_15_NYG_NO,2003,15,NO,-3.835,-4.101
2003_16_NO_JAX,2003,16,NO,-4.101,-3.283
2003_17_DAL_NO,2003,17,NO,-3.283,-2.638
2004_01_SEA_NO,2004,1,NO,-1.691,-2.131
2004_02_SF_NO,2004,2,NO,-2.131,-1.92
2004_03_NO_LAR,2004,3,NO,-1.92,-3.725
2004_04_NO_ARI,2004,4,NO,-3.725,-3.885
2004_05_TB_NO,2004,5,NO,-3.885,-3.48
2004_06_MIN_NO,2004,6,NO,-3.48,-5.114
2004_07_NO_OAK,2004,7,NO,-5.114,-7.164
2004_09_NO_LAC,2004,9,NO,-7.164,-8.782
2004_10_KC_NO,2004,10,NO,-8.782,-8.099
2004_11_DEN_NO,2004,11,NO,-8.099,-8.692
2004_12_NO_ATL,2004,12,NO,-8.692,-9.804
2004_13_CAR_NO,2004,13,NO,-9.804,-10.18
2004_14_NO_DAL,2004,14,NO,-10.18,-7.581
2004_15_NO_TB,2004,15,NO,-7.581,-6.641
2004_16_ATL_NO,2004,16,NO,-6.641,-4.809
2004_17_NO_CAR,2004,17,NO,-4.809,-3.654
2005_01_NO_CAR,2005,1,NO,-2.342,-2.113
2005_02_NYG_NO,2005,2,NO,-2.113,-2.797
2005_03_NO_MIN,2005,3,NO,-2.797,-3.372
2005_04_BUF_NO,2005,4,NO,-3.372,-2.245
2005_05_NO_GB,2005,5,NO,-2.245,-3.96
2005_06_ATL_NO,2005,6,NO,-3.96,-3.256
2005_07_NO_LAR,2005,7,NO,-3.256,-3.715
2005_08_MIA_NO,2005,8,NO,-3.715,-3.063
2005_09_CHI_NO,2005,9,NO,-3.063,-2.075
2005_11_NO_NE,2005,11,NO,-2.075,-1.946
2005_12_NO_NYJ,2005,12,NO,-1.946,-4.178
2005_13_TB_NO,2005,13,NO,-4.178,-4.249
2005_14_NO_ATL,2005,14,NO,-4.249,-5.899
2005_15_CAR_NO,2005,15,NO,-5.899,-5.921
2005_16_DET_NO,2005,16,NO,-5.921,-5.732
2005_17_NO_TB,2005,17,NO,-5.732,-6.085
2006_01_NO_CLE,2006,1,NO,-3.901,-3.355
2006_02_NO_GB,2006,2,NO,-3.355,-4.558
2006_03_ATL_NO,2006,3,NO,-4.558,-2.602
2006_04_NO_CAR,2006,4,NO,-2.602,-3.235
2006_05_TB_NO,2006,5,NO,-3.235,-5.162
2006_06_PHI_NO,2006,6,NO,-5.162,-4.096
2006_08_BAL_NO,2006,8,NO,-4.096,-6.049
2006_09_NO_TB,2006,9,NO,-6.049,-6.807
2006_10_NO_PIT,2006,10,NO,-6.807,-8.165
2006_11_CIN_NO,2006,11,NO,-8.165,-8.465
2006_12_NO_ATL,2006,12,NO,-8.465,-8.915
2006_13_SF_NO,2006,13,NO,-8.915,-6.456
2006_14_NO_DAL,2006,14,NO,-6.456,-5.106
2006_15_WAS_NO,2006,15,NO,-5.106,-5.266
2006_16_NO_NYG,2006,16,NO,-5.266,-3.238
2006_17_CAR_NO,2006,17,NO,-3.238,-5.049
2006_19_PHI_NO,2006,19,NO,-5.049,-4.919
2006_20_NO_CHI,2006,20,NO,-4.919,-5.026
2007_01_NO_IND,2007,1,NO,-3.222,-4.281
2007_02_NO_TB,2007,2,NO,-4.281,-5.545
2007_03_TEN_NO,2007,3,NO,-5.545,-6.024
2007_05_CAR_NO,2007,5,NO,-6.024,-5.545
2007_06_NO_SEA,2007,6,NO,-5.545,-5.889
2007_07_ATL_NO,2007,7,NO,-5.889,-5.937
2007_08_NO_SF,2007,8,NO,-5.937,-6.153
2007_09_JAX_NO,2007,9,NO,-6.153,-6.798
2007_10_LAR_NO,2007,10,NO,-6.798,-8.434
2007_11_NO_HOU,2007,11,NO,-8.434,-10.271
2007_12_NO_CAR,2007,12,NO,-10.271,-8.313
2007_13_TB_NO,2007,13,NO,-8.313,-11.071
2007_14_NO_ATL,2007,14,NO,-11.071,-11.581
2007_15_ARI_NO,2007,15,NO,-11.581,-12.034
2007_16_PHI_NO,2007,16,NO,-12.034,-13.495
2007_17_NO_CHI,2007,17,NO,-13.495,-13.363
2008_01_TB_NO,2008,1,NO,-8.566,-7.752
2008_02_NO_WAS,2008,2,NO,-7.752,-8.722
2008_03_NO_DEN,2008,3,NO,-8.722,-9.033
2008_04_SF_NO,2008,4,NO,-9.033,-7.132
2008_05_MIN_NO,2008,5,NO,-7.132,-7.544
2008_06_OAK_NO,2008,6,NO,-7.544,-5.518
2008_07_NO_CAR,2008,7,NO,-5.518,-6.364
2008_08_LAC_NO,2008,8,NO,-6.364,-7.863
2008_10_NO_ATL,2008,10,NO,-7.863,-9.193
2008_11_NO_KC,2008,11,NO,-9.193,-9.383
2008_12_GB_NO,2008,12,NO,-9.383,-8.896
2008_13_NO_TB,2008,13,NO,-8.896,-7.373
2008_14_ATL_NO,2008,14,NO,-7.373,-9.18
2008_15_NO_CHI,2008,15,NO,-9.18,-8.642
2008_16_NO_DET,2008,16,NO,-8.642,-6.578
2008_17_CAR_NO,2008,17,NO,-6.578,-7.333
2009_01_DET_NO,2009,1,NO,-4.701,-2.822
2009_02_NO_PHI,2009,2,NO,-2.822,-3.521
2009_03_NO_BUF,2009,3,NO,-3.521,-1.63
2009_04_NYJ_NO,2009,4,NO,-1.63,1.157
2009_06_NYG_NO,2009,6,NO,1.157,2.528
2009_07_NO_MIA,2009,7,NO,2.528,3.877
2009_08_ATL_NO,2009,8,NO,3.877,5.804
2009_09_CAR_NO,2009,9,NO,5.804,5.779
2009_10_NO_LAR,2009,10,NO,5.779,3.658
2009_11_NO_TB,2009,11,NO,3.658,5.401
2009_12_NE_NO,2009,12,NO,5.401,7.514
2009_13_NO_WAS,2009,13,NO,7.514,4.343
2009_14_NO_ATL,2009,14,NO,4.343,2.828
2009_15_DAL_NO,2009,15,NO,2.828,2.327
2009_16_TB_NO,2009,16,NO,2.327,2.45
2009_17_NO_CAR,2009,17,NO,2.45,2.23
2009_19_ARI_NO,2009,19,NO,2.23,3.409
2009_20_MIN_NO,2009,20,NO,3.409,3.808
2009_21_NO_IND,2009,21,NO,3.808,3.248
2010_01_MIN_NO,2010,1,NO,2.082,2.939
2010_02_NO_SF,2010,2,NO,2.939,1.136
2010_03_ATL_NO,2010,3,NO,1.136,0.072
2010_04_CAR_NO,2010,4,NO,0.072,0.098
2010_05_NO_ARI,2010,5,NO,0.098,0.995
2010_06_NO_TB,2010,6,NO,0.995,0.044
2010_07_CLE_NO,2010,7,NO,0.044,0.715
2010_08_PIT_NO,2010,8,NO,0.715,2.347
2010_09_NO_CAR,2010,9,NO,2.347,3.285
2010_11_SEA_NO,2010,11,NO,3.285,-0.096
2010_12_NO_DAL,2010,12,NO,-0.096,-1.285
2010_13_NO_CIN,2010,13,NO,-1.285,-1.962
2010_14_LAR_NO,2010,14,NO,-1.962,-0.876
2010_15_NO_BAL,2010,15,NO,-0.876,-0.456
2010_16_NO_ATL,2010,16,NO,-0.456,-0.012
2010_17_TB_NO,2010,17,NO,-0.012,-1.014
2010_18_NO_SEA,2010,18,NO,-1.014,-3.129
2011_01_NO_GB,2011,1,NO,-2.006,-3.244
2011_02_CHI_NO,2011,2,NO,-3.244,-1.429
2011_03_HOU_NO,2011,3,NO,-1.429,-2.33
2011_04_NO_JAX,2011,4,NO,-2.33,-0.673
2011_05_NO_CAR,2011,5,NO,-0.673,-1.358
2011_06_NO_TB,2011,6,NO,-1.358,-2.623
2011_07_IND_NO,2011,7,NO,-2.623,-1.215
2011_08_NO_LAR,2011,8,NO,-1.215,-0.635
2011_09_TB_NO,2011,9,NO,-0.635,-2.01
2011_10_NO_ATL,2011,10,NO,-2.01,-2.978
2011_12_NYG_NO,2011,12,NO,-2.978,-4.876
2011_13_DET_NO,2011,13,NO,-4.876,-5.961
2011_14_NO_TEN,2011,14,NO,-5.961,-4.994
2011_15_NO_MIN,2011,15,NO,-4.994,-4.036
2011_16_ATL_NO,2011,16,NO,-4.036,-5.44
2011_17_CAR_NO,2011,17,NO,-5.44,-4.055
2011_18_DET_NO,2011,18,NO,-4.055,-5.491
2011_19_NO_SF,2011,19,NO,-5.491,-7.435
2012_01_WAS_NO,2012,1,NO,-4.766,-7.081
2012_02_NO_CAR,2012,2,NO,-7.081,-8.933
2012_03_KC_NO,2012,3,NO,-8.933,-7.916
2012_04_NO_GB,2012,4,NO,-7.916,-9.92
2012_05_LAC_NO,2012,5,NO,-9.92,-9.552
2012_07_NO_TB,2012,7,NO,-9.552,-11.742
2012_08_NO_DEN,2012,8,NO,-11.742,-12.863
2012_09_PHI_NO,2012,9,NO,-12.863,-10.939
2012_10_ATL_NO,2012,10,NO,-10.939,-12.211
2012_11_NO_OAK,2012,11,NO,-12.211,-10.904
2012_12_SF_NO,2012,12,NO,-10.904,-12.098
2012_13_NO_ATL,2012,13,NO,-12.098,-10.454
2012_14_NO_NYG,2012,14,NO,-10.454,-10.972
2012_15_TB_NO,2012,15,NO,-10.972,-8.166
2012_16_NO_DAL,2012,16,NO,-8.166,-9.941
2012_17_CAR_NO,2012,17,NO,-9.941,-8.299
2013_01_ATL_NO,2013,1,NO,-5.32,-5.145
2013_02_NO_TB,2013,2,NO,-5.145,-3.919
2013_03_ARI_NO,2013,3,NO,-3.919,-0.979
2013_04_MIA_NO,2013,4,NO,-0.979,-0.393
2013_05_NO_CHI,2013,5,NO,-0.393,-2.666
2013_06_NO_NE,2013,6,NO,-2.666,-1.233
2013_08_BUF_NO,2013,8,NO,-1.233,-0.868
2013_09_NO_NYJ,2013,9,NO,-0.868,-0.85
2013_10_DAL_NO,2013,10,NO,-0.85,1.409
2013_11_SF_NO,2013,11,NO,1.409,2.409
2013_12_NO_ATL,2013,12,NO,2.409,2.565
2013_13_NO_SEA,2013,13,NO,2.565,-0.043
2013_14_CAR_NO,2013,14,NO,-0.043,0.808
2013_15_NO_LAR,2013,15,NO,0.808,-0.851
2013_16_NO_CAR,2013,16,NO,-0.851,0.895
2013_17_TB_NO,2013,17,NO,0.895,0.539
2013_18_NO_PHI,2013,18,NO,0.539,0.102
2013_19_NO_SEA,2013,19,NO,0.102,1.715
2014_01_NO_ATL,2014,1,NO,1.099,-2.21
2014_02_NO_CLE,2014,2,NO,-2.21,-3.05
2014_03_MIN_NO,2014,3,NO,-3.05,-2.307
2014_04_NO_DAL,2014,4,NO,-2.307,-4.224
2014_05_TB_NO,2014,5,NO,-4.224,-4.895
2014_07_NO_DET,2014,7,NO,-4.895,-4.739
2014_08_GB_NO,2014,8,NO,-4.739,-5.27
2014_09_NO_CAR,2014,9,NO,-5.27,-3.128
2014_10_SF_NO,2014,10,NO,-3.128,-1.699
2014_11_CIN_NO,2014,11,NO,-1.699,-3.28
2014_12_BAL_NO,2014,12,NO,-3.28,-3.972
2014_13_NO_PIT,2014,13,NO,-3.972,-4.371
2014_14_CAR_NO,2014,14,NO,-4.371,-7.965
2014_15_NO_CHI,2014,15,NO,-7.965,-4.655
2014_16_ATL_NO,2014,16,NO,-4.655,-5.829
2014_17_NO_TB,2014,17,NO,-5.829,-4.73
2015_01_NO_ARI,2015,1,NO,-3.032,-5.062
2015_02_TB_NO,2015,2,NO,-5.062,-5.773
2015_03_NO_CAR,2015,3,NO,-5.773,-7.974
2015_04_DAL_NO,2015,4,NO,-7.974,-8.115
2015_05_NO_PHI,2015,5,NO,-8.115,-9.342
2015_06_ATL_NO,2015,6,NO,-9.342,-9.112
2015_07_NO_IND,2015,7,NO,-9.112,-8.387
2015_08_NYG_NO,2015,8,NO,-8.387,-11.23
2015_09_TEN_NO,2015,9,NO,-11.23,-14.631
2015_10_NO_WAS,2015,10,NO,-14.631,-16.348
2015_12_NO_HOU,2015,12,NO,-16.348,-16.696
2015_13_CAR_NO,2015,13,NO,-16.696,-18.92
2015_14_NO_TB,2015,14,NO,-18.92,-18.573
2015_15_DET_NO,2015,15,NO,-18.573,-19.103
2015_16_JAX_NO,2015,16,NO,-19.103,-20.298
2015_17_NO_ATL,2015,17,NO,-20.298,-20.573
2016_01_OAK_NO,2016,1,NO,-13.187,-14.293
2016_02_NO_NYG,2016,2,NO,-14.293,-14.969
2016_03_ATL_NO,2016,3,NO,-14.969,-14.796
2016_04_NO_LAC,2016,4,NO,-14.796,-14.261
2016_06_CAR_NO,2016,6,NO,-14.261,-14.255
2016_07_NO_KC,2016,7,NO,-14.255,-14.809
2016_08_SEA_NO,2016,8,NO,-14.809,-13.578
2016_09_NO_SF,2016,9,NO,-13.578,-15.11
2016_10_DEN_NO,2016,10,NO,-15.11,-13.479
2016_11_NO_CAR,2016,11,NO,-13.479,-11.47
2016_12_LAR_NO,2016,12,NO,-11.47,-11.231
2016_13_DET_NO,2016,13,NO,-11.231,-12.539
2016_14_NO_TB,2016,14,NO,-12.539,-11.196
2016_15_NO_ARI,2016,15,NO,-11.196,-12.803
2016_16_TB_NO,2016,16,NO,-12.803,-12.508
2016_17_NO_ATL,2016,17,NO,-12.508,-14.073
2017_01_NO_MIN,2017,1,NO,-9.021,-11.216
2017_02_NE_NO,2017,2,NO,-11.216,-13.469
2017_03_NO_CAR,2017,3,NO,-13.469,-10.948
2017_04_NO_MIA,2017,4,NO,-10.948,-9.214
2017_06_DET_NO,2017,6,NO,-9.214,-6.816
2017_07_NO_GB,2017,7,NO,-6.816,-6.371
2017_08_CHI_NO,2017,8,NO,-6.371,-5.4
2017_09_TB_NO,2017,9,NO,-5.4,-3.409
2017_10_NO_BUF,2017,10,NO,-3.409,-1.032
2017_11_WAS_NO,2017,11,NO,-1.032,-2.182
2017_12_NO_LAR,2017,12,NO,-2.182,-2.34
2017_13_CAR_NO,2017,13,NO,-2.34,-3.05
2017_14_NO_ATL,2017,14,NO,-3.05,-0.655
2017_15_NYJ_NO,2017,15,NO,-0.655,0.113
2017_16_ATL_NO,2017,16,NO,0.113,1.387
2017_17_NO_TB,2017,17,NO,1.387,1.318
2017_18_CAR_NO,2017,18,NO,1.318,0.23
2017_19_NO_MIN,2017,19,NO,0.23,0.222
2018_01_TB_NO,2018,1,NO,0.142,-4.544
2018_02_CLE_NO,2018,2,NO,-4.544,-4.88
2018_03_NO_ATL,2018,3,NO,-4.88,-7.314
2018_04_NO_NYG,2018,4,NO,-7.314,-7.759
2018_05_WAS_NO,2018,5,NO,-7.759,-6.779
2018_07_NO_BAL,2018,7,NO,-6.779,-7.589
2018_08_NO_MIN,2018,8,NO,-7.589,-7.643
2018_09_LAR_NO,2018,9,NO,-7.643,-9.743
2018_10_NO_CIN,2018,10,NO,-9.743,-7.175
2018_11_PHI_NO,2018,11,NO,-7.175,-3.162
2018_12_ATL_NO,2018,12,NO,-3.162,-2.903
2018_13_NO_DAL,2018,13,NO,-2.903,-2.458
2018_14_NO_TB,2018,14,NO,-2.458,-1.412
2018_15_NO_CAR,2018,15,NO,-1.412,1.706
2018_16_PIT_NO,2018,16,NO,1.706,0.598
2018_17_CAR_NO,2018,17,NO,0.598,-1.99
2018_19_PHI_NO,2018,19,NO,-1.99,-1.205
2018_20_LAR_NO,2018,20,NO,-1.205,-1.244
2019_01_HOU_NO,2019,1,NO,-0.798,-1.197
2019_02_NO_LAR,2019,2,NO,-1.197,-1.764
2019_03_NO_SEA,2019,3,NO,-1.764,-5.78
2019_04_DAL_NO,2019,4,NO,-5.78,-4.33
2019_05_TB_NO,2019,5,NO,-4.33,-2.849
2019_06_NO_JAX,2019,6,NO,-2.849,-0.942
2019_07_NO_CHI,2019,7,NO,-0.942,-1.608
2019_08_ARI_NO,2019,8,NO,-1.608,-0.672
2019_10_ATL_NO,2019,10,NO,-0.672,0.302
2019_11_NO_TB,2019,11,NO,0.302,1.048
2019_12_CAR_NO,2019,12,NO,1.048,-0.59
2019_13_NO_ATL,2019,13,NO,-0.59,0.96
2019_14_SF_NO,2019,14,NO,0.96,-0.787
2019_15_IND_NO,2019,15,NO,-0.787,0.073
2019_16_NO_TEN,2019,16,NO,0.073,0.072
2019_17_NO_CAR,2019,17,NO,0.072,2.327
2019_18_MIN_NO,2019,18,NO,2.327,2.751
2020_01_TB_NO,2020,1,NO,1.763,2.485
2020_02_NO_OAK,2020,2,NO,2.485,1.285
2020_03_GB_NO,2020,3,NO,1.285,0.318
2020_04_NO_DET,2020,4,NO,0.318,0.654
2020_05_LAC_NO,2020,5,NO,0.654,-0.29
2020_07_CAR_NO,2020,7,NO,-0.29,-1.788
2020_08_NO_CHI,2020,8,NO,-1.788,-1.799
2020_09_NO_TB,2020,9,NO,-1.799,1.709
2020_10_SF_NO,2020,10,NO,1.709,2.174
2020_11_ATL_NO,2020,11,NO,2.174,6.644
2020_13_NO_ATL,2020,13,NO,6.644,7.397
2020_14_NO_PHI,2020,14,NO,7.397,4.979
2020_15_KC_NO,2020,15,NO,4.979,5.96
2020_16_MIN_NO,2020,16,NO,5.96,4.68
2020_17_NO_CAR,2020,17,NO,4.68,6.689
2020_18_CHI_NO,2020,18,NO,6.689,6.414
2020_19_TB_NO,2020,19,NO,6.414,6.664
2021_01_GB_NO,2021,1,NO,4.272,7.248
2021_02_NO_CAR,2021,2,NO,7.248,5.891
2021_03_NO_NE,2021,3,NO,5.891,6.629
2021_04_NYG_NO,2021,4,NO,6.629,3.962
2021_05_NO_WAS,2021,5,NO,3.962,4.877
2021_07_NO_SEA,2021,7,NO,4.877,5.498
2021_08_TB_NO,2021,8,NO,5.498,5.225
2021_09_ATL_NO,2021,9,NO,5.225,3.176
2021_10_NO_TEN,2021,10,NO,3.176,2.676
2021_11_NO_PHI,2021,11,NO,2.676,2.093
2021_12_BUF_NO,2021,12,NO,2.093,1.412
2021_13_DAL_NO,2021,13,NO,1.412,2.602
2021_14_NO_NYJ,2021,14,NO,2.602,2.948
2021_15_NO_TB,2021,15,NO,2.948,6.394
2021_16_MIA_NO,2021,16,NO,6.394,6.816
2021_17_CAR_NO,2021,17,NO,6.816,8.887
2021_18_NO_ATL,2021,18,NO,8.887,9.505
2022_01_NO_ATL,2022,1,NO,6.092,3.895
2022_02_TB_NO,2022,2,NO,3.895,5.158
2022_03_NO_CAR,2022,3,NO,5.158,5.943
2022_04_MIN_NO,2022,4,NO,5.943,6.476
2022_05_SEA_NO,2022,5,NO,6.476,5.351
2022_06_CIN_NO,2022,6,NO,5.351,2.71
2022_07_NO_ARI,2022,7,NO,2.71,2.822
2022_08_OAK_NO,2022,8,NO,2.822,5.524
2022_09_BAL_NO,2022,9,NO,5.524,5.929
2022_10_NO_PIT,2022,10,NO,5.929,5.6
2022_11_LAR_NO,2022,11,NO,5.6,5.18
2022_12_NO_SF,2022,12,NO,5.18,4.745
2022_13_NO_TB,2022,13,NO,4.745,4.484
2022_15_ATL_NO,2022,15,NO,4.484,5.631
2022_16_NO_CLE,2022,16,NO,5.631,6.364
2022_17_NO_PHI,2022,17,NO,6.364,8.1
2022_18_CAR_NO,2022,18,NO,8.1,10.766
2023_01_TEN_NO,2023,1,NO,6.901,10.071
2023_02_NO_CAR,2023,2,NO,10.071,9.587
2023_03_NO_GB,2023,3,NO,9.587,8.919
2023_04_TB_NO,2023,4,NO,8.919,6.42
2023_05_NO_NE,2023,5,NO,6.42,8.691
2023_06_NO_HOU,2023,6,NO,8.691,9.421
2023_07_JAX_NO,2023,7,NO,9.421,7.751
2023_08_NO_IND,2023,8,NO,7.751,8.057
2023_09_CHI_NO,2023,9,NO,8.057,7.09
2023_10_NO_MIN,2023,10,NO,7.09,4.546
2023_12_NO_ATL,2023,12,NO,4.546,4.554
2023_13_DET_NO,2023,13,NO,4.554,4.466
2023_14_CAR_NO,2023,14,NO,4.466,5.516
2023_15_NYG_NO,2023,15,NO,5.516,6.421
2023_16_NO_LAR,2023,16,NO,6.421,4.816
2023_17_NO_TB,2023,17,NO,4.816,4.562
2023_18_ATL_NO,2023,18,NO,4.562,2.663
2024_01_CAR_NO,2024,1,NO,1.707,3.512
2024_02_NO_DAL,2024,2,NO,3.512,4.324
2024_03_PHI_NO,2024,3,NO,4.324,4.728
2024_04_NO_ATL,2024,4,NO,4.728,5.569
2024_05_NO_KC,2024,5,NO,5.569,5.522
2024_06_TB_NO,2024,6,NO,5.522,4.109
2024_07_DEN_NO,2024,7,NO,4.109,2.901
2024_08_NO_LAC,2024,8,NO,2.901,1.473
2024_09_NO_CAR,2024,9,NO,1.473,1.135
2024_10_ATL_NO,2024,10,NO,1.135,2.372
2024_11_CLE_NO,2024,11,NO,2.372,0.478
2024_13_LAR_NO,2024,13,NO,0.478,0.931
2024_14_NO_NYG,2024,14,NO,0.931,1.775
2024_15_WAS_NO,2024,15,NO,1.775,1.816
2024_16_NO_GB,2024,16,NO,1.816,2.215
2024_17_OAK_NO,2024,17,NO,2.215,1.299
2024_18_NO_TB,2024,18,NO,1.299,0.759
2025_01_ARI_NO,2025,1,NO,0.486,1.165
2025_02_SF_NO,2025,2,NO,1.165,-0.148
2025_03_NO_SEA,2025,3,NO,-0.148,-1.385
2025_04_NO_BUF,2025,4,NO,-1.385,-0.967
2025_05_NYG_NO,2025,5,NO,-0.967,-1.92
2025_06_NE_NO,2025,6,NO,-1.92,-3.391
2025_07_NO_CHI,2025,7,NO,-3.391,-1.7
2025_08_TB_NO,2025,8,NO,-1.7,0.344
2025_09_NO_LAR,2025,9,NO,0.344,-0.961
2025_10_NO_CAR,2025,10,NO,-0.961,0.091
2025_12_ATL_NO,2025,12,NO,0.091,0.843
2025_13_NO_MIA,2025,13,NO,0.843,3.287
2025_14_NO_TB,2025,14,NO,3.287,4.161
2025_15_CAR_NO,2025,15,NO,4.161,3.295
2025_16_NYJ_NO,2025,16,NO,3.295,5.294
2025_17_NO_TEN,2025,17,NO,5.294,4.854
2025_18_NO_ATL,2025,18,NO,4.854,6.764
2026_01_NO_DET,2026,1,NO,4.336,3.992
1999_01_NYG_TB,1999,1,NYG,0.0,1.593
1999_02_WAS_NYG,1999,2,NYG,1.593,-1.64
1999_03_NYG_NE,1999,3,NYG,-1.64,-2.245
1999_04_PHI_NYG,1999,4,NYG,-2.245,-0.922
1999_05_NYG_ARI,1999,5,NYG,-0.922,-2.349
1999_06_DAL_NYG,1999,6,NYG,-2.349,-2.213
1999_07_NO_NYG,1999,7,NYG,-2.213,-0.069
1999_08_NYG_PHI,1999,8,NYG,-0.069,-0.714
1999_10_IND_NYG,1999,10,NYG,-0.714,-1.019
1999_11_NYG_WAS,1999,11,NYG,-1.019,-0.335
1999_12_ARI_NYG,1999,12,NYG,-0.335,-0.455
1999_13_NYJ_NYG,1999,13,NYG,-0.455,-3.909
1999_14_NYG_BUF,1999,14,NYG,-3.909,-2.906
1999_15_NYG_LAR,1999,15,NYG,-2.906,-4.182
1999_16_MIN_NYG,1999,16,NYG,-4.182,-2.682
1999_17_NYG_DAL,1999,17,NYG,-2.682,-5.016
2000_01_ARI_NYG,2000,1,NYG,-3.215,-4.264
2000_02_NYG_PHI,2000,2,NYG,-4.264,-5.791
2000_03_NYG_CHI,2000,3,NYG,-5.791,-6.022
2000_04_WAS_NYG,2000,4,NYG,-6.022,-7.612
2000_05_NYG_TEN,2000,5,NYG,-7.612,-9.752
2000_06_NYG_ATL,2000,6,NYG,-9.752,-8.87
2000_07_DAL_NYG,2000,7,NYG,-8.87,-6.326
2000_09_PHI_NYG,2000,9,NYG,-6.326,-4.523
2000_10_NYG_CLE,2000,10,NYG,-4.523,-4.097
2000_11_LAR_NYG,2000,11,NYG,-4.097,-7.361
2000_12_DET_NYG,2000,12,NYG,-7.361,-9.689
2000_13_NYG_ARI,2000,13,NYG,-9.689,-8.202
2000_14_NYG_WAS,2000,14,NYG,-8.202,-5.802
2000_15_PIT_NYG,2000,15,NYG,-5.802,-5.801
2000_16_NYG_DAL,2000,16,NYG,-5.801,-4.45
2000_17_JAX_NYG,2000,17,NYG,-4.45,-4.999
2000_19_PHI_NYG,2000,19,NYG,-4.999,-2.308
2000_20_MIN_NYG,2000,20,NYG,-2.308,2.487
2000_21_BAL_NYG,2000,21,NYG,2.487,2.599
2001_01_NYG_DEN,2001,1,NYG,1.666,-0.984
2001_02_NYG_KC,2001,2,NYG,-0.984,-0.552
2001_03_NO_NYG,2001,3,NYG,-0.552,-0.001
2001_04_WAS_NYG,2001,4,NYG,-0.001,2.285
2001_05_NYG_LAR,2001,5,NYG,2.285,4.144
2001_06_PHI_NYG,2001,6,NYG,4.144,5.173
2001_07_NYG_WAS,2001,7,NYG,5.173,4.126
2001_08_DAL_NYG,2001,8,NYG,4.126,5.041
2001_09_NYG_ARI,2001,9,NYG,5.041,5.452
2001_10_NYG_MIN,2001,10,NYG,5.452,4.619
2001_11_OAK_NYG,2001,11,NYG,4.619,3.378
2001_13_NYG_DAL,2001,13,NYG,3.378,2.021
2001_14_ARI_NYG,2001,14,NYG,2.021,1.3
2001_15_SEA_NYG,2001,15,NYG,1.3,1.293
2001_16_NYG_PHI,2001,16,NYG,1.293,0.277
2001_17_GB_NYG,2001,17,NYG,0.277,-0.629
2002_01_SF_NYG,2002,1,NYG,-0.403,-0.232
2002_02_NYG_LAR,2002,2,NYG,-0.232,0.081
2002_03_SEA_NYG,2002,3,NYG,0.081,1.15
2002_04_NYG_ARI,2002,4,NYG,1.15,0.006
2002_05_NYG_DAL,2002,5,NYG,0.006,-1.03
2002_06_ATL_NYG,2002,6,NYG,-1.03,-4.191
2002_08_NYG_PHI,2002,8,NYG,-4.191,-5.083
2002_09_JAX_NYG,2002,9,NYG,-5.083,-7.193
2002_10_NYG_MIN,2002,10,NYG,-7.193,-5.5
2002_11_WAS_NYG,2002,11,NYG,-5.5,-4.352
2002_12_NYG_HOU,2002,12,NYG,-4.352,-3.621
2002_13_TEN_NYG,2002,13,NYG,-3.621,-6.91
2002_14_NYG_WAS,2002,14,NYG,-6.91,-6.202
2002_15_DAL_NYG,2002,15,NYG,-6.202,-5.045
2002_16_NYG_IND,2002,16,NYG,-5.045,-5.649
2002_17_PHI_NYG,2002,17,NYG,-5.649,-4.818
2002_18_NYG_SF,2002,18,NYG,-4.818,-7.681
2003_01_LAR_NYG,2003,1,NYG,-4.924,-4.325
2003_02_DAL_NYG,2003,2,NYG,-4.325,-5.119
2003_03_NYG_WAS,2003,3,NYG,-5.119,-5.94
2003_05_MIA_NYG,2003,5,NYG,-5.94,-5.136
2003_06_NYG_NE,2003,6,NYG,-5.136,-3.419
2003_07_PHI_NYG,2003,7,NYG,-3.419,-0.45
2003_08_NYG_MIN,2003,8,NYG,-0.45,0.174
2003_09_NYG_NYJ,2003,9,NYG,0.174,-0.076
2003_10_ATL_NYG,2003,10,NYG,-0.076,0.461
2003_11_NYG_PHI,2003,11,NYG,0.461,-2.329
2003_12_NYG_TB,2003,12,NYG,-2.329,-2.172
2003_13_BUF_NYG,2003,13,NYG,-2.172,-3.651
2003_14_WAS_NYG,2003,14,NYG,-3.651,-4.942
2003_15_NYG_NO,2003,15,NYG,-4.942,-8.758
2003_16_NYG_DAL,2003,16,NYG,-8.758,-9.747
2003_17_CAR_NYG,2003,17,NYG,-9.747,-7.934
2004_01_NYG_PHI,2004,1,NYG,-5.085,-7.821
2004_02_WAS_NYG,2004,2,NYG,-7.821,-7.408
2004_03_CLE_NYG,2004,3,NYG,-7.408,-6.185
2004_04_NYG_GB,2004,4,NYG,-6.185,-5.436
2004_05_NYG_DAL,2004,5,NYG,-5.436,-4.337
2004_07_DET_NYG,2004,7,NYG,-4.337,-5.595
2004_08_NYG_MIN,2004,8,NYG,-5.595,-4.386
2004_09_CHI_NYG,2004,9,NYG,-4.386,-3.74
2004_10_NYG_ARI,2004,10,NYG,-3.74,-2.911
2004_11_ATL_NYG,2004,11,NYG,-2.911,-4.336
2004_12_PHI_NYG,2004,12,NYG,-4.336,-5.07
2004_13_NYG_WAS,2004,13,NYG,-5.07,-7.161
2004_14_NYG_BAL,2004,14,NYG,-7.161,-8.631
2004_15_PIT_NYG,2004,15,NYG,-8.631,-8.343
2004_16_NYG_CIN,2004,16,NYG,-8.343,-8.25
2004_17_DAL_NYG,2004,17,NYG,-8.25,-8.862
2005_01_ARI_NYG,2005,1,NYG,-5.681,-5.548
2005_02_NYG_NO,2005,2,NYG,-5.548,-4.67
2005_03_NYG_LAC,2005,3,NYG,-4.67,-6.137
2005_04_LAR_NYG,2005,4,NYG,-6.137,-7.322
2005_06_NYG_DAL,2005,6,NYG,-7.322,-7.519
2005_07_DEN_NYG,2005,7,NYG,-7.519,-8.253
2005_08_WAS_NYG,2005,8,NYG,-8.253,-5.098
2005_09_NYG_SF,2005,9,NYG,-5.098,-4.018
2005_10_MIN_NYG,2005,10,NYG,-4.018,-2.678
2005_11_PHI_NYG,2005,11,NYG,-2.678,-4.654
2005_12_NYG_SEA,2005,12,NYG,-4.654,-4.188
2005_13_DAL_NYG,2005,13,NYG,-4.188,-0.982
2005_14_NYG_PHI,2005,14,NYG,-0.982,0.312
2005_15_KC_NYG,2005,15,NYG,0.312,1.358
2005_16_NYG_WAS,2005,16,NYG,1.358,1.33
2005_17_NYG_OAK,2005,17,NYG,1.33,-0.663
2005_18_CAR_NYG,2005,18,NYG,-0.663,-0.116
2006_01_IND_NYG,2006,1,NYG,-0.075,0.413
2006_02_NYG_PHI,2006,2,NYG,0.413,-1.506
2006_03_NYG_SEA,2006,3,NYG,-1.506,-2.821
2006_05_WAS_NYG,2006,5,NYG,-2.821,-1.286
2006_06_NYG_ATL,2006,6,NYG,-1.286,0.058
2006_07_NYG_DAL,2006,7,NYG,0.058,1.071
2006_08_TB_NYG,2006,8,NYG,1.071,1.674
2006_09_HOU_NYG,2006,9,NYG,1.674,0.167
2006_10_CHI_NYG,2006,10,NYG,0.167,-0.775
2006_11_NYG_JAX,2006,11,NYG,-0.775,-2.102
2006_12_NYG_TEN,2006,12,NYG,-2.102,-5.561
2006_13_DAL_NYG,2006,13,NYG,-5.561,-4.95
2006_14_NYG_CAR,2006,14,NYG,-4.95,-5.632
2006_15_PHI_NYG,2006,15,NYG,-5.632,-5.506
2006_16_NO_NYG,2006,16,NYG,-5.506,-3.33
2006_17_NYG_WAS,2006,17,NYG,-3.33,-4.993
2006_18_NYG_PHI,2006,18,NYG,-4.993,-4.154
2007_01_NYG_DAL,2007,1,NYG,-2.663,-5.694
2007_02_GB_NYG,2007,2,NYG,-5.694,-7.627
2007_03_NYG_WAS,2007,3,NYG,-7.627,-7.115
2007_04_PHI_NYG,2007,4,NYG,-7.115,-1.926
2007_05_NYJ_NYG,2007,5,NYG,-1.926,-0.65
2007_06_NYG_ATL,2007,6,NYG,-0.65,1.158
2007_07_SF_NYG,2007,7,NYG,1.158,2.122
2007_08_NYG_MIA,2007,8,NYG,2.122,1.107
2007_10_DAL_NYG,2007,10,NYG,1.107,0.112
2007_11_NYG_DET,2007,11,NYG,0.112,0.161
2007_12_MIN_NYG,2007,12,NYG,0.161,-0.72
2007_13_NYG_CHI,2007,13,NYG,-0.72,-0.99
2007_14_NYG_PHI,2007,14,NYG,-0.99,-0.773
2007_15_WAS_NYG,2007,15,NYG,-0.773,0.058
2007_16_NYG_BUF,2007,16,NYG,0.058,1.788
2007_17_NE_NYG,2007,17,NYG,1.788,0.582
2007_18_NYG_TB,2007,18,NYG,0.582,1.265
2007_19_NYG_DAL,2007,19,NYG,1.265,2.345
2007_20_NYG_GB,2007,20,NYG,2.345,2.246
2007_21_NYG_NE,2007,21,NYG,2.246,4.039
2008_01_WAS_NYG,2008,1,NYG,2.589,2.696
2008_02_NYG_LAR,2008,2,NYG,2.696,3.702
2008_03_CIN_NYG,2008,3,NYG,3.702,3.251
2008_05_SEA_NYG,2008,5,NYG,3.251,4.476
2008_06_NYG_CLE,2008,6,NYG,4.476,2.011
2008_07_SF_NYG,2008,7,NYG,2.011,2.259
2008_08_NYG_PIT,2008,8,NYG,2.259,5.69
2008_09_DAL_NYG,2008,9,NYG,5.69,7.688
2008_10_NYG_PHI,2008,10,NYG,7.688,7.057
2008_11_BAL_NYG,2008,11,NYG,7.057,6.138
2008_12_NYG_ARI,2008,12,NYG,6.138,5.894
2008_13_NYG_WAS,2008,13,NYG,5.894,6.117
2008_14_PHI_NYG,2008,14,NYG,6.117,5.369
2008_15_NYG_DAL,2008,15,NYG,5.369,5.295
2008_16_CAR_NYG,2008,16,NYG,5.295,4.697
2008_17_NYG_MIN,2008,17,NYG,4.697,4.629
2008_19_PHI_NYG,2008,19,NYG,4.629,4.524
2009_01_WAS_NYG,2009,1,NYG,2.9,2.425
2009_02_NYG_DAL,2009,2,NYG,2.425,4.283
2009_03_NYG_TB,2009,3,NYG,4.283,5.827
2009_04_NYG_KC,2009,4,NYG,5.827,6.806
2009_05_OAK_NYG,2009,5,NYG,6.806,7.823
2009_06_NYG_NO,2009,6,NYG,7.823,4.599
2009_07_ARI_NYG,2009,7,NYG,4.599,5.71
2009_08_NYG_PHI,2009,8,NYG,5.71,3.878
2009_09_LAC_NYG,2009,9,NYG,3.878,3.807
2009_11_ATL_NYG,2009,11,NYG,3.807,2.609
2009_12_NYG_DEN,2009,12,NYG,2.609,2.351
2009_13_DAL_NYG,2009,13,NYG,2.351,-0.778
2009_14_PHI_NYG,2009,14,NYG,-0.778,-1.411
2009_15_NYG_WAS,2009,15,NYG,-1.411,0.254
2009_16_CAR_NYG,2009,16,NYG,0.254,-1.612
2009_17_NYG_MIN,2009,17,NYG,-1.612,-4.538
2010_01_CAR_NYG,2010,1,NYG,-2.909,-0.305
2010_02_NYG_IND,2010,2,NYG,-0.305,-1.044
2010_03_TEN_NYG,2010,3,NYG,-1.044,-0.876
2010_04_CHI_NYG,2010,4,NYG,-0.876,3.236
2010_05_NYG_HOU,2010,5,NYG,3.236,5.567
2010_06_DET_NYG,2010,6,NYG,5.567,5.547
2010_07_NYG_DAL,2010,7,NYG,5.547,6.585
2010_09_NYG_SEA,2010,9,NYG,6.585,6.829
2010_10_DAL_NYG,2010,10,NYG,6.829,4.412
2010_11_NYG_PHI,2010,11,NYG,4.412,4.129
2010_12_JAX_NYG,2010,12,NYG,4.129,4.796
2010_13_WAS_NYG,2010,13,NYG,4.796,5.15
2010_14_NYG_MIN,2010,14,NYG,5.15,7.284
2010_15_PHI_NYG,2010,15,NYG,7.284,4.411
2010_16_NYG_GB,2010,16,NYG,4.411,1.44
2010_17_NYG_WAS,2010,17,NYG,1.44,-0.228
2011_01_NYG_WAS,2011,1,NYG,-0.146,-1.35
2011_02_LAR_NYG,2011,2,NYG,-1.35,-2.103
2011_03_NYG_PHI,2011,3,NYG,-2.103,-1.158
2011_04_NYG_ARI,2011,4,NYG,-1.158,0.098
2011_05_SEA_NYG,2011,5,NYG,0.098,0.673
2011_06_BUF_NYG,2011,6,NYG,0.673,0.901
2011_08_MIA_NYG,2011,8,NYG,0.901,1.343
2011_09_NYG_NE,2011,9,NYG,1.343,2.103
2011_10_NYG_SF,2011,10,NYG,2.103,1.619
2011_11_PHI_NYG,2011,11,NYG,1.619,1.865
2011_12_NYG_NO,2011,12,NYG,1.865,-0.802
2011_13_GB_NYG,2011,13,NYG,-0.802,-1.689
2011_14_NYG_DAL,2011,14,NYG,-1.689,-3.213
2011_15_WAS_NYG,2011,15,NYG,-3.213,-2.879
2011_16_NYG_NYJ,2011,16,NYG,-2.879,-1.433
2011_17_DAL_NYG,2011,17,NYG,-1.433,-1.013
2011_18_ATL_NYG,2011,18,NYG,-1.013,0.115
2011_19_NYG_GB,2011,19,NYG,0.115,0.771
2011_20_NYG_SF,2011,20,NYG,0.771,0.263
2011_21_NYG_NE,2011,21,NYG,0.263,0.987
2012_01_DAL_NYG,2012,1,NYG,0.633,-0.648
2012_02_TB_NYG,2012,2,NYG,-0.648,0.005
2012_03_NYG_CAR,2012,3,NYG,0.005,2.121
2012_04_NYG_PHI,2012,4,NYG,2.121,1.206
2012_05_CLE_NYG,2012,5,NYG,1.206,-0.147
2012_06_NYG_SF,2012,6,NYG,-0.147,2.579
2012_07_WAS_NYG,2012,7,NYG,2.579,1.001
2012_08_NYG_DAL,2012,8,NYG,1.001,2.049
2012_09_PIT_NYG,2012,9,NYG,2.049,3.055
2012_10_NYG_CIN,2012,10,NYG,3.055,0.679
2012_12_GB_NYG,2012,12,NYG,0.679,2.582
2012_13_NYG_WAS,2012,13,NYG,2.582,1.665
2012_14_NO_NYG,2012,14,NYG,1.665,2.152
2012_15_NYG_ATL,2012,15,NYG,2.152,0.372
2012_16_NYG_BAL,2012,16,NYG,0.372,-2.224
2012_17_PHI_NYG,2012,17,NYG,-2.224,-1.831
2013_01_NYG_DAL,2013,1,NYG,-1.174,-1.675
2013_02_DEN_NYG,2013,2,NYG,-1.675,-2.423
2013_03_NYG_CAR,2013,3,NYG,-2.423,-3.95
2013_04_NYG_KC,2013,4,NYG,-3.95,-4.871
2013_05_PHI_NYG,2013,5,NYG,-4.871,-4.664
2013_06_NYG_CHI,2013,6,NYG,-4.664,-6.402
2013_07_MIN_NYG,2013,7,NYG,-6.402,-4.173
2013_08_NYG_PHI,2013,8,NYG,-4.173,-1.695
2013_11_GB_NYG,2013,11,NYG,-1.695,-2.474
2013_12_DAL_NYG,2013,12,NYG,-2.474,-1.438
2013_13_NYG_WAS,2013,13,NYG,-1.438,-2.364
2013_14_NYG_LAC,2013,14,NYG,-2.364,-3.102
2013_15_SEA_NYG,2013,15,NYG,-3.102,-2.138
2013_16_NYG_DET,2013,16,NYG,-2.138,-0.16
2013_17_WAS_NYG,2013,17,NYG,-0.16,2.872
2014_01_NYG_DET,2014,1,NYG,1.841,-0.574
2014_02_ARI_NYG,2014,2,NYG,-0.574,0.815
2014_03_HOU_NYG,2014,3,NYG,0.815,0.911
2014_04_NYG_WAS,2014,4,NYG,0.911,2.187
2014_05_ATL_NYG,2014,5,NYG,2.187,2.024
2014_06_NYG_PHI,2014,6,NYG,2.024,2.358
2014_07_NYG_DAL,2014,7,NYG,2.358,1.65
2014_09_IND_NYG,2014,9,NYG,1.65,0.414
2014_10_NYG_SEA,2014,10,NYG,0.414,0.352
2014_11_SF_NYG,2014,11,NYG,0.352,0.539
2014_12_DAL_NYG,2014,12,NYG,0.539,-0.791
2014_13_NYG_JAX,2014,13,NYG,-0.791,-0.966
2014_14_NYG_TEN,2014,14,NYG,-0.966,1.186
2014_15_WAS_NYG,2014,15,NYG,1.186,1.493
2014_16_NYG_LAR,2014,16,NYG,1.493,0.132
2014_17_PHI_NYG,2014,17,NYG,0.132,-0.5
2015_01_NYG_DAL,2015,1,NYG,-0.32,-2.379
2015_02_ATL_NYG,2015,2,NYG,-2.379,-3.058
2015_03_WAS_NYG,2015,3,NYG,-3.058,-3.194
2015_04_NYG_BUF,2015,4,NYG,-3.194,-3.743
2015_05_SF_NYG,2015,5,NYG,-3.743,-5.172
2015_06_NYG_PHI,2015,6,NYG,-5.172,-4.059
2015_07_DAL_NYG,2015,7,NYG,-4.059,-3.578
2015_08_NYG_NO,2015,8,NYG,-3.578,-7.985
2015_09_NYG_TB,2015,9,NYG,-7.985,-8.77
2015_10_NE_NYG,2015,10,NYG,-8.77,-7.699
2015_12_NYG_WAS,2015,12,NYG,-7.699,-9.205
2015_13_NYJ_NYG,2015,13,NYG,-9.205,-11.126
2015_14_NYG_MIA,2015,14,NYG,-11.126,-11.473
2015_15_CAR_NYG,2015,15,NYG,-11.473,-14.159
2015_16_NYG_MIN,2015,16,NYG,-14.159,-13.651
2015_17_PHI_NYG,2015,17,NYG,-13.651,-15.102
2016_01_NYG_DAL,2016,1,NYG,-9.68,-10.071
2016_02_NO_NYG,2016,2,NYG,-10.071,-8.984
2016_03_WAS_NYG,2016,3,NYG,-8.984,-8.677
2016_04_NYG_MIN,2016,4,NYG,-8.677,-9.611
2016_05_NYG_GB,2016,5,NYG,-9.611,-8.334
2016_06_BAL_NYG,2016,6,NYG,-8.334,-7.629
2016_07_NYG_LAR,2016,7,NYG,-7.629,-5.811
2016_09_PHI_NYG,2016,9,NYG,-5.811,-4.85
2016_10_CIN_NYG,2016,10,NYG,-4.85,-3.234
2016_11_CHI_NYG,2016,11,NYG,-3.234,-2.36
2016_12_NYG_CLE,2016,12,NYG,-2.36,-1.49
2016_13_NYG_PIT,2016,13,NYG,-1.49,-1.636
2016_14_DAL_NYG,2016,14,NYG,-1.636,1.498
2016_15_DET_NYG,2016,15,NYG,1.498,2.012
2016_16_NYG_PHI,2016,16,NYG,2.012,1.839
2016_17_NYG_WAS,2016,17,NYG,1.839,4.059
2016_18_NYG_GB,2016,18,NYG,4.059,3.421
2017_01_NYG_DAL,2017,1,NYG,2.193,1.537
2017_02_DET_NYG,2017,2,NYG,1.537,1.976
2017_03_NYG_PHI,2017,3,NYG,1.976,2.05
2017_04_NYG_TB,2017,4,NYG,2.05,0.083
2017_05_LAC_NYG,2017,5,NYG,0.083,0.135
2017_06_NYG_DEN,2017,6,NYG,0.135,0.341
2017_07_SEA_NYG,2017,7,NYG,0.341,-1.821
2017_09_LAR_NYG,2017,9,NYG,-1.821,-4.587
2017_10_NYG_SF,2017,10,NYG,-4.587,-7.369
2017_11_KC_NYG,2017,11,NYG,-7.369,-6.195
2017_12_NYG_WAS,2017,12,NYG,-6.195,-3.88
2017_13_NYG_OAK,2017,13,NYG,-3.88,-4.083
2017_14_DAL_NYG,2017,14,NYG,-4.083,-6.296
2017_15_PHI_NYG,2017,15,NYG,-6.296,-8.065
2017_16_NYG_ARI,2017,16,NYG,-8.065,-7.296
2017_17_WAS_NYG,2017,17,NYG,-7.296,-4.846
2018_01_JAX_NYG,2018,1,NYG,-3.106,-2.639
2018_02_NYG_DAL,2018,2,NYG,-2.639,-3.427
2018_03_NYG_HOU,2018,3,NYG,-3.427,-4.372
2018_04_NO_NYG,2018,4,NYG,-4.372,-2.035
2018_05_NYG_CAR,2018,5,NYG,-2.035,-1.511
2018_06_PHI_NYG,2018,6,NYG,-1.511,-3.235
2018_07_NYG_ATL,2018,7,NYG,-3.235,-3.868
2018_08_WAS_NYG,2018,8,NYG,-3.868,-4.059
2018_10_NYG_SF,2018,10,NYG,-4.059,-4.754
2018_11_TB_NYG,2018,11,NYG,-4.754,-2.726
2018_12_NYG_PHI,2018,12,NYG,-2.726,-2.166
2018_13_CHI_NYG,2018,13,NYG,-2.166,-1.609
2018_14_NYG_WAS,2018,14,NYG,-1.609,1.703
2018_15_TEN_NYG,2018,15,NYG,1.703,2.605
2018_16_NYG_IND,2018,16,NYG,2.605,1.773
2018_17_DAL_NYG,2018,17,NYG,1.773,0.191
2019_01_NYG_DAL,2019,1,NYG,0.123,-3.459
2019_02_BUF_NYG,2019,2,NYG,-3.459,-3.934
2019_03_NYG_TB,2019,3,NYG,-3.934,-4.627
2019_04_WAS_NYG,2019,4,NYG,-4.627,-2.059
2019_05_MIN_NYG,2019,5,NYG,-2.059,-3.22
2019_06_NYG_NE,2019,6,NYG,-3.22,-3.777
2019_07_ARI_NYG,2019,7,NYG,-3.777,-2.376
2019_08_NYG_DET,2019,8,NYG,-2.376,-2.893
2019_09_DAL_NYG,2019,9,NYG,-2.893,-3.362
2019_10_NYG_NYJ,2019,10,NYG,-3.362,-4.997
2019_12_NYG_CHI,2019,12,NYG,-4.997,-5.134
2019_13_GB_NYG,2019,13,NYG,-5.134,-6.879
2019_14_NYG_PHI,2019,14,NYG,-6.879,-7.542
2019_15_MIA_NYG,2019,15,NYG,-7.542,-8.331
2019_16_NYG_WAS,2019,16,NYG,-8.331,-8.666
2019_17_PHI_NYG,2019,17,NYG,-8.666,-8.445
2020_01_PIT_NYG,2020,1,NYG,-5.413,-5.909
2020_02_NYG_CHI,2020,2,NYG,-5.909,-4.4
2020_03_SF_NYG,2020,3,NYG,-4.4,-5.62
2020_04_NYG_LAR,2020,4,NYG,-5.62,-5.14
2020_05_NYG_DAL,2020,5,NYG,-5.14,-2.655
2020_06_WAS_NYG,2020,6,NYG,-2.655,-3.813
2020_07_NYG_PHI,2020,7,NYG,-3.813,-4.606
2020_08_TB_NYG,2020,8,NYG,-4.606,-4.594
2020_09_NYG_WAS,2020,9,NYG,-4.594,-3.696
2020_10_PHI_NYG,2020,10,NYG,-3.696,-2.755
2020_12_NYG_CIN,2020,12,NYG,-2.755,-2.042
2020_13_NYG_SEA,2020,13,NYG,-2.042,-0.684
2020_14_ARI_NYG,2020,14,NYG,-0.684,-1.031
2020_15_CLE_NYG,2020,15,NYG,-1.031,-3.042
2020_16_NYG_BAL,2020,16,NYG,-3.042,-3.84
2020_17_DAL_NYG,2020,17,NYG,-3.84,-2.459
2021_01_DEN_NYG,2021,1,NYG,-1.576,-3.22
2021_02_NYG_WAS,2021,2,NYG,-3.22,-5.56
2021_03_ATL_NYG,2021,3,NYG,-5.56,-5.851
2021_04_NYG_NO,2021,4,NYG,-5.851,-6.434
2021_05_NYG_DAL,2021,5,NYG,-6.434,-6.232
2021_06_LAR_NYG,2021,6,NYG,-6.232,-7.142
2021_07_CAR_NYG,2021,7,NYG,-7.142,-5.028
2021_08_NYG_KC,2021,8,NYG,-5.028,-3.479
2021_09_OAK_NYG,2021,9,NYG,-3.479,-2.665
2021_11_NYG_TB,2021,11,NYG,-2.665,-2.774
2021_12_PHI_NYG,2021,12,NYG,-2.774,-0.387
2021_13_NYG_MIA,2021,13,NYG,-0.387,-1.286
2021_14_NYG_LAC,2021,14,NYG,-1.286,-2.132
2021_15_DAL_NYG,2021,15,NYG,-2.132,-1.579
2021_16_NYG_PHI,2021,16,NYG,-1.579,-1.525
2021_17_NYG_CHI,2021,17,NYG,-1.525,-0.739
2021_18_WAS_NYG,2021,18,NYG,-0.739,0.703
2022_01_NYG_TEN,2022,1,NYG,0.451,-0.246
2022_02_CAR_NYG,2022,2,NYG,-0.246,0.115
2022_03_DAL_NYG,2022,3,NYG,0.115,-0.883
2022_04_CHI_NYG,2022,4,NYG,-0.883,0.1
2022_05_NYG_GB,2022,5,NYG,0.1,0.312
2022_06_BAL_NYG,2022,6,NYG,0.312,0.753
2022_07_NYG_JAX,2022,7,NYG,0.753,0.15
2022_08_NYG_SEA,2022,8,NYG,0.15,-0.33
2022_10_HOU_NYG,2022,10,NYG,-0.33,-0.272
2022_11_DET_NYG,2022,11,NYG,-0.272,0.124
2022_12_NYG_DAL,2022,12,NYG,0.124,0.35
2022_13_WAS_NYG,2022,13,NYG,0.35,-0.252
2022_14_PHI_NYG,2022,14,NYG,-0.252,-1.068
2022_15_NYG_WAS,2022,15,NYG,-1.068,-1.845
2022_16_NYG_MIN,2022,16,NYG,-1.845,-2.778
2022_17_IND_NYG,2022,17,NYG,-2.778,-1.527
2022_18_NYG_PHI,2022,18,NYG,-1.527,1.312
2022_19_NYG_MIN,2022,19,NYG,1.312,-1.198
2022_20_NYG_PHI,2022,20,NYG,-1.198,-1.314
2023_01_DAL_NYG,2023,1,NYG,-0.842,0.481
2023_02_NYG_ARI,2023,2,NYG,0.481,-2.412
2023_03_NYG_SF,2023,3,NYG,-2.412,-3.515
2023_04_SEA_NYG,2023,4,NYG,-3.515,-2.202
2023_05_NYG_MIA,2023,5,NYG,-2.202,-2.147
2023_06_NYG_BUF,2023,6,NYG,-2.147,-1.032
2023_07_WAS_NYG,2023,7,NYG,-1.032,0.502
2023_08_NYJ_NYG,2023,8,NYG,0.502,0.618
2023_09_NYG_OAK,2023,9,NYG,0.618,-0.283
2023_10_NYG_DAL,2023,10,NYG,-0.283,-3.728
2023_11_NYG_WAS,2023,11,NYG,-3.728,-3.444
2023_12_NE_NYG,2023,12,NYG,-3.444,-1.266
2023_14_GB_NYG,2023,14,NYG,-1.266,-0.557
2023_15_NYG_NO,2023,15,NYG,-0.557,-2.144
2023_16_NYG_PHI,2023,16,NYG,-2.144,-2.439
2023_17_LAR_NYG,2023,17,NYG,-2.439,-1.264
2023_18_PHI_NYG,2023,18,NYG,-1.264,2.383
2024_01_MIN_NYG,2024,1,NYG,1.528,0.614
2024_02_NYG_WAS,2024,2,NYG,0.614,0.539
2024_03_NYG_CLE,2024,3,NYG,0.539,1.982
2024_04_DAL_NYG,2024,4,NYG,1.982,1.353
2024_05_NYG_SEA,2024,5,NYG,1.353,0.907
2024_06_CIN_NYG,2024,6,NYG,0.907,0.966
2024_07_PHI_NYG,2024,7,NYG,0.966,1.407
2024_08_NYG_PIT,2024,8,NYG,1.407,1.707
2024_09_WAS_NYG,2024,9,NYG,1.707,0.628
2024_10_NYG_CAR,2024,10,NYG,0.628,-0.323
2024_12_TB_NYG,2024,12,NYG,-0.323,-2.38
2024_13_NYG_DAL,2024,13,NYG,-2.38,-2.638
2024_14_NO_NYG,2024,14,NYG,-2.638,-2.194
2024_15_BAL_NYG,2024,15,NYG,-2.194,-4.661
2024_16_NYG_ATL,2024,16,NYG,-4.661,-4.279
2024_17_IND_NYG,2024,17,NYG,-4.279,-4.645
2024_18_NYG_PHI,2024,18,NYG,-4.645,-6.309
2025_01_NYG_WAS,2025,1,NYG,-4.044,-4.107
2025_02_NYG_DAL,2025,2,NYG,-4.107,-5.042
2025_03_KC_NYG,2025,3,NYG,-5.042,-3.549
2025_04_LAC_NYG,2025,4,NYG,-3.549,-1.976
2025_05_NYG_NO,2025,5,NYG,-1.976,-3.26
2025_06_PHI_NYG,2025,6,NYG,-3.26,-3.152
2025_07_NYG_DEN,2025,7,NYG,-3.152,-4.791
2025_08_NYG_PHI,2025,8,NYG,-4.791,-4.824
2025_09_SF_NYG,2025,9,NYG,-4.824,-5.653
2025_10_NYG_CHI,2025,10,NYG,-5.653,-7.237
2025_11_GB_NYG,2025,11,NYG,-7.237,-6.482
2025_12_NYG_DET,2025,12,NYG,-6.482,-5.886
2025_13_NYG_NE,2025,13,NYG,-5.886,-6.437
2025_15_WAS_NYG,2025,15,NYG,-6.437,-6.565
2025_16_MIN_NYG,2025,16,NYG,-6.565,-5.986
2025_17_NYG_OAK,2025,17,NYG,-5.986,-4.797
2025_18_DAL_NYG,2025,18,NYG,-4.797,-2.692
2026_01_DAL_NYG,2026,1,NYG,-1.726,-1.461
1999_01_NE_NYJ,1999,1,NYJ,0.0,-1.462
1999_02_NYJ_BUF,1999,2,NYJ,-1.462,-4.282
1999_03_WAS_NYJ,1999,3,NYJ,-4.282,-4.869
1999_04_NYJ_DEN,1999,4,NYJ,-4.869,-3.719
1999_05_JAX_NYJ,1999,5,NYJ,-3.719,-4.21
1999_06_IND_NYJ,1999,6,NYJ,-4.21,-4.13
1999_07_NYJ_OAK,1999,7,NYJ,-4.13,-6.108
1999_09_ARI_NYJ,1999,9,NYJ,-6.108,-5.469
1999_10_NYJ_NE,1999,10,NYJ,-5.469,-3.526
1999_11_BUF_NYJ,1999,11,NYJ,-3.526,-3.28
1999_12_NYJ_IND,1999,12,NYJ,-3.28,-2.878
1999_13_NYJ_NYG,1999,13,NYJ,-2.878,-6.112
1999_14_MIA_NYJ,1999,14,NYJ,-6.112,-4.382
1999_15_NYJ_DAL,1999,15,NYJ,-4.382,-3.074
1999_16_NYJ_MIA,1999,16,NYJ,-3.074,-4.158
1999_17_SEA_NYJ,1999,17,NYJ,-4.158,-2.818
2000_01_NYJ_GB,2000,1,NYJ,-1.806,-0.88
2000_02_NE_NYJ,2000,2,NYJ,-0.88,-0.614
2000_03_BUF_NYJ,2000,3,NYJ,-0.614,-2.247
2000_04_NYJ_TB,2000,4,NYJ,-2.247,-0.684
2000_06_PIT_NYJ,2000,6,NYJ,-0.684,-2.029
2000_07_NYJ_NE,2000,7,NYJ,-2.029,0.635
2000_08_MIA_NYJ,2000,8,NYJ,0.635,0.519
2000_09_NYJ_BUF,2000,9,NYJ,0.519,0.277
2000_10_DEN_NYJ,2000,10,NYJ,0.277,-0.941
2000_11_NYJ_IND,2000,11,NYJ,-0.941,-0.714
2000_12_NYJ_MIA,2000,12,NYJ,-0.714,0.913
2000_13_CHI_NYJ,2000,13,NYJ,0.913,1.274
2000_14_IND_NYJ,2000,14,NYJ,1.274,2.28
2000_15_NYJ_OAK,2000,15,NYJ,2.28,3.158
2000_16_DET_NYJ,2000,16,NYJ,3.158,4.634
2000_17_NYJ_BAL,2000,17,NYJ,4.634,6.37
2001_01_IND_NYJ,2001,1,NYJ,4.083,3.722
2001_02_NYJ_NE,2001,2,NYJ,3.722,4.321
2001_03_SF_NYJ,2001,3,NYJ,4.321,4.564
2001_04_NYJ_BUF,2001,4,NYJ,4.564,4.028
2001_05_MIA_NYJ,2001,5,NYJ,4.028,3.305
2001_06_LAR_NYJ,2001,6,NYJ,3.305,3.368
2001_07_NYJ_CAR,2001,7,NYJ,3.368,5.059
2001_08_NYJ_NO,2001,8,NYJ,5.059,7.276
2001_09_KC_NYJ,2001,9,NYJ,7.276,8.999
2001_10_NYJ_MIA,2001,10,NYJ,8.999,10.052
2001_12_NE_NYJ,2001,12,NYJ,10.052,9.411
2001_13_NYJ_PIT,2001,13,NYJ,9.411,8.853
2001_14_CIN_NYJ,2001,14,NYJ,8.853,8.096
2001_15_NYJ_IND,2001,15,NYJ,8.096,7.287
2001_16_BUF_NYJ,2001,16,NYJ,7.287,5.591
2001_17_NYJ_OAK,2001,17,NYJ,5.591,5.465
2001_18_NYJ_OAK,2001,18,NYJ,5.465,3.554
2002_01_NYJ_BUF,2002,1,NYJ,2.278,2.457
2002_02_NE_NYJ,2002,2,NYJ,2.457,0.563
2002_03_NYJ_MIA,2002,3,NYJ,0.563,0.434
2002_05_KC_NYJ,2002,5,NYJ,0.434,-0.94
2002_07_MIN_NYJ,2002,7,NYJ,-0.94,-0.773
2002_08_CLE_NYJ,2002,8,NYJ,-0.773,-3.134
2002_09_NYJ_LAC,2002,9,NYJ,-3.134,-2.605
2002_10_MIA_NYJ,2002,10,NYJ,-2.605,-3.599
2002_11_NYJ_DET,2002,11,NYJ,-3.599,-4.004
2002_12_BUF_NYJ,2002,12,NYJ,-4.004,-2.65
2002_13_NYJ_OAK,2002,13,NYJ,-2.65,-2.945
2002_14_DEN_NYJ,2002,14,NYJ,-2.945,-3.81
2002_15_NYJ_CHI,2002,15,NYJ,-3.81,-4.555
2002_16_NYJ_NE,2002,16,NYJ,-4.555,-3.646
2002_17_GB_NYJ,2002,17,NYJ,-3.646,-2.894
2002_18_IND_NYJ,2002,18,NYJ,-2.894,0.017
2002_19_NYJ_OAK,2002,19,NYJ,0.017,-0.04
2003_01_NYJ_WAS,2003,1,NYJ,-0.026,-0.448
2003_02_MIA_NYJ,2003,2,NYJ,-0.448,-2.363
2003_03_NYJ_NE,2003,3,NYJ,-2.363,-1.51
2003_04_DAL_NYJ,2003,4,NYJ,-1.51,-0.565
2003_06_BUF_NYJ,2003,6,NYJ,-0.565,1.698
2003_07_NYJ_HOU,2003,7,NYJ,1.698,1.119
2003_08_NYJ_PHI,2003,8,NYJ,1.119,1.559
2003_09_NYG_NYJ,2003,9,NYJ,1.559,0.146
2003_10_NYJ_OAK,2003,10,NYJ,0.146,-1.542
2003_11_NYJ_IND,2003,11,NYJ,-1.542,-3.045
2003_12_JAX_NYJ,2003,12,NYJ,-3.045,-2.215
2003_13_TEN_NYJ,2003,13,NYJ,-2.215,-1.079
2003_14_NYJ_BUF,2003,14,NYJ,-1.079,-0.293
2003_15_PIT_NYJ,2003,15,NYJ,-0.293,0.298
2003_16_NE_NYJ,2003,16,NYJ,0.298,-0.368
2003_17_NYJ_MIA,2003,17,NYJ,-0.368,-1.788
2004_01_CIN_NYJ,2004,1,NYJ,-1.146,-2.503
2004_02_NYJ_LAC,2004,2,NYJ,-2.503,-1.193
2004_04_NYJ_MIA,2004,4,NYJ,-1.193,0.138
2004_05_BUF_NYJ,2004,5,NYJ,0.138,0.151
2004_06_SF_NYJ,2004,6,NYJ,0.151,-0.258
2004_07_NYJ_NE,2004,7,NYJ,-0.258,-0.284
2004_08_MIA_NYJ,2004,8,NYJ,-0.284,0.192
2004_09_NYJ_BUF,2004,9,NYJ,0.192,-1.56
2004_10_BAL_NYJ,2004,10,NYJ,-1.56,-2.646
2004_11_NYJ_CLE,2004,11,NYJ,-2.646,-2.406
2004_12_NYJ_ARI,2004,12,NYJ,-2.406,-1.979
2004_13_HOU_NYJ,2004,13,NYJ,-1.979,-0.329
2004_14_NYJ_PIT,2004,14,NYJ,-0.329,1.74
2004_15_SEA_NYJ,2004,15,NYJ,1.74,1.589
2004_16_NE_NYJ,2004,16,NYJ,1.589,0.157
2004_17_NYJ_LAR,2004,17,NYJ,0.157,-1.917
2004_18_NYJ_LAC,2004,18,NYJ,-1.917,-3.202
2004_19_NYJ_PIT,2004,19,NYJ,-3.202,-2.896
2005_01_NYJ_KC,2005,1,NYJ,-1.856,-0.601
2005_02_MIA_NYJ,2005,2,NYJ,-0.601,0.533
2005_03_JAX_NYJ,2005,3,NYJ,0.533,-0.013
2005_04_NYJ_BAL,2005,4,NYJ,-0.013,-0.384
2005_05_TB_NYJ,2005,5,NYJ,-0.384,0.084
2005_06_NYJ_BUF,2005,6,NYJ,0.084,0.007
2005_07_NYJ_ATL,2005,7,NYJ,0.007,2.371
2005_09_LAC_NYJ,2005,9,NYJ,2.371,1.821
2005_10_NYJ_CAR,2005,10,NYJ,1.821,3.451
2005_11_NYJ_DEN,2005,11,NYJ,3.451,3.59
2005_12_NO_NYJ,2005,12,NYJ,3.59,1.791
2005_13_NYJ_NE,2005,13,NYJ,1.791,0.914
2005_14_OAK_NYJ,2005,14,NYJ,0.914,2.829
2005_15_NYJ_MIA,2005,15,NYJ,2.829,3.601
2005_16_NE_NYJ,2005,16,NYJ,3.601,4.362
2005_17_BUF_NYJ,2005,17,NYJ,4.362,5.731
2006_01_NYJ_TEN,2006,1,NYJ,3.674,5.275
2006_02_NE_NYJ,2006,2,NYJ,5.275,5.823
2006_03_NYJ_BUF,2006,3,NYJ,5.823,3.726
2006_04_IND_NYJ,2006,4,NYJ,3.726,3.401
2006_05_NYJ_JAX,2006,5,NYJ,3.401,3.456
2006_06_MIA_NYJ,2006,6,NYJ,3.456,2.491
2006_07_DET_NYJ,2006,7,NYJ,2.491,1.212
2006_08_NYJ_CLE,2006,8,NYJ,1.212,1.103
2006_10_NYJ_NE,2006,10,NYJ,1.103,1.642
2006_11_CHI_NYJ,2006,11,NYJ,1.642,1.922
2006_12_HOU_NYJ,2006,12,NYJ,1.922,0.816
2006_13_NYJ_GB,2006,13,NYJ,0.816,1.091
2006_14_BUF_NYJ,2006,14,NYJ,1.091,0.531
2006_15_NYJ_MIN,2006,15,NYJ,0.531,1.159
2006_16_NYJ_MIA,2006,16,NYJ,1.159,1.961
2006_17_OAK_NYJ,2006,17,NYJ,1.961,2.579
2006_18_NYJ_NE,2006,18,NYJ,2.579,1.53
2007_01_NE_NYJ,2007,1,NYJ,0.981,-1.758
2007_02_NYJ_BAL,2007,2,NYJ,-1.758,-3.406
2007_03_MIA_NYJ,2007,3,NYJ,-3.406,-4.362
2007_04_NYJ_BUF,2007,4,NYJ,-4.362,-5.536
2007_05_NYJ_NYG,2007,5,NYJ,-5.536,-6.031
2007_06_PHI_NYJ,2007,6,NYJ,-6.031,-5.692
2007_07_NYJ_CIN,2007,7,NYJ,-5.692,-5.327
2007_08_BUF_NYJ,2007,8,NYJ,-5.327,-5.17
2007_09_WAS_NYJ,2007,9,NYJ,-5.17,-4.575
2007_11_PIT_NYJ,2007,11,NYJ,-4.575,-2.099
2007_12_NYJ_DAL,2007,12,NYJ,-2.099,-1.489
2007_13_NYJ_MIA,2007,13,NYJ,-1.489,0.278
2007_14_CLE_NYJ,2007,14,NYJ,0.278,0.222
2007_15_NYJ_NE,2007,15,NYJ,0.222,3.199
2007_16_NYJ_TEN,2007,16,NYJ,3.199,4.823
2007_17_KC_NYJ,2007,17,NYJ,4.823,4.843
2008_01_NYJ_MIA,2008,1,NYJ,3.104,2.961
2008_02_NE_NYJ,2008,2,NYJ,2.961,2.6
2008_03_NYJ_LAC,2008,3,NYJ,2.6,1.036
2008_04_ARI_NYJ,2008,4,NYJ,1.036,0.373
2008_06_CIN_NYJ,2008,6,NYJ,0.373,0.108
2008_07_NYJ_OAK,2008,7,NYJ,0.108,-0.361
2008_08_KC_NYJ,2008,8,NYJ,-0.361,-2.675
2008_09_NYJ_BUF,2008,9,NYJ,-2.675,-2.143
2008_10_LAR_NYJ,2008,10,NYJ,-2.143,-0.724
2008_11_NYJ_NE,2008,11,NYJ,-0.724,-4.22
2008_12_NYJ_TEN,2008,12,NYJ,-4.22,-4.484
2008_13_DEN_NYJ,2008,13,NYJ,-4.484,-5.536
2008_14_NYJ_SF,2008,14,NYJ,-5.536,-7.241
2008_15_BUF_NYJ,2008,15,NYJ,-7.241,-6.461
2008_16_NYJ_SEA,2008,16,NYJ,-6.461,-7.306
2008_17_MIA_NYJ,2008,17,NYJ,-7.306,-8.044
2009_01_NYJ_HOU,2009,1,NYJ,-5.156,-3.351
2009_02_NE_NYJ,2009,2,NYJ,-3.351,-1.172
2009_03_TEN_NYJ,2009,3,NYJ,-1.172,0.955
2009_04_NYJ_NO,2009,4,NYJ,0.955,1.739
2009_05_NYJ_MIA,2009,5,NYJ,1.739,-0.908
2009_06_BUF_NYJ,2009,6,NYJ,-0.908,-0.559
2009_07_NYJ_OAK,2009,7,NYJ,-0.559,0.745
2009_08_MIA_NYJ,2009,8,NYJ,0.745,1.984
2009_10_JAX_NYJ,2009,10,NYJ,1.984,1.158
2009_11_NYJ_NE,2009,11,NYJ,1.158,1.071
2009_12_CAR_NYJ,2009,12,NYJ,1.071,4.674
2009_13_NYJ_BUF,2009,13,NYJ,4.674,6.069
2009_14_NYJ_TB,2009,14,NYJ,6.069,8.957
2009_15_ATL_NYJ,2009,15,NYJ,8.957,8.583
2009_16_NYJ_IND,2009,16,NYJ,8.583,9.133
2009_17_CIN_NYJ,2009,17,NYJ,9.133,10.891
2009_18_NYJ_CIN,2009,18,NYJ,10.891,11.725
2009_19_NYJ_LAC,2009,19,NYJ,11.725,11.534
2009_20_NYJ_IND,2009,20,NYJ,11.534,9.675
2010_01_BAL_NYJ,2010,1,NYJ,6.202,6.626
2010_02_NE_NYJ,2010,2,NYJ,6.626,7.536
2010_03_NYJ_MIA,2010,3,NYJ,7.536,5.894
2010_04_NYJ_BUF,2010,4,NYJ,5.894,4.723
2010_05_MIN_NYJ,2010,5,NYJ,4.723,5.256
2010_06_NYJ_DEN,2010,6,NYJ,5.256,5.733
2010_08_GB_NYJ,2010,8,NYJ,5.733,7.493
2010_09_NYJ_DET,2010,9,NYJ,7.493,5.638
2010_10_NYJ_CLE,2010,10,NYJ,5.638,4.757
2010_11_HOU_NYJ,2010,11,NYJ,4.757,4.389
2010_12_CIN_NYJ,2010,12,NYJ,4.389,6.956
2010_13_NYJ_NE,2010,13,NYJ,6.956,5.041
2010_14_MIA_NYJ,2010,14,NYJ,5.041,7.434
2010_15_NYJ_PIT,2010,15,NYJ,7.434,7.084
2010_16_NYJ_CHI,2010,16,NYJ,7.084,6.018
2010_17_BUF_NYJ,2010,17,NYJ,6.018,8.556
2010_18_NYJ_IND,2010,18,NYJ,8.556,8.453
2010_19_NYJ_NE,2010,19,NYJ,8.453,9.134
2010_20_NYJ_PIT,2010,20,NYJ,9.134,10.434
2011_01_DAL_NYJ,2011,1,NYJ,6.688,6.349
2011_02_JAX_NYJ,2011,2,NYJ,6.349,9.431
2011_03_NYJ_OAK,2011,3,NYJ,9.431,9.318
2011_04_NYJ_BAL,2011,4,NYJ,9.318,11.66
2011_05_NYJ_NE,2011,5,NYJ,11.66,12.146
2011_06_MIA_NYJ,2011,6,NYJ,12.146,13.7
2011_07_LAC_NYJ,2011,7,NYJ,13.7,15.066
2011_09_NYJ_BUF,2011,9,NYJ,15.066,15.751
2011_10_NE_NYJ,2011,10,NYJ,15.751,13.474
2011_11_NYJ_DEN,2011,11,NYJ,13.474,12.388
2011_12_BUF_NYJ,2011,12,NYJ,12.388,9.963
2011_13_NYJ_WAS,2011,13,NYJ,9.963,11.087
2011_14_KC_NYJ,2011,14,NYJ,11.087,11.352
2011_15_NYJ_PHI,2011,15,NYJ,11.352,9.46
2011_16_NYG_NYJ,2011,16,NYJ,9.46,10.991
2011_17_NYJ_MIA,2011,17,NYJ,10.991,11.224
2012_01_BUF_NYJ,2012,1,NYJ,7.195,7.218
2012_02_NYJ_PIT,2012,2,NYJ,7.218,5.669
2012_03_NYJ_MIA,2012,3,NYJ,5.669,6.404
2012_04_SF_NYJ,2012,4,NYJ,6.404,7.031
2012_05_HOU_NYJ,2012,5,NYJ,7.031,7.621
2012_06_IND_NYJ,2012,6,NYJ,7.621,9.348
2012_07_NYJ_NE,2012,7,NYJ,9.348,8.731
2012_08_MIA_NYJ,2012,8,NYJ,8.731,9.838
2012_10_NYJ_SEA,2012,10,NYJ,9.838,8.889
2012_11_NYJ_LAR,2012,11,NYJ,8.889,8.659
2012_12_NE_NYJ,2012,12,NYJ,8.659,6.579
2012_13_ARI_NYJ,2012,13,NYJ,6.579,8.512
2012_14_NYJ_JAX,2012,14,NYJ,8.512,10.257
2012_15_NYJ_TEN,2012,15,NYJ,10.257,9.909
2012_16_LAC_NYJ,2012,16,NYJ,9.909,10.236
2012_17_NYJ_BUF,2012,17,NYJ,10.236,9.129
2013_01_TB_NYJ,2013,1,NYJ,5.851,6.896
2013_02_NYJ_NE,2013,2,NYJ,6.896,8.143
2013_03_BUF_NYJ,2013,3,NYJ,8.143,9.251
2013_04_NYJ_TEN,2013,4,NYJ,9.251,7.683
2013_05_NYJ_ATL,2013,5,NYJ,7.683,5.907
2013_06_PIT_NYJ,2013,6,NYJ,5.907,4.851
2013_07_NE_NYJ,2013,7,NYJ,4.851,7.17
2013_08_NYJ_CIN,2013,8,NYJ,7.17,4.688
2013_09_NO_NYJ,2013,9,NYJ,4.688,5.184
2013_11_NYJ_BUF,2013,11,NYJ,5.184,3.078
2013_12_NYJ_BAL,2013,12,NYJ,3.078,2.89
2013_13_MIA_NYJ,2013,13,NYJ,2.89,0.728
2013_14_OAK_NYJ,2013,14,NYJ,0.728,-0.042
2013_15_NYJ_CAR,2013,15,NYJ,-0.042,-0.223
2013_16_CLE_NYJ,2013,16,NYJ,-0.223,2.307
2013_17_NYJ_MIA,2013,17,NYJ,2.307,3.183
2014_01_OAK_NYJ,2014,1,NYJ,2.04,1.343
2014_02_NYJ_GB,2014,2,NYJ,1.343,0.278
2014_03_CHI_NYJ,2014,3,NYJ,0.278,0.435
2014_04_DET_NYJ,2014,4,NYJ,0.435,-0.815
2014_05_NYJ_LAC,2014,5,NYJ,-0.815,-0.904
2014_06_DEN_NYJ,2014,6,NYJ,-0.904,-0.739
2014_07_NYJ_NE,2014,7,NYJ,-0.739,-1.174
2014_08_BUF_NYJ,2014,8,NYJ,-1.174,-2.183
2014_09_NYJ_KC,2014,9,NYJ,-2.183,-2.992
2014_10_PIT_NYJ,2014,10,NYJ,-2.992,-2.375
2014_12_NYJ_BUF,2014,12,NYJ,-2.375,-3.842
2014_13_MIA_NYJ,2014,13,NYJ,-3.842,-3.066
2014_14_NYJ_MIN,2014,14,NYJ,-3.066,-4.357
2014_15_NYJ_TEN,2014,15,NYJ,-4.357,-3.335
2014_16_NE_NYJ,2014,16,NYJ,-3.335,-0.898
2014_17_NYJ_MIA,2014,17,NYJ,-0.898,0.764
2015_01_CLE_NYJ,2015,1,NYJ,0.49,0.684
2015_02_NYJ_IND,2015,2,NYJ,0.684,1.668
2015_03_PHI_NYJ,2015,3,NYJ,1.668,2.687
2015_04_NYJ_MIA,2015,4,NYJ,2.687,4.938
2015_06_WAS_NYJ,2015,6,NYJ,4.938,5.507
2015_07_NYJ_NE,2015,7,NYJ,5.507,4.421
2015_08_NYJ_OAK,2015,8,NYJ,4.421,1.735
2015_09_JAX_NYJ,2015,9,NYJ,1.735,1.425
2015_10_BUF_NYJ,2015,10,NYJ,1.425,1.933
2015_11_NYJ_HOU,2015,11,NYJ,1.933,1.263
2015_12_MIA_NYJ,2015,12,NYJ,1.263,0.564
2015_13_NYJ_NYG,2015,13,NYJ,0.564,1.484
2015_14_TEN_NYJ,2015,14,NYJ,1.484,3.473
2015_15_NYJ_DAL,2015,15,NYJ,3.473,4.923
2015_16_NE_NYJ,2015,16,NYJ,4.923,5.776
2015_17_NYJ_BUF,2015,17,NYJ,5.776,4.702
2016_01_CIN_NYJ,2016,1,NYJ,3.014,3.283
2016_02_NYJ_BUF,2016,2,NYJ,3.283,1.324
2016_03_NYJ_KC,2016,3,NYJ,1.324,0.87
2016_04_SEA_NYJ,2016,4,NYJ,0.87,-0.267
2016_05_NYJ_PIT,2016,5,NYJ,-0.267,-3.236
2016_06_NYJ_ARI,2016,6,NYJ,-3.236,-3.826
2016_07_BAL_NYJ,2016,7,NYJ,-3.826,-2.344
2016_08_NYJ_CLE,2016,8,NYJ,-2.344,-2.558
2016_09_NYJ_MIA,2016,9,NYJ,-2.558,-2.142
2016_10_LAR_NYJ,2016,10,NYJ,-2.142,-1.177
2016_12_NE_NYJ,2016,12,NYJ,-1.177,-1.131
2016_13_IND_NYJ,2016,13,NYJ,-1.131,-3.833
2016_14_NYJ_SF,2016,14,NYJ,-3.833,-3.348
2016_15_MIA_NYJ,2016,15,NYJ,-3.348,-4.835
2016_16_NYJ_NE,2016,16,NYJ,-4.835,-4.547
2016_17_BUF_NYJ,2016,17,NYJ,-4.547,-2.832
2017_01_NYJ_BUF,2017,1,NYJ,-1.815,-1.708
2017_02_NYJ_OAK,2017,2,NYJ,-1.708,-3.412
2017_03_MIA_NYJ,2017,3,NYJ,-3.412,-2.466
2017_04_JAX_NYJ,2017,4,NYJ,-2.466,-1.067
2017_05_NYJ_CLE,2017,5,NYJ,-1.067,-0.248
2017_06_NE_NYJ,2017,6,NYJ,-0.248,0.486
2017_07_NYJ_MIA,2017,7,NYJ,0.486,0.334
2017_08_ATL_NYJ,2017,8,NYJ,0.334,-0.292
2017_09_BUF_NYJ,2017,9,NYJ,-0.292,-1.368
2017_10_NYJ_TB,2017,10,NYJ,-1.368,-0.557
2017_12_CAR_NYJ,2017,12,NYJ,-0.557,0.703
2017_13_KC_NYJ,2017,13,NYJ,0.703,-2.34
2017_14_NYJ_DEN,2017,14,NYJ,-2.34,-3.019
2017_15_NYJ_NO,2017,15,NYJ,-3.019,-3.294
2017_16_LAC_NYJ,2017,16,NYJ,-3.294,-3.386
2017_17_NYJ_NE,2017,17,NYJ,-3.386,-2.751
2018_01_NYJ_DET,2018,1,NYJ,-1.763,-0.3
2018_02_MIA_NYJ,2018,2,NYJ,-0.3,-0.589
2018_03_NYJ_CLE,2018,3,NYJ,-0.589,1.716
2018_04_NYJ_JAX,2018,4,NYJ,1.716,-0.463
2018_05_DEN_NYJ,2018,5,NYJ,-0.463,-1.527
2018_06_IND_NYJ,2018,6,NYJ,-1.527,-1.22
2018_07_MIN_NYJ,2018,7,NYJ,-1.22,-1.473
2018_08_NYJ_CHI,2018,8,NYJ,-1.473,-2.292
2018_09_NYJ_MIA,2018,9,NYJ,-2.292,-1.141
2018_10_BUF_NYJ,2018,10,NYJ,-1.141,-2.078
2018_12_NE_NYJ,2018,12,NYJ,-2.078,-2.74
2018_13_NYJ_TEN,2018,13,NYJ,-2.74,-3.512
2018_14_NYJ_BUF,2018,14,NYJ,-3.512,-3.847
2018_15_HOU_NYJ,2018,15,NYJ,-3.847,-4.115
2018_16_GB_NYJ,2018,16,NYJ,-4.115,-7.002
2018_17_NYJ_NE,2018,17,NYJ,-7.002,-8.266
2019_01_BUF_NYJ,2019,1,NYJ,-5.298,-5.668
2019_02_CLE_NYJ,2019,2,NYJ,-5.668,-4.847
2019_03_NYJ_NE,2019,3,NYJ,-4.847,-5.487
2019_05_NYJ_PHI,2019,5,NYJ,-5.487,-4.704
2019_06_DAL_NYJ,2019,6,NYJ,-4.704,-5.207
2019_07_NE_NYJ,2019,7,NYJ,-5.207,-4.819
2019_08_NYJ_JAX,2019,8,NYJ,-4.819,-6.75
2019_09_NYJ_MIA,2019,9,NYJ,-6.75,-7.557
2019_10_NYG_NYJ,2019,10,NYJ,-7.557,-8.608
2019_11_NYJ_WAS,2019,11,NYJ,-8.608,-6.855
2019_12_OAK_NYJ,2019,12,NYJ,-6.855,-4.774
2019_13_NYJ_CIN,2019,13,NYJ,-4.774,-4.922
2019_14_MIA_NYJ,2019,14,NYJ,-4.922,-4.906
2019_15_NYJ_BAL,2019,15,NYJ,-4.906,-6.91
2019_16_PIT_NYJ,2019,16,NYJ,-6.91,-4.497
2019_17_NYJ_BUF,2019,17,NYJ,-4.497,-2.869
2020_01_NYJ_BUF,2020,1,NYJ,-1.839,-4.415
2020_02_SF_NYJ,2020,2,NYJ,-4.415,-4.803
2020_03_NYJ_IND,2020,3,NYJ,-4.803,-5.241
2020_04_DEN_NYJ,2020,4,NYJ,-5.241,-5.16
2020_05_ARI_NYJ,2020,5,NYJ,-5.16,-6.714
2020_06_NYJ_MIA,2020,6,NYJ,-6.714,-5.827
2020_07_BUF_NYJ,2020,7,NYJ,-5.827,-6.411
2020_08_NYJ_KC,2020,8,NYJ,-6.411,-9.27
2020_09_NE_NYJ,2020,9,NYJ,-9.27,-11.142
2020_11_NYJ_LAC,2020,11,NYJ,-11.142,-12.827
2020_12_MIA_NYJ,2020,12,NYJ,-12.827,-12.0
2020_13_OAK_NYJ,2020,13,NYJ,-12.0,-13.253
2020_14_NYJ_SEA,2020,14,NYJ,-13.253,-13.64
2020_15_NYJ_LAR,2020,15,NYJ,-13.64,-12.29
2020_16_CLE_NYJ,2020,16,NYJ,-12.29,-10.241
2020_17_NYJ_NE,2020,17,NYJ,-10.241,-12.306
2021_01_NYJ_CAR,2021,1,NYJ,-7.888,-9.229
2021_02_NE_NYJ,2021,2,NYJ,-9.229,-8.394
2021_03_NYJ_DEN,2021,3,NYJ,-8.394,-8.012
2021_04_TEN_NYJ,2021,4,NYJ,-8.012,-6.369
2021_05_NYJ_ATL,2021,5,NYJ,-6.369,-8.055
2021_07_NYJ_NE,2021,7,NYJ,-8.055,-9.635
2021_08_CIN_NYJ,2021,8,NYJ,-9.635,-9.041
2021_09_NYJ_IND,2021,9,NYJ,-9.041,-10.563
2021_10_BUF_NYJ,2021,10,NYJ,-10.563,-10.149
2021_11_MIA_NYJ,2021,11,NYJ,-10.149,-11.381
2021_12_NYJ_HOU,2021,12,NYJ,-11.381,-10.446
2021_13_PHI_NYJ,2021,13,NYJ,-10.446,-11.088
2021_15_NYJ_MIA,2021,15,NYJ,-11.088,-9.775
2021_16_JAX_NYJ,2021,16,NYJ,-9.775,-11.123
2021_17_TB_NYJ,2021,17,NYJ,-11.123,-12.037
2021_18_NYJ_BUF,2021,18,NYJ,-12.037,-12.412
2022_01_BAL_NYJ,2022,1,NYJ,-7.956,-7.345
2022_02_NYJ_CLE,2022,2,NYJ,-7.345,-8.444
2022_03_CIN_NYJ,2022,3,NYJ,-8.444,-9.004
2022_04_NYJ_PIT,2022,4,NYJ,-9.004,-5.96
2022_05_MIA_NYJ,2022,5,NYJ,-5.96,-3.917
2022_06_NYJ_GB,2022,6,NYJ,-3.917,-2.673
2022_07_NYJ_DEN,2022,7,NYJ,-2.673,-2.348
2022_08_NE_NYJ,2022,8,NYJ,-2.348,-0.819
2022_09_BUF_NYJ,2022,9,NYJ,-0.819,0.847
2022_11_NYJ_NE,2022,11,NYJ,0.847,1.196
2022_12_CHI_NYJ,2022,12,NYJ,1.196,1.822
2022_13_NYJ_MIN,2022,13,NYJ,1.822,2.489
2022_14_NYJ_BUF,2022,14,NYJ,2.489,3.435
2022_15_DET_NYJ,2022,15,NYJ,3.435,3.055
2022_16_JAX_NYJ,2022,16,NYJ,3.055,2.029
2022_17_NYJ_SEA,2022,17,NYJ,2.029,2.735
2022_18_NYJ_MIA,2022,18,NYJ,2.735,2.549
2023_01_BUF_NYJ,2023,1,NYJ,1.634,3.927
2023_02_NYJ_DAL,2023,2,NYJ,3.927,2.283
2023_03_NE_NYJ,2023,3,NYJ,2.283,1.946
2023_04_KC_NYJ,2023,4,NYJ,1.946,3.483
2023_05_NYJ_DEN,2023,5,NYJ,3.483,3.309
2023_06_PHI_NYJ,2023,6,NYJ,3.309,3.934
2023_08_NYJ_NYG,2023,8,NYJ,3.934,5.109
2023_09_LAC_NYJ,2023,9,NYJ,5.109,7.675
2023_10_NYJ_OAK,2023,10,NYJ,7.675,8.179
2023_11_NYJ_BUF,2023,11,NYJ,8.179,7.998
2023_12_MIA_NYJ,2023,12,NYJ,7.998,9.105
2023_13_ATL_NYJ,2023,13,NYJ,9.105,10.25
2023_14_HOU_NYJ,2023,14,NYJ,10.25,12.948
2023_15_NYJ_MIA,2023,15,NYJ,12.948,12.425
2023_16_WAS_NYJ,2023,16,NYJ,12.425,15.242
2023_17_NYJ_CLE,2023,17,NYJ,15.242,13.415
2023_18_NYJ_NE,2023,18,NYJ,13.415,17.116
2024_01_NYJ_SF,2024,1,NYJ,10.971,11.07
2024_02_NYJ_TEN,2024,2,NYJ,11.07,10.38
2024_03_NE_NYJ,2024,3,NYJ,10.38,12.186
2024_04_DEN_NYJ,2024,4,NYJ,12.186,12.764
2024_05_NYJ_MIN,2024,5,NYJ,12.764,14.887
2024_06_BUF_NYJ,2024,6,NYJ,14.887,13.772
2024_07_NYJ_PIT,2024,7,NYJ,13.772,12.432
2024_08_NYJ_NE,2024,8,NYJ,12.432,12.195
2024_09_HOU_NYJ,2024,9,NYJ,12.195,14.503
2024_10_NYJ_ARI,2024,10,NYJ,14.503,11.609
2024_11_IND_NYJ,2024,11,NYJ,11.609,8.738
2024_13_SEA_NYJ,2024,13,NYJ,8.738,8.863
2024_14_NYJ_MIA,2024,14,NYJ,8.863,6.881
2024_15_NYJ_JAX,2024,15,NYJ,6.881,5.298
2024_16_LAR_NYJ,2024,16,NYJ,5.298,6.059
2024_17_NYJ_BUF,2024,17,NYJ,6.059,5.954
2024_18_MIA_NYJ,2024,18,NYJ,5.954,6.928
2025_01_PIT_NYJ,2025,1,NYJ,4.441,3.815
2025_02_BUF_NYJ,2025,2,NYJ,3.815,5.074
2025_03_NYJ_TB,2025,3,NYJ,5.074,4.157
2025_04_NYJ_MIA,2025,4,NYJ,4.157,3.35
2025_05_DAL_NYJ,2025,5,NYJ,3.35,2.137
2025_06_DEN_NYJ,2025,6,NYJ,2.137,2.403
2025_07_CAR_NYJ,2025,7,NYJ,2.403,2.355
2025_08_NYJ_CIN,2025,8,NYJ,2.355,0.611
2025_10_CLE_NYJ,2025,10,NYJ,0.611,0.31
2025_11_NYJ_NE,2025,11,NYJ,0.31,-0.418
2025_12_NYJ_BAL,2025,12,NYJ,-0.418,1.381
2025_13_ATL_NYJ,2025,13,NYJ,1.381,1.497
2025_14_MIA_NYJ,2025,14,NYJ,1.497,1.804
2025_15_NYJ_JAX,2025,15,NYJ,1.804,-2.829
2025_16_NYJ_NO,2025,16,NYJ,-2.829,-3.683
2025_17_NE_NYJ,2025,17,NYJ,-3.683,-6.344
2025_18_NYJ_BUF,2025,18,NYJ,-6.344,-8.925
2026_01_NYJ_TEN,2026,1,NYJ,-5.721,-4.993
1999_01_OAK_GB,1999,1,OAK,0.0,-1.452
1999_02_OAK_MIN,1999,2,OAK,-1.452,-1.408
1999_03_CHI_OAK,1999,3,OAK,-1.408,-2.291
1999_04_OAK_SEA,1999,4,OAK,-2.291,-2.75
1999_05_DEN_OAK,1999,5,OAK,-2.75,-3.434
1999_06_OAK_BUF,1999,6,OAK,-3.434,-2.242
1999_07_NYJ_OAK,1999,7,OAK,-2.242,-2.407
1999_08_MIA_OAK,1999,8,OAK,-2.407,-1.793
1999_10_LAC_OAK,1999,10,OAK,-1.793,-2.552
1999_11_OAK_DEN,1999,11,OAK,-2.552,-2.203
1999_12_KC_OAK,1999,12,OAK,-2.203,-1.24
1999_13_SEA_OAK,1999,13,OAK,-1.24,-2.108
1999_14_OAK_TEN,1999,14,OAK,-2.108,-1.461
1999_15_TB_OAK,1999,15,OAK,-1.461,-0.307
1999_16_OAK_LAC,1999,16,OAK,-0.307,-1.278
1999_17_OAK_KC,1999,17,OAK,-1.278,-2.935
2000_01_LAC_OAK,2000,1,OAK,-1.881,0.826
2000_02_OAK_IND,2000,2,OAK,0.826,-0.988
2000_03_DEN_OAK,2000,3,OAK,-0.988,-1.857
2000_04_CLE_OAK,2000,4,OAK,-1.857,-0.307
2000_06_OAK_SF,2000,6,OAK,-0.307,-3.541
2000_07_OAK_KC,2000,7,OAK,-3.541,-4.965
2000_08_SEA_OAK,2000,8,OAK,-4.965,-3.891
2000_09_OAK_LAC,2000,9,OAK,-3.891,-4.684
2000_10_KC_OAK,2000,10,OAK,-4.684,-7.21
2000_11_OAK_DEN,2000,11,OAK,-7.21,-7.371
2000_12_OAK_NO,2000,12,OAK,-7.371,-6.346
2000_13_ATL_OAK,2000,13,OAK,-6.346,-5.347
2000_14_OAK_PIT,2000,14,OAK,-5.347,-7.032
2000_15_NYJ_OAK,2000,15,OAK,-7.032,-5.445
2000_16_OAK_SEA,2000,16,OAK,-5.445,-5.428
2000_17_CAR_OAK,2000,17,OAK,-5.428,-4.79
2000_19_MIA_OAK,2000,19,OAK,-4.79,-2.745
2000_20_BAL_OAK,2000,20,OAK,-2.745,-2.57
2001_01_OAK_KC,2001,1,OAK,-1.647,-1.227
2001_02_OAK_MIA,2001,2,OAK,-1.227,-1.713
2001_03_SEA_OAK,2001,3,OAK,-1.713,-0.247
2001_04_DAL_OAK,2001,4,OAK,-0.247,-0.102
2001_05_OAK_IND,2001,5,OAK,-0.102,0.318
2001_07_OAK_PHI,2001,7,OAK,0.318,1.816
2001_08_DEN_OAK,2001,8,OAK,1.816,2.407
2001_09_OAK_SEA,2001,9,OAK,2.407,0.064
2001_10_LAC_OAK,2001,10,OAK,0.064,1.404
2001_11_OAK_NYG,2001,11,OAK,1.404,2.04
2001_12_ARI_OAK,2001,12,OAK,2.04,0.625
2001_13_KC_OAK,2001,13,OAK,0.625,0.181
2001_14_OAK_LAC,2001,14,OAK,0.181,2.638
2001_15_TEN_OAK,2001,15,OAK,2.638,4.558
2001_16_OAK_DEN,2001,16,OAK,4.558,3.746
2001_17_NYJ_OAK,2001,17,OAK,3.746,4.292
2001_18_NYJ_OAK,2001,18,OAK,4.292,1.665
2001_19_OAK_NE,2001,19,OAK,1.665,-0.026
2002_01_SEA_OAK,2002,1,OAK,-0.017,-1.193
2002_02_OAK_PIT,2002,2,OAK,-1.193,-1.564
2002_04_TEN_OAK,2002,4,OAK,-1.564,-1.737
2002_05_OAK_BUF,2002,5,OAK,-1.737,-1.623
2002_06_OAK_LAR,2002,6,OAK,-1.623,-3.454
2002_07_LAC_OAK,2002,7,OAK,-3.454,-4.851
2002_08_OAK_KC,2002,8,OAK,-4.851,-4.036
2002_09_SF_OAK,2002,9,OAK,-4.036,-6.023
2002_10_OAK_DEN,2002,10,OAK,-6.023,-5.86
2002_11_NE_OAK,2002,11,OAK,-5.86,-4.15
2002_12_OAK_ARI,2002,12,OAK,-4.15,-2.68
2002_13_NYJ_OAK,2002,13,OAK,-2.68,-3.151
2002_14_OAK_LAC,2002,14,OAK,-3.151,-1.408
2002_15_OAK_MIA,2002,15,OAK,-1.408,-1.707
2002_16_DEN_OAK,2002,16,OAK,-1.707,1.109
2002_17_KC_OAK,2002,17,OAK,1.109,2.662
2002_19_NYJ_OAK,2002,19,OAK,2.662,5.747
2002_20_TEN_OAK,2002,20,OAK,5.747,4.006
2002_21_OAK_TB,2002,21,OAK,4.006,3.599
2003_01_OAK_TEN,2003,1,OAK,2.307,1.326
2003_02_CIN_OAK,2003,2,OAK,1.326,1.113
2003_03_OAK_DEN,2003,3,OAK,1.113,-1.601
2003_04_LAC_OAK,2003,4,OAK,-1.601,-2.433
2003_05_OAK_CHI,2003,5,OAK,-2.433,-1.957
2003_06_OAK_CLE,2003,6,OAK,-1.957,-1.141
2003_07_KC_OAK,2003,7,OAK,-1.141,-0.362
2003_09_OAK_DET,2003,9,OAK,-0.362,-0.718
2003_10_NYJ_OAK,2003,10,OAK,-0.718,-2.144
2003_11_MIN_OAK,2003,11,OAK,-2.144,-1.885
2003_12_OAK_KC,2003,12,OAK,-1.885,-2.79
2003_13_DEN_OAK,2003,13,OAK,-2.79,-1.047
2003_14_OAK_PIT,2003,14,OAK,-1.047,-2.366
2003_15_BAL_OAK,2003,15,OAK,-2.366,-1.874
2003_16_GB_OAK,2003,16,OAK,-1.874,-5.412
2003_17_OAK_LAC,2003,17,OAK,-5.412,-4.301
2004_01_OAK_PIT,2004,1,OAK,-2.757,-2.466
2004_02_BUF_OAK,2004,2,OAK,-2.466,-1.013
2004_03_TB_OAK,2004,3,OAK,-1.013,-2.367
2004_04_OAK_HOU,2004,4,OAK,-2.367,-3.858
2004_05_OAK_IND,2004,5,OAK,-3.858,-3.246
2004_06_DEN_OAK,2004,6,OAK,-3.246,-4.206
2004_07_NO_OAK,2004,7,OAK,-4.206,-4.666
2004_08_OAK_LAC,2004,8,OAK,-4.666,-8.577
2004_09_OAK_CAR,2004,9,OAK,-8.577,-9.977
2004_11_LAC_OAK,2004,11,OAK,-9.977,-10.502
2004_12_OAK_DEN,2004,12,OAK,-10.502,-10.718
2004_13_KC_OAK,2004,13,OAK,-10.718,-11.937
2004_14_OAK_ATL,2004,14,OAK,-11.937,-11.676
2004_15_TEN_OAK,2004,15,OAK,-11.676,-15.162
2004_16_OAK_KC,2004,16,OAK,-15.162,-15.185
2004_17_JAX_OAK,2004,17,OAK,-15.185,-13.956
2005_01_OAK_NE,2005,1,OAK,-8.946,-10.165
2005_02_KC_OAK,2005,2,OAK,-10.165,-9.823
2005_03_OAK_PHI,2005,3,OAK,-9.823,-10.14
2005_04_DAL_OAK,2005,4,OAK,-10.14,-8.389
2005_06_LAC_OAK,2005,6,OAK,-8.389,-7.626
2005_07_BUF_OAK,2005,7,OAK,-7.626,-7.738
2005_08_OAK_TEN,2005,8,OAK,-7.738,-7.226
2005_09_OAK_KC,2005,9,OAK,-7.226,-6.637
2005_10_DEN_OAK,2005,10,OAK,-6.637,-7.074
2005_11_OAK_WAS,2005,11,OAK,-7.074,-5.688
2005_12_MIA_OAK,2005,12,OAK,-5.688,-5.989
2005_13_OAK_LAC,2005,13,OAK,-5.989,-6.024
2005_14_OAK_NYJ,2005,14,OAK,-6.024,-7.248
2005_15_CLE_OAK,2005,15,OAK,-7.248,-6.857
2005_16_OAK_DEN,2005,16,OAK,-6.857,-6.818
2005_17_NYG_OAK,2005,17,OAK,-6.818,-6.747
2006_01_LAC_OAK,2006,1,OAK,-4.325,-4.689
2006_02_OAK_BAL,2006,2,OAK,-4.689,-2.953
2006_04_CLE_OAK,2006,4,OAK,-2.953,-3.347
2006_05_OAK_SF,2006,5,OAK,-3.347,-5.314
2006_06_OAK_DEN,2006,6,OAK,-5.314,-4.61
2006_07_ARI_OAK,2006,7,OAK,-4.61,-2.142
2006_08_PIT_OAK,2006,8,OAK,-2.142,-0.559
2006_09_OAK_SEA,2006,9,OAK,-0.559,-2.137
2006_10_DEN_OAK,2006,10,OAK,-2.137,-1.139
2006_11_OAK_KC,2006,11,OAK,-1.139,0.252
2006_12_OAK_LAC,2006,12,OAK,0.252,2.36
2006_13_HOU_OAK,2006,13,OAK,2.36,4.985
2006_14_OAK_CIN,2006,14,OAK,4.985,4.863
2006_15_LAR_OAK,2006,15,OAK,4.863,6.617
2006_16_KC_OAK,2006,16,OAK,6.617,7.521
2006_17_OAK_NYJ,2006,17,OAK,7.521,6.832
2007_01_DET_OAK,2007,1,OAK,4.38,2.45
2007_02_OAK_DEN,2007,2,OAK,2.45,2.28
2007_03_CLE_OAK,2007,3,OAK,2.28,1.551
2007_04_OAK_MIA,2007,4,OAK,1.551,2.625
2007_06_OAK_LAC,2007,6,OAK,2.625,2.994
2007_07_KC_OAK,2007,7,OAK,2.994,4.088
2007_08_OAK_TEN,2007,8,OAK,4.088,5.434
2007_09_HOU_OAK,2007,9,OAK,5.434,4.113
2007_10_CHI_OAK,2007,10,OAK,4.113,4.239
2007_11_OAK_MIN,2007,11,OAK,4.239,3.695
2007_12_OAK_KC,2007,12,OAK,3.695,4.573
2007_13_DEN_OAK,2007,13,OAK,4.573,5.798
2007_14_OAK_GB,2007,14,OAK,5.798,4.771
2007_15_IND_OAK,2007,15,OAK,4.771,5.912
2007_16_OAK_JAX,2007,16,OAK,5.912,4.996
2007_17_LAC_OAK,2007,17,OAK,4.996,4.552
2008_01_DEN_OAK,2008,1,OAK,2.918,0.813
2008_02_OAK_KC,2008,2,OAK,0.813,1.647
2008_03_OAK_BUF,2008,3,OAK,1.647,1.3
2008_04_LAC_OAK,2008,4,OAK,1.3,3.325
2008_06_OAK_NO,2008,6,OAK,3.325,0.903
2008_07_NYJ_OAK,2008,7,OAK,0.903,3.217
2008_08_OAK_BAL,2008,8,OAK,3.217,1.755
2008_09_ATL_OAK,2008,9,OAK,1.755,0.831
2008_10_CAR_OAK,2008,10,OAK,0.831,5.186
2008_11_OAK_MIA,2008,11,OAK,5.186,5.484
2008_12_OAK_DEN,2008,12,OAK,5.484,6.461
2008_13_KC_OAK,2008,13,OAK,6.461,5.798
2008_14_OAK_LAC,2008,14,OAK,5.798,4.621
2008_15_NE_OAK,2008,15,OAK,4.621,3.089
2008_16_HOU_OAK,2008,16,OAK,3.089,4.308
2008_17_OAK_TB,2008,17,OAK,4.308,4.412
2009_01_LAC_OAK,2009,1,OAK,2.828,3.194
2009_02_OAK_KC,2009,2,OAK,3.194,3.239
2009_03_DEN_OAK,2009,3,OAK,3.239,2.757
2009_04_OAK_HOU,2009,4,OAK,2.757,4.62
2009_05_OAK_NYG,2009,5,OAK,4.62,3.565
2009_06_PHI_OAK,2009,6,OAK,3.565,5.535
2009_07_NYJ_OAK,2009,7,OAK,5.535,4.086
2009_08_OAK_LAC,2009,8,OAK,4.086,4.445
2009_10_KC_OAK,2009,10,OAK,4.445,5.168
2009_11_CIN_OAK,2009,11,OAK,5.168,5.188
2009_12_OAK_DAL,2009,12,OAK,5.188,4.018
2009_13_OAK_PIT,2009,13,OAK,4.018,2.694
2009_14_WAS_OAK,2009,14,OAK,2.694,2.281
2009_15_OAK_DEN,2009,15,OAK,2.281,2.079
2009_16_OAK_CLE,2009,16,OAK,2.079,2.052
2009_17_BAL_OAK,2009,17,OAK,2.052,3.873
2010_01_OAK_TEN,2010,1,OAK,2.482,1.491
2010_02_LAR_OAK,2010,2,OAK,1.491,1.866
2010_03_OAK_ARI,2010,3,OAK,1.866,2.27
2010_04_HOU_OAK,2010,4,OAK,2.27,1.79
2010_05_LAC_OAK,2010,5,OAK,1.79,0.104
2010_06_OAK_SF,2010,6,OAK,0.104,0.018
2010_07_OAK_DEN,2010,7,OAK,0.018,1.54
2010_08_SEA_OAK,2010,8,OAK,1.54,5.05
2010_09_KC_OAK,2010,9,OAK,5.05,4.837
2010_11_OAK_PIT,2010,11,OAK,4.837,1.668
2010_12_MIA_OAK,2010,12,OAK,1.668,1.473
2010_13_OAK_LAC,2010,13,OAK,1.473,2.706
2010_14_OAK_JAX,2010,14,OAK,2.706,2.283
2010_15_DEN_OAK,2010,15,OAK,2.283,0.445
2010_16_IND_OAK,2010,16,OAK,0.445,1.088
2010_17_OAK_KC,2010,17,OAK,1.088,5.475
2011_01_OAK_DEN,2011,1,OAK,3.509,4.304
2011_02_OAK_BUF,2011,2,OAK,4.304,2.426
2011_03_NYJ_OAK,2011,3,OAK,2.426,1.137
2011_04_NE_OAK,2011,4,OAK,1.137,1.924
2011_05_OAK_HOU,2011,5,OAK,1.924,2.632
2011_06_CLE_OAK,2011,6,OAK,2.632,2.369
2011_07_KC_OAK,2011,7,OAK,2.369,3.908
2011_09_DEN_OAK,2011,9,OAK,3.908,1.566
2011_10_OAK_LAC,2011,10,OAK,1.566,3.242
2011_11_OAK_MIN,2011,11,OAK,3.242,3.326
2011_12_CHI_OAK,2011,12,OAK,3.326,3.24
2011_13_OAK_MIA,2011,13,OAK,3.24,1.972
2011_14_OAK_GB,2011,14,OAK,1.972,3.525
2011_15_DET_OAK,2011,15,OAK,3.525,1.29
2011_16_OAK_KC,2011,16,OAK,1.29,1.021
2011_17_LAC_OAK,2011,17,OAK,1.021,-0.496
2012_01_LAC_OAK,2012,1,OAK,-0.318,-0.87
2012_02_OAK_MIA,2012,2,OAK,-0.87,-2.309
2012_03_PIT_OAK,2012,3,OAK,-2.309,-5.978
2012_04_OAK_DEN,2012,4,OAK,-5.978,-8.3
2012_06_OAK_ATL,2012,6,OAK,-8.3,-6.804
2012_07_JAX_OAK,2012,7,OAK,-6.804,-7.572
2012_08_OAK_KC,2012,8,OAK,-7.572,-5.906
2012_09_TB_OAK,2012,9,OAK,-5.906,-6.771
2012_10_OAK_BAL,2012,10,OAK,-6.771,-9.288
2012_11_NO_OAK,2012,11,OAK,-9.288,-9.751
2012_12_OAK_CIN,2012,12,OAK,-9.751,-9.593
2012_13_CLE_OAK,2012,13,OAK,-9.593,-10.856
2012_14_DEN_OAK,2012,14,OAK,-10.856,-9.658
2012_15_KC_OAK,2012,15,OAK,-9.658,-7.837
2012_16_OAK_CAR,2012,16,OAK,-7.837,-7.34
2012_17_OAK_LAC,2012,17,OAK,-7.34,-7.343
2013_01_OAK_IND,2013,1,OAK,-4.707,-5.989
2013_02_JAX_OAK,2013,2,OAK,-5.989,-6.105
2013_03_OAK_DEN,2013,3,OAK,-6.105,-8.261
2013_04_WAS_OAK,2013,4,OAK,-8.261,-7.924
2013_05_LAC_OAK,2013,5,OAK,-7.924,-8.041
2013_06_OAK_KC,2013,6,OAK,-8.041,-6.235
2013_08_PIT_OAK,2013,8,OAK,-6.235,-4.773
2013_09_PHI_OAK,2013,9,OAK,-4.773,-9.861
2013_10_OAK_NYG,2013,10,OAK,-9.861,-8.186
2013_11_OAK_HOU,2013,11,OAK,-8.186,-7.178
2013_12_TEN_OAK,2013,12,OAK,-7.178,-9.204
2013_13_OAK_DAL,2013,13,OAK,-9.204,-9.004
2013_14_OAK_NYJ,2013,14,OAK,-9.004,-11.37
2013_15_KC_OAK,2013,15,OAK,-11.37,-13.802
2013_16_OAK_LAC,2013,16,OAK,-13.802,-12.099
2013_17_DEN_OAK,2013,17,OAK,-12.099,-12.917
2014_01_OAK_NYJ,2014,1,OAK,-8.28,-9.265
2014_02_HOU_OAK,2014,2,OAK,-9.265,-9.891
2014_03_OAK_NE,2014,3,OAK,-9.891,-9.074
2014_04_MIA_OAK,2014,4,OAK,-9.074,-11.179
2014_06_LAC_OAK,2014,6,OAK,-11.179,-12.046
2014_07_ARI_OAK,2014,7,OAK,-12.046,-12.283
2014_08_OAK_CLE,2014,8,OAK,-12.283,-13.535
2014_09_OAK_SEA,2014,9,OAK,-13.535,-11.813
2014_10_DEN_OAK,2014,10,OAK,-11.813,-12.586
2014_11_OAK_LAC,2014,11,OAK,-12.586,-11.687
2014_12_KC_OAK,2014,12,OAK,-11.687,-11.369
2014_13_OAK_LAR,2014,13,OAK,-11.369,-12.132
2014_14_SF_OAK,2014,14,OAK,-12.132,-9.71
2014_15_OAK_KC,2014,15,OAK,-9.71,-11.072
2014_16_BUF_OAK,2014,16,OAK,-11.072,-11.755
2014_17_OAK_DEN,2014,17,OAK,-11.755,-10.246
2015_01_CIN_OAK,2015,1,OAK,-6.568,-8.187
2015_02_BAL_OAK,2015,2,OAK,-8.187,-10.309
2015_03_OAK_CLE,2015,3,OAK,-10.309,-10.365
2015_04_OAK_CHI,2015,4,OAK,-10.365,-10.353
2015_05_DEN_OAK,2015,5,OAK,-10.353,-8.372
2015_07_OAK_LAC,2015,7,OAK,-8.372,-8.616
2015_08_NYJ_OAK,2015,8,OAK,-8.616,-7.173
2015_09_OAK_PIT,2015,9,OAK,-7.173,-7.226
2015_10_MIN_OAK,2015,10,OAK,-7.226,-6.722
2015_11_OAK_DET,2015,11,OAK,-6.722,-7.034
2015_12_OAK_TEN,2015,12,OAK,-7.034,-5.857
2015_13_KC_OAK,2015,13,OAK,-5.857,-5.893
2015_14_OAK_DEN,2015,14,OAK,-5.893,-6.17
2015_15_GB_OAK,2015,15,OAK,-6.17,-4.506
2015_16_LAC_OAK,2015,16,OAK,-4.506,-5.016
2015_17_OAK_KC,2015,17,OAK,-5.016,-4.607
2016_01_OAK_NO,2016,1,OAK,-2.953,-5.113
2016_02_ATL_OAK,2016,2,OAK,-5.113,-7.019
2016_03_OAK_TEN,2016,3,OAK,-7.019,-5.438
2016_04_OAK_BAL,2016,4,OAK,-5.438,-6.356
2016_05_LAC_OAK,2016,5,OAK,-6.356,-7.207
2016_06_KC_OAK,2016,6,OAK,-7.207,-7.238
2016_07_OAK_JAX,2016,7,OAK,-7.238,-6.533
2016_08_OAK_TB,2016,8,OAK,-6.533,-6.241
2016_09_DEN_OAK,2016,9,OAK,-6.241,-6.257
2016_11_HOU_OAK,2016,11,OAK,-6.257,-6.703
2016_12_CAR_OAK,2016,12,OAK,-6.703,-6.496
2016_13_BUF_OAK,2016,13,OAK,-6.496,-4.925
2016_14_OAK_KC,2016,14,OAK,-4.925,-4.988
2016_15_OAK_LAC,2016,15,OAK,-4.988,-4.09
2016_16_IND_OAK,2016,16,OAK,-4.09,-4.591
2016_17_OAK_DEN,2016,17,OAK,-4.591,-5.175
2016_18_OAK_HOU,2016,18,OAK,-5.175,-6.252
2017_01_OAK_TEN,2017,1,OAK,-4.007,-4.717
2017_02_NYJ_OAK,2017,2,OAK,-4.717,-4.837
2017_03_OAK_WAS,2017,3,OAK,-4.837,-7.131
2017_04_OAK_DEN,2017,4,OAK,-7.131,-6.026
2017_05_BAL_OAK,2017,5,OAK,-6.026,-6.502
2017_06_LAC_OAK,2017,6,OAK,-6.502,-6.778
2017_07_KC_OAK,2017,7,OAK,-6.778,-8.216
2017_08_OAK_BUF,2017,8,OAK,-8.216,-8.826
2017_09_OAK_MIA,2017,9,OAK,-8.826,-11.742
2017_11_NE_OAK,2017,11,OAK,-11.742,-13.168
2017_12_DEN_OAK,2017,12,OAK,-13.168,-10.847
2017_13_NYG_OAK,2017,13,OAK,-10.847,-10.672
2017_14_OAK_KC,2017,14,OAK,-10.672,-8.532
2017_15_DAL_OAK,2017,15,OAK,-8.532,-7.498
2017_16_OAK_PHI,2017,16,OAK,-7.498,-6.102
2017_17_OAK_LAC,2017,17,OAK,-6.102,-8.511
2018_01_LAR_OAK,2018,1,OAK,-5.455,-5.586
2018_02_OAK_DEN,2018,2,OAK,-5.586,-4.984
2018_03_OAK_MIA,2018,3,OAK,-4.984,-7.093
2018_04_CLE_OAK,2018,4,OAK,-7.093,-6.514
2018_05_OAK_LAC,2018,5,OAK,-6.514,-7.758
2018_06_SEA_OAK,2018,6,OAK,-7.758,-8.449
2018_08_IND_OAK,2018,8,OAK,-8.449,-9.152
2018_09_OAK_SF,2018,9,OAK,-9.152,-11.564
2018_10_LAC_OAK,2018,10,OAK,-11.564,-11.082
2018_11_OAK_ARI,2018,11,OAK,-11.082,-10.438
2018_12_OAK_BAL,2018,12,OAK,-10.438,-10.984
2018_13_KC_OAK,2018,13,OAK,-10.984,-12.449
2018_14_PIT_OAK,2018,14,OAK,-12.449,-12.988
2018_15_OAK_CIN,2018,15,OAK,-12.988,-11.95
2018_16_DEN_OAK,2018,16,OAK,-11.95,-11.672
2018_17_OAK_KC,2018,17,OAK,-11.672,-10.759
2019_01_DEN_OAK,2019,1,OAK,-6.896,-7.029
2019_02_KC_OAK,2019,2,OAK,-7.029,-8.985
2019_03_OAK_MIN,2019,3,OAK,-8.985,-9.044
2019_04_OAK_IND,2019,4,OAK,-9.044,-9.588
2019_05_CHI_OAK,2019,5,OAK,-9.588,-9.672
2019_07_OAK_GB,2019,7,OAK,-9.672,-13.518
2019_08_OAK_HOU,2019,8,OAK,-13.518,-14.117
2019_09_DET_OAK,2019,9,OAK,-14.117,-14.786
2019_10_LAC_OAK,2019,10,OAK,-14.786,-11.299
2019_11_CIN_OAK,2019,11,OAK,-11.299,-9.028
2019_12_OAK_NYJ,2019,12,OAK,-9.028,-11.591
2019_13_OAK_KC,2019,13,OAK,-11.591,-10.716
2019_14_TEN_OAK,2019,14,OAK,-10.716,-13.04
2019_15_JAX_OAK,2019,15,OAK,-13.04,-13.294
2019_16_OAK_LAC,2019,16,OAK,-13.294,-13.332
2019_17_OAK_DEN,2019,17,OAK,-13.332,-13.1
2020_01_OAK_CAR,2020,1,OAK,-8.397,-9.169
2020_02_NO_OAK,2020,2,OAK,-9.169,-8.822
2020_03_OAK_NE,2020,3,OAK,-8.822,-7.097
2020_04_BUF_OAK,2020,4,OAK,-7.097,-7.999
2020_05_OAK_KC,2020,5,OAK,-7.999,-7.04
2020_07_TB_OAK,2020,7,OAK,-7.04,-10.191
2020_08_OAK_CLE,2020,8,OAK,-10.191,-9.354
2020_09_OAK_LAC,2020,9,OAK,-9.354,-10.206
2020_10_DEN_OAK,2020,10,OAK,-10.206,-7.446
2020_11_KC_OAK,2020,11,OAK,-7.446,-7.904
2020_12_OAK_ATL,2020,12,OAK,-7.904,-6.837
2020_13_OAK_NYJ,2020,13,OAK,-6.837,-7.766
2020_14_IND_OAK,2020,14,OAK,-7.766,-8.293
2020_15_LAC_OAK,2020,15,OAK,-8.293,-9.926
2020_16_MIA_OAK,2020,16,OAK,-9.926,-8.858
2020_17_OAK_DEN,2020,17,OAK,-8.858,-10.139
2021_01_BAL_OAK,2021,1,OAK,-6.499,-6.618
2021_02_OAK_PIT,2021,2,OAK,-6.618,-6.239
2021_03_MIA_OAK,2021,3,OAK,-6.239,-6.976
2021_04_OAK_LAC,2021,4,OAK,-6.976,-6.884
2021_05_CHI_OAK,2021,5,OAK,-6.884,-6.049
2021_06_OAK_DEN,2021,6,OAK,-6.049,-5.44
2021_07_PHI_OAK,2021,7,OAK,-5.44,-5.739
2021_09_OAK_NYG,2021,9,OAK,-5.739,-5.107
2021_10_KC_OAK,2021,10,OAK,-5.107,-8.147
2021_11_CIN_OAK,2021,11,OAK,-8.147,-7.085
2021_12_OAK_DAL,2021,12,OAK,-7.085,-8.095
2021_13_WAS_OAK,2021,13,OAK,-8.095,-8.491
2021_14_OAK_KC,2021,14,OAK,-8.491,-8.797
2021_15_OAK_CLE,2021,15,OAK,-8.797,-8.775
2021_16_DEN_OAK,2021,16,OAK,-8.775,-7.741
2021_17_OAK_IND,2021,17,OAK,-7.741,-7.024
2021_18_LAC_OAK,2021,18,OAK,-7.024,-6.061
2021_19_OAK_CIN,2021,19,OAK,-6.061,-6.03
2022_01_OAK_LAC,2022,1,OAK,-3.865,-5.213
2022_02_ARI_OAK,2022,2,OAK,-5.213,-5.644
2022_03_OAK_TEN,2022,3,OAK,-5.644,-6.065
2022_04_DEN_OAK,2022,4,OAK,-6.065,-7.005
2022_05_OAK_KC,2022,5,OAK,-7.005,-7.635
2022_07_HOU_OAK,2022,7,OAK,-7.635,-8.659
2022_08_OAK_NO,2022,8,OAK,-8.659,-9.808
2022_09_OAK_JAX,2022,9,OAK,-9.808,-11.977
2022_10_IND_OAK,2022,10,OAK,-11.977,-13.332
2022_11_OAK_DEN,2022,11,OAK,-13.332,-13.303
2022_12_OAK_SEA,2022,12,OAK,-13.303,-13.638
2022_13_LAC_OAK,2022,13,OAK,-13.638,-12.171
2022_14_OAK_LAR,2022,14,OAK,-12.171,-11.975
2022_15_NE_OAK,2022,15,OAK,-11.975,-10.187
2022_16_OAK_PIT,2022,16,OAK,-10.187,-11.651
2022_17_SF_OAK,2022,17,OAK,-11.651,-12.405
2022_18_KC_OAK,2022,18,OAK,-12.405,-10.688
2023_01_OAK_DEN,2023,1,OAK,-6.851,-7.031
2023_02_OAK_BUF,2023,2,OAK,-7.031,-8.272
2023_03_PIT_OAK,2023,3,OAK,-8.272,-8.998
2023_04_OAK_LAC,2023,4,OAK,-8.998,-7.894
2023_05_GB_OAK,2023,5,OAK,-7.894,-5.586
2023_06_NE_OAK,2023,6,OAK,-5.586,-4.637
2023_07_OAK_CHI,2023,7,OAK,-4.637,-5.985
2023_08_OAK_DET,2023,8,OAK,-5.985,-5.883
2023_09_NYG_OAK,2023,9,OAK,-5.883,-3.801
2023_10_NYJ_OAK,2023,10,OAK,-3.801,-4.647
2023_11_OAK_MIA,2023,11,OAK,-4.647,-5.238
2023_12_KC_OAK,2023,12,OAK,-5.238,-5.976
2023_14_MIN_OAK,2023,14,OAK,-5.976,-3.005
2023_15_LAC_OAK,2023,15,OAK,-3.005,-4.377
2023_16_OAK_KC,2023,16,OAK,-4.377,-3.1
2023_17_OAK_IND,2023,17,OAK,-3.1,-3.479
2023_18_DEN_OAK,2023,18,OAK,-3.479,-2.401
2024_01_OAK_LAC,2024,1,OAK,-1.539,-0.872
2024_02_OAK_BAL,2024,2,OAK,-0.872,-0.313
2024_03_CAR_OAK,2024,3,OAK,-0.313,-2.238
2024_04_CLE_OAK,2024,4,OAK,-2.238,-2.0
2024_05_OAK_DEN,2024,5,OAK,-2.0,-2.949
2024_06_PIT_OAK,2024,6,OAK,-2.949,-3.21
2024_07_OAK_LAR,2024,7,OAK,-3.21,-1.652
2024_08_KC_OAK,2024,8,OAK,-1.652,-2.01
2024_09_OAK_CIN,2024,9,OAK,-2.01,-3.421
2024_11_OAK_MIA,2024,11,OAK,-3.421,-5.188
2024_12_DEN_OAK,2024,12,OAK,-5.188,-5.641
2024_13_OAK_KC,2024,13,OAK,-5.641,-4.067
2024_14_OAK_TB,2024,14,OAK,-4.067,-3.262
2024_15_ATL_OAK,2024,15,OAK,-3.262,-1.28
2024_16_JAX_OAK,2024,16,OAK,-1.28,-2.264
2024_17_OAK_NO,2024,17,OAK,-2.264,-2.333
2024_18_LAC_OAK,2024,18,OAK,-2.333,-5.053
2025_01_OAK_NE,2025,1,OAK,-3.239,-2.651
2025_02_LAC_OAK,2025,2,OAK,-2.651,-3.223
2025_03_OAK_WAS,2025,3,OAK,-3.223,-4.804
2025_04_CHI_OAK,2025,4,OAK,-4.804,-3.931
2025_05_OAK_IND,2025,5,OAK,-3.931,-4.675
2025_06_TEN_OAK,2025,6,OAK,-4.675,-3.831
2025_07_OAK_KC,2025,7,OAK,-3.831,-5.09
2025_09_JAX_OAK,2025,9,OAK,-5.09,-5.813
2025_10_OAK_DEN,2025,10,OAK,-5.813,-3.131
2025_11_DAL_OAK,2025,11,OAK,-3.131,-4.454
2025_12_CLE_OAK,2025,12,OAK,-4.454,-4.443
2025_13_OAK_LAC,2025,13,OAK,-4.443,-3.457
2025_14_DEN_OAK,2025,14,OAK,-3.457,-3.805
2025_15_OAK_PHI,2025,15,OAK,-3.805,-5.086
2025_16_OAK_HOU,2025,16,OAK,-5.086,-5.124
2025_17_NYG_OAK,2025,17,OAK,-5.124,-6.68
2025_18_KC_OAK,2025,18,OAK,-6.68,-5.102
2026_01_MIA_OAK,2026,1,OAK,-3.271,-2.324
1999_01_ARI_PHI,1999,1,PHI,0.0,0.048
1999_02_TB_PHI,1999,2,PHI,0.048,0.947
1999_03_PHI_BUF,1999,3,PHI,0.947,-0.773
1999_04_PHI_NYG,1999,4,PHI,-0.773,-0.22
1999_05_DAL_PHI,1999,5,PHI,-0.22,0.414
1999_06_PHI_CHI,1999,6,PHI,0.414,0.825
1999_07_PHI_MIA,1999,7,PHI,0.825,0.234
1999_08_NYG_PHI,1999,8,PHI,0.234,-0.923
1999_09_PHI_CAR,1999,9,PHI,-0.923,-3.429
1999_10_WAS_PHI,1999,10,PHI,-3.429,-2.233
1999_11_IND_PHI,1999,11,PHI,-2.233,-3.676
1999_12_PHI_WAS,1999,12,PHI,-3.676,-4.423
1999_13_PHI_ARI,1999,13,PHI,-4.423,-5.698
1999_14_PHI_DAL,1999,14,PHI,-5.698,-6.379
1999_15_NE_PHI,1999,15,PHI,-6.379,-3.518
1999_17_LAR_PHI,1999,17,PHI,-3.518,-1.546
2000_01_PHI_DAL,2000,1,PHI,-0.991,2.249
2000_02_NYG_PHI,2000,2,PHI,2.249,0.635
2000_03_PHI_GB,2000,3,PHI,0.635,3.469
2000_04_PHI_NO,2000,4,PHI,3.469,4.83
2000_05_ATL_PHI,2000,5,PHI,4.83,6.092
2000_06_WAS_PHI,2000,6,PHI,6.092,5.821
2000_07_PHI_ARI,2000,7,PHI,5.821,4.171
2000_08_CHI_PHI,2000,8,PHI,4.171,4.977
2000_09_PHI_NYG,2000,9,PHI,4.977,4.054
2000_10_DAL_PHI,2000,10,PHI,4.054,5.066
2000_11_PHI_PIT,2000,11,PHI,5.066,6.009
2000_12_ARI_PHI,2000,12,PHI,6.009,7.425
2000_13_PHI_WAS,2000,13,PHI,7.425,5.611
2000_14_TEN_PHI,2000,14,PHI,5.611,5.424
2000_15_PHI_CLE,2000,15,PHI,5.424,3.75
2000_17_CIN_PHI,2000,17,PHI,3.75,3.334
2000_18_TB_PHI,2000,18,PHI,3.334,3.691
2000_19_PHI_NYG,2000,19,PHI,3.691,4.014
2001_01_LAR_PHI,2001,1,PHI,2.573,3.156
2001_02_PHI_SEA,2001,2,PHI,3.156,4.995
2001_03_DAL_PHI,2001,3,PHI,4.995,6.358
2001_04_ARI_PHI,2001,4,PHI,6.358,4.826
2001_06_PHI_NYG,2001,6,PHI,4.826,4.809
2001_07_OAK_PHI,2001,7,PHI,4.809,4.654
2001_08_PHI_ARI,2001,8,PHI,4.654,3.99
2001_09_MIN_PHI,2001,9,PHI,3.99,4.809
2001_10_PHI_DAL,2001,10,PHI,4.809,6.744
2001_11_WAS_PHI,2001,11,PHI,6.744,6.267
2001_12_PHI_KC,2001,12,PHI,6.267,5.698
2001_13_LAC_PHI,2001,13,PHI,5.698,5.181
2001_14_PHI_WAS,2001,14,PHI,5.181,5.892
2001_15_PHI_SF,2001,15,PHI,5.892,6.456
2001_16_NYG_PHI,2001,16,PHI,6.456,4.981
2001_17_PHI_TB,2001,17,PHI,4.981,5.588
2001_18_TB_PHI,2001,18,PHI,5.588,7.004
2001_19_PHI_CHI,2001,19,PHI,7.004,8.065
2001_20_PHI_LAR,2001,20,PHI,8.065,7.677
2002_01_PHI_TEN,2002,1,PHI,4.921,3.464
2002_02_PHI_WAS,2002,2,PHI,3.464,4.431
2002_03_DAL_PHI,2002,3,PHI,4.431,4.894
2002_04_HOU_PHI,2002,4,PHI,4.894,5.631
2002_07_TB_PHI,2002,7,PHI,5.631,7.494
2002_08_NYG_PHI,2002,8,PHI,7.494,6.749
2002_09_PHI_CHI,2002,9,PHI,6.749,7.224
2002_10_IND_PHI,2002,10,PHI,7.224,4.083
2002_11_ARI_PHI,2002,11,PHI,4.083,4.34
2002_12_PHI_SF,2002,12,PHI,4.34,4.073
2002_13_LAR_PHI,2002,13,PHI,4.073,7.601
2002_14_PHI_SEA,2002,14,PHI,7.601,7.936
2002_15_WAS_PHI,2002,15,PHI,7.936,5.058
2002_16_PHI_DAL,2002,16,PHI,5.058,5.869
2002_17_PHI_NYG,2002,17,PHI,5.869,4.977
2002_19_ATL_PHI,2002,19,PHI,4.977,5.829
2002_20_TB_PHI,2002,20,PHI,5.829,5.19
2003_01_TB_PHI,2003,1,PHI,3.327,1.754
2003_02_NE_PHI,2003,2,PHI,1.754,-0.401
2003_04_PHI_BUF,2003,4,PHI,-0.401,-2.182
2003_05_WAS_PHI,2003,5,PHI,-2.182,-2.188
2003_06_PHI_DAL,2003,6,PHI,-2.188,-1.849
2003_07_PHI_NYG,2003,7,PHI,-1.849,-1.878
2003_08_NYJ_PHI,2003,8,PHI,-1.878,-2.112
2003_09_PHI_ATL,2003,9,PHI,-2.112,-1.155
2003_10_PHI_GB,2003,10,PHI,-1.155,0.618
2003_11_NYG_PHI,2003,11,PHI,0.618,1.229
2003_12_NO_PHI,2003,12,PHI,1.229,0.082
2003_13_PHI_CAR,2003,13,PHI,0.082,-1.382
2003_14_DAL_PHI,2003,14,PHI,-1.382,-0.056
2003_15_PHI_MIA,2003,15,PHI,-0.056,0.423
2003_16_SF_PHI,2003,16,PHI,0.423,0.465
2003_17_PHI_WAS,2003,17,PHI,0.465,0.481
2003_19_GB_PHI,2003,19,PHI,0.481,0.679
2003_20_CAR_PHI,2003,20,PHI,0.679,0.056
2004_01_NYG_PHI,2004,1,PHI,0.036,1.117
2004_02_MIN_PHI,2004,2,PHI,1.117,-0.096
2004_03_PHI_DET,2004,3,PHI,-0.096,0.125
2004_04_PHI_CHI,2004,4,PHI,0.125,-0.448
2004_06_CAR_PHI,2004,6,PHI,-0.448,1.388
2004_07_PHI_CLE,2004,7,PHI,1.388,0.806
2004_08_BAL_PHI,2004,8,PHI,0.806,-0.551
2004_09_PHI_PIT,2004,9,PHI,-0.551,-0.597
2004_10_PHI_DAL,2004,10,PHI,-0.597,-1.577
2004_11_WAS_PHI,2004,11,PHI,-1.577,-1.237
2004_12_PHI_NYG,2004,12,PHI,-1.237,1.545
2004_13_GB_PHI,2004,13,PHI,1.545,4.78
2004_14_PHI_WAS,2004,14,PHI,4.78,4.52
2004_15_DAL_PHI,2004,15,PHI,4.52,5.483
2004_16_PHI_LAR,2004,16,PHI,5.483,4.616
2004_17_CIN_PHI,2004,17,PHI,4.616,3.832
2004_19_MIN_PHI,2004,19,PHI,3.832,4.622
2004_20_ATL_PHI,2004,20,PHI,4.622,5.982
2004_21_NE_PHI,2004,21,PHI,5.982,4.916
2005_01_PHI_ATL,2005,1,PHI,3.151,3.506
2005_02_SF_PHI,2005,2,PHI,3.506,6.191
2005_03_OAK_PHI,2005,3,PHI,6.191,4.286
2005_04_PHI_KC,2005,4,PHI,4.286,4.788
2005_05_PHI_DAL,2005,5,PHI,4.788,1.641
2005_07_LAC_PHI,2005,7,PHI,1.641,1.734
2005_08_PHI_DEN,2005,8,PHI,1.734,-1.151
2005_09_PHI_WAS,2005,9,PHI,-1.151,-1.822
2005_10_DAL_PHI,2005,10,PHI,-1.822,-1.757
2005_11_PHI_NYG,2005,11,PHI,-1.757,-2.543
2005_12_GB_PHI,2005,12,PHI,-2.543,-0.534
2005_13_SEA_PHI,2005,13,PHI,-0.534,-0.124
2005_14_NYG_PHI,2005,14,PHI,-0.124,-1.043
2005_15_PHI_LAR,2005,15,PHI,-1.043,-0.479
2005_16_PHI_ARI,2005,16,PHI,-0.479,-2.047
2005_17_WAS_PHI,2005,17,PHI,-2.047,-0.801
2006_01_PHI_HOU,2006,1,PHI,-0.513,-0.982
2006_02_NYG_PHI,2006,2,PHI,-0.982,-1.899
2006_03_PHI_SF,2006,3,PHI,-1.899,-3.525
2006_04_GB_PHI,2006,4,PHI,-3.525,-1.714
2006_05_DAL_PHI,2006,5,PHI,-1.714,0.913
2006_06_PHI_NO,2006,6,PHI,0.913,-0.161
2006_07_PHI_TB,2006,7,PHI,-0.161,0.364
2006_08_JAX_PHI,2006,8,PHI,0.364,0.165
2006_10_WAS_PHI,2006,10,PHI,0.165,1.134
2006_11_TEN_PHI,2006,11,PHI,1.134,1.408
2006_12_PHI_IND,2006,12,PHI,1.408,2.369
2006_13_CAR_PHI,2006,13,PHI,2.369,0.912
2006_14_PHI_WAS,2006,14,PHI,0.912,0.913
2006_15_PHI_NYG,2006,15,PHI,0.913,0.621
2006_16_PHI_DAL,2006,16,PHI,0.621,1.764
2006_17_ATL_PHI,2006,17,PHI,1.764,0.811
2006_18_NYG_PHI,2006,18,PHI,0.811,0.412
2006_19_PHI_NO,2006,19,PHI,0.412,1.197
2007_01_PHI_GB,2007,1,PHI,0.767,2.58
2007_02_WAS_PHI,2007,2,PHI,2.58,1.8
2007_03_DET_PHI,2007,3,PHI,1.8,1.768
2007_04_PHI_NYG,2007,4,PHI,1.768,2.596
2007_06_PHI_NYJ,2007,6,PHI,2.596,4.567
2007_07_CHI_PHI,2007,7,PHI,4.567,2.688
2007_08_PHI_MIN,2007,8,PHI,2.688,3.328
2007_09_DAL_PHI,2007,9,PHI,3.328,1.039
2007_10_PHI_WAS,2007,10,PHI,1.039,-1.151
2007_11_MIA_PHI,2007,11,PHI,-1.151,-0.911
2007_12_PHI_NE,2007,12,PHI,-0.911,-0.57
2007_13_SEA_PHI,2007,13,PHI,-0.57,0.042
2007_14_NYG_PHI,2007,14,PHI,0.042,-0.522
2007_15_PHI_DAL,2007,15,PHI,-0.522,3.756
2007_16_PHI_NO,2007,16,PHI,3.756,4.388
2007_17_BUF_PHI,2007,17,PHI,4.388,3.841
2008_01_LAR_PHI,2008,1,PHI,2.462,3.421
2008_02_PHI_DAL,2008,2,PHI,3.421,1.691
2008_03_PIT_PHI,2008,3,PHI,1.691,5.226
2008_04_PHI_CHI,2008,4,PHI,5.226,5.464
2008_05_WAS_PHI,2008,5,PHI,5.464,5.825
2008_06_PHI_SF,2008,6,PHI,5.825,5.813
2008_08_ATL_PHI,2008,8,PHI,5.813,5.851
2008_09_PHI_SEA,2008,9,PHI,5.851,6.404
2008_10_NYG_PHI,2008,10,PHI,6.404,6.266
2008_11_PHI_CIN,2008,11,PHI,6.266,5.873
2008_12_PHI_BAL,2008,12,PHI,5.873,6.005
2008_13_ARI_PHI,2008,13,PHI,6.005,6.959
2008_14_PHI_NYG,2008,14,PHI,6.959,7.023
2008_15_CLE_PHI,2008,15,PHI,7.023,8.458
2008_16_PHI_WAS,2008,16,PHI,8.458,8.643
2008_17_DAL_PHI,2008,17,PHI,8.643,10.077
2008_18_PHI_MIN,2008,18,PHI,10.077,10.939
2008_19_PHI_NYG,2008,19,PHI,10.939,11.504
2008_20_PHI_ARI,2008,20,PHI,11.504,9.249
2009_01_PHI_CAR,2009,1,PHI,5.929,9.655
2009_02_NO_PHI,2009,2,PHI,9.655,8.716
2009_03_KC_PHI,2009,3,PHI,8.716,8.816
2009_05_TB_PHI,2009,5,PHI,8.816,8.698
2009_06_PHI_OAK,2009,6,PHI,8.698,7.959
2009_07_PHI_WAS,2009,7,PHI,7.959,7.665
2009_08_NYG_PHI,2009,8,PHI,7.665,8.042
2009_09_DAL_PHI,2009,9,PHI,8.042,8.678
2009_10_PHI_LAC,2009,10,PHI,8.678,7.635
2009_11_PHI_CHI,2009,11,PHI,7.635,8.055
2009_12_WAS_PHI,2009,12,PHI,8.055,7.104
2009_13_PHI_ATL,2009,13,PHI,7.104,7.678
2009_14_PHI_NYG,2009,14,PHI,7.678,4.581
2009_15_SF_PHI,2009,15,PHI,4.581,5.934
2009_16_DEN_PHI,2009,16,PHI,5.934,5.391
2009_17_PHI_DAL,2009,17,PHI,5.391,4.87
2009_18_PHI_DAL,2009,18,PHI,4.87,4.41
2010_01_GB_PHI,2010,1,PHI,2.827,4.552
2010_02_PHI_DET,2010,2,PHI,4.552,3.593
2010_03_PHI_JAX,2010,3,PHI,3.593,6.735
2010_04_WAS_PHI,2010,4,PHI,6.735,7.372
2010_05_PHI_SF,2010,5,PHI,7.372,5.455
2010_06_ATL_PHI,2010,6,PHI,5.455,5.475
2010_07_PHI_TEN,2010,7,PHI,5.475,4.868
2010_09_IND_PHI,2010,9,PHI,4.868,6.201
2010_10_PHI_WAS,2010,10,PHI,6.201,6.6
2010_11_NYG_PHI,2010,11,PHI,6.6,7.395
2010_12_PHI_CHI,2010,12,PHI,7.395,5.387
2010_13_HOU_PHI,2010,13,PHI,5.387,4.673
2010_14_PHI_DAL,2010,14,PHI,4.673,3.677
2010_15_PHI_NYG,2010,15,PHI,3.677,2.414
2010_16_MIN_PHI,2010,16,PHI,2.414,0.718
2010_17_DAL_PHI,2010,17,PHI,0.718,0.502
2010_18_GB_PHI,2010,18,PHI,0.502,0.462
2011_01_PHI_LAR,2011,1,PHI,0.296,1.644
2011_02_PHI_ATL,2011,2,PHI,1.644,2.196
2011_03_NYG_PHI,2011,3,PHI,2.196,0.718
2011_04_SF_PHI,2011,4,PHI,0.718,-0.761
2011_05_PHI_BUF,2011,5,PHI,-0.761,-0.819
2011_06_PHI_WAS,2011,6,PHI,-0.819,1.941
2011_08_DAL_PHI,2011,8,PHI,1.941,3.795
2011_09_CHI_PHI,2011,9,PHI,3.795,2.649
2011_10_ARI_PHI,2011,10,PHI,2.649,1.903
2011_11_PHI_NYG,2011,11,PHI,1.903,3.069
2011_12_NE_PHI,2011,12,PHI,3.069,0.787
2011_13_PHI_SEA,2011,13,PHI,0.787,0.061
2011_14_PHI_MIA,2011,14,PHI,0.061,1.801
2011_15_NYJ_PHI,2011,15,PHI,1.801,3.394
2011_16_PHI_DAL,2011,16,PHI,3.394,5.626
2011_17_WAS_PHI,2011,17,PHI,5.626,5.332
2012_01_PHI_CLE,2012,1,PHI,3.418,6.735
2012_02_BAL_PHI,2012,2,PHI,6.735,7.269
2012_03_PHI_ARI,2012,3,PHI,7.269,5.824
2012_04_NYG_PHI,2012,4,PHI,5.824,5.093
2012_05_PHI_PIT,2012,5,PHI,5.093,4.655
2012_06_DET_PHI,2012,6,PHI,4.655,4.192
2012_08_ATL_PHI,2012,8,PHI,4.192,2.293
2012_09_PHI_NO,2012,9,PHI,2.293,2.156
2012_10_DAL_PHI,2012,10,PHI,2.156,2.029
2012_11_PHI_WAS,2012,11,PHI,2.029,-0.774
2012_12_CAR_PHI,2012,12,PHI,-0.774,-3.579
2012_13_PHI_DAL,2012,13,PHI,-3.579,-5.433
2012_14_PHI_TB,2012,14,PHI,-5.433,-4.543
2012_15_CIN_PHI,2012,15,PHI,-4.543,-2.66
2012_16_WAS_PHI,2012,16,PHI,-2.66,-2.055
2012_17_PHI_NYG,2012,17,PHI,-2.055,-4.125
2013_01_PHI_WAS,2013,1,PHI,-2.644,-2.402
2013_02_LAC_PHI,2013,2,PHI,-2.402,-5.938
2013_03_KC_PHI,2013,3,PHI,-5.938,-5.146
2013_04_PHI_DEN,2013,4,PHI,-5.146,-6.87
2013_05_PHI_NYG,2013,5,PHI,-6.87,-5.745
2013_06_PHI_TB,2013,6,PHI,-5.745,-6.842
2013_07_DAL_PHI,2013,7,PHI,-6.842,-5.516
2013_08_NYG_PHI,2013,8,PHI,-5.516,-6.017
2013_09_PHI_OAK,2013,9,PHI,-6.017,-5.508
2013_10_PHI_GB,2013,10,PHI,-5.508,-4.687
2013_11_WAS_PHI,2013,11,PHI,-4.687,-3.714
2013_13_ARI_PHI,2013,13,PHI,-3.714,-2.987
2013_14_DET_PHI,2013,14,PHI,-2.987,-1.009
2013_15_PHI_MIN,2013,15,PHI,-1.009,-3.586
2013_16_CHI_PHI,2013,16,PHI,-3.586,-2.183
2013_17_PHI_DAL,2013,17,PHI,-2.183,-3.69
2013_18_NO_PHI,2013,18,PHI,-3.69,-1.817
2014_01_JAX_PHI,2014,1,PHI,-1.165,-1.873
2014_02_PHI_IND,2014,2,PHI,-1.873,-2.13
2014_03_WAS_PHI,2014,3,PHI,-2.13,-5.322
2014_04_PHI_SF,2014,4,PHI,-5.322,-4.742
2014_05_LAR_PHI,2014,5,PHI,-4.742,-7.315
2014_06_NYG_PHI,2014,6,PHI,-7.315,-4.513
2014_08_PHI_ARI,2014,8,PHI,-4.513,-5.217
2014_09_PHI_HOU,2014,9,PHI,-5.217,-4.743
2014_10_CAR_PHI,2014,10,PHI,-4.743,-2.132
2014_11_PHI_GB,2014,11,PHI,-2.132,-3.687
2014_12_TEN_PHI,2014,12,PHI,-3.687,-3.452
2014_13_PHI_DAL,2014,13,PHI,-3.452,-0.414
2014_14_SEA_PHI,2014,14,PHI,-0.414,-1.971
2014_15_DAL_PHI,2014,15,PHI,-1.971,-2.551
2014_16_PHI_WAS,2014,16,PHI,-2.551,-2.198
2014_17_PHI_NYG,2014,17,PHI,-2.198,-2.748
2015_01_PHI_ATL,2015,1,PHI,-1.761,-1.643
2015_02_DAL_PHI,2015,2,PHI,-1.643,-0.677
2015_03_PHI_NYJ,2015,3,PHI,-0.677,-0.321
2015_04_PHI_WAS,2015,4,PHI,-0.321,-2.501
2015_05_NO_PHI,2015,5,PHI,-2.501,-1.207
2015_06_NYG_PHI,2015,6,PHI,-1.207,0.687
2015_07_PHI_CAR,2015,7,PHI,0.687,1.66
2015_09_PHI_DAL,2015,9,PHI,1.66,0.123
2015_10_MIA_PHI,2015,10,PHI,0.123,0.619
2015_11_TB_PHI,2015,11,PHI,0.619,-1.903
2015_12_PHI_DET,2015,12,PHI,-1.903,-5.078
2015_13_PHI_NE,2015,13,PHI,-5.078,-3.642
2015_14_BUF_PHI,2015,14,PHI,-3.642,-3.941
2015_15_ARI_PHI,2015,15,PHI,-3.941,-3.435
2015_16_WAS_PHI,2015,16,PHI,-3.435,-5.139
2015_17_PHI_NYG,2015,17,PHI,-5.139,-5.505
2016_01_CLE_PHI,2016,1,PHI,-3.529,-2.369
2016_02_PHI_CHI,2016,2,PHI,-2.369,-0.74
2016_03_PIT_PHI,2016,3,PHI,-0.74,1.262
2016_05_PHI_DET,2016,5,PHI,1.262,1.093
2016_06_PHI_WAS,2016,6,PHI,1.093,0.999
2016_07_MIN_PHI,2016,7,PHI,0.999,2.928
2016_08_PHI_DAL,2016,8,PHI,2.928,1.954
2016_09_PHI_NYG,2016,9,PHI,1.954,1.46
2016_10_ATL_PHI,2016,10,PHI,1.46,2.905
2016_11_PHI_SEA,2016,11,PHI,2.905,2.821
2016_12_GB_PHI,2016,12,PHI,2.821,0.863
2016_13_PHI_CIN,2016,13,PHI,0.863,-1.438
2016_14_WAS_PHI,2016,14,PHI,-1.438,-0.288
2016_15_PHI_BAL,2016,15,PHI,-0.288,1.028
2016_16_NYG_PHI,2016,16,PHI,1.028,0.974
2016_17_DAL_PHI,2016,17,PHI,0.974,3.546
2017_01_PHI_WAS,2017,1,PHI,2.273,3.682
2017_02_PHI_KC,2017,2,PHI,3.682,3.562
2017_03_NYG_PHI,2017,3,PHI,3.562,1.024
2017_04_PHI_LAC,2017,4,PHI,1.024,0.116
2017_05_ARI_PHI,2017,5,PHI,0.116,-0.741
2017_06_PHI_CAR,2017,6,PHI,-0.741,-0.326
2017_07_WAS_PHI,2017,7,PHI,-0.326,-0.685
2017_08_SF_PHI,2017,8,PHI,-0.685,0.739
2017_09_DEN_PHI,2017,9,PHI,0.739,2.349
2017_11_PHI_DAL,2017,11,PHI,2.349,6.129
2017_12_CHI_PHI,2017,12,PHI,6.129,7.673
2017_13_PHI_SEA,2017,13,PHI,7.673,6.83
2017_14_PHI_LAR,2017,14,PHI,6.83,6.518
2017_15_PHI_NYG,2017,15,PHI,6.518,3.549
2017_16_OAK_PHI,2017,16,PHI,3.549,5.295
2017_17_DAL_PHI,2017,17,PHI,5.295,4.583
2017_19_ATL_PHI,2017,19,PHI,4.583,4.912
2017_20_MIN_PHI,2017,20,PHI,4.912,5.457
2017_21_PHI_NE,2017,21,PHI,5.457,3.02
2018_01_ATL_PHI,2018,1,PHI,1.936,4.378
2018_02_PHI_TB,2018,2,PHI,4.378,1.664
2018_03_IND_PHI,2018,3,PHI,1.664,1.778
2018_04_PHI_TEN,2018,4,PHI,1.778,-0.601
2018_05_MIN_PHI,2018,5,PHI,-0.601,-1.546
2018_06_PHI_NYG,2018,6,PHI,-1.546,0.076
2018_07_CAR_PHI,2018,7,PHI,0.076,-1.376
2018_08_PHI_JAX,2018,8,PHI,-1.376,-1.646
2018_10_DAL_PHI,2018,10,PHI,-1.646,-2.351
2018_11_PHI_NO,2018,11,PHI,-2.351,-3.914
2018_12_NYG_PHI,2018,12,PHI,-3.914,-4.283
2018_13_WAS_PHI,2018,13,PHI,-4.283,-3.596
2018_14_PHI_DAL,2018,14,PHI,-3.596,-5.617
2018_15_PHI_LAR,2018,15,PHI,-5.617,-5.507
2018_16_HOU_PHI,2018,16,PHI,-5.507,-8.113
2018_17_PHI_WAS,2018,17,PHI,-8.113,-5.541
2018_18_PHI_CHI,2018,18,PHI,-5.541,-5.631
2018_19_PHI_NO,2018,19,PHI,-5.631,-5.273
2019_01_WAS_PHI,2019,1,PHI,-3.38,-5.958
2019_02_PHI_ATL,2019,2,PHI,-5.958,-5.378
2019_03_DET_PHI,2019,3,PHI,-5.378,-4.806
2019_04_PHI_GB,2019,4,PHI,-4.806,-6.661
2019_05_NYJ_PHI,2019,5,PHI,-6.661,-2.941
2019_06_PHI_MIN,2019,6,PHI,-2.941,-4.837
2019_07_PHI_DAL,2019,7,PHI,-4.837,-4.737
2019_08_PHI_BUF,2019,8,PHI,-4.737,-4.206
2019_09_CHI_PHI,2019,9,PHI,-4.206,-2.528
2019_11_NE_PHI,2019,11,PHI,-2.528,-1.187
2019_12_SEA_PHI,2019,12,PHI,-1.187,1.604
2019_13_PHI_MIA,2019,13,PHI,1.604,-0.224
2019_14_NYG_PHI,2019,14,PHI,-0.224,0.154
2019_15_PHI_WAS,2019,15,PHI,0.154,-2.461
2019_16_DAL_PHI,2019,16,PHI,-2.461,-1.054
2019_17_PHI_NYG,2019,17,PHI,-1.054,-0.595
2019_18_SEA_PHI,2019,18,PHI,-0.595,-1.956
2020_01_PHI_WAS,2020,1,PHI,-1.254,-0.713
2020_02_LAR_PHI,2020,2,PHI,-0.713,-2.351
2020_03_CIN_PHI,2020,3,PHI,-2.351,-2.065
2020_04_PHI_SF,2020,4,PHI,-2.065,-0.692
2020_05_PHI_PIT,2020,5,PHI,-0.692,-2.113
2020_06_BAL_PHI,2020,6,PHI,-2.113,-3.005
2020_07_NYG_PHI,2020,7,PHI,-3.005,-4.395
2020_08_DAL_PHI,2020,8,PHI,-4.395,-3.484
2020_10_PHI_NYG,2020,10,PHI,-3.484,-5.267
2020_11_PHI_CLE,2020,11,PHI,-5.267,-4.059
2020_12_SEA_PHI,2020,12,PHI,-4.059,-3.583
2020_13_PHI_GB,2020,13,PHI,-3.583,-3.666
2020_15_PHI_ARI,2020,15,PHI,-3.666,-5.903
2020_16_PHI_DAL,2020,16,PHI,-5.903,-7.775
2020_17_WAS_PHI,2020,17,PHI,-7.775,-6.445
2021_01_PHI_ATL,2021,1,PHI,-4.131,-2.161
2021_02_SF_PHI,2021,2,PHI,-2.161,-3.611
2021_03_PHI_DAL,2021,3,PHI,-3.611,-3.097
2021_04_KC_PHI,2021,4,PHI,-3.097,-4.474
2021_05_PHI_CAR,2021,5,PHI,-4.474,-1.989
2021_06_TB_PHI,2021,6,PHI,-1.989,-2.583
2021_07_PHI_OAK,2021,7,PHI,-2.583,-4.428
2021_08_PHI_DET,2021,8,PHI,-4.428,-3.251
2021_09_LAC_PHI,2021,9,PHI,-3.251,-6.331
2021_10_PHI_DEN,2021,10,PHI,-6.331,-5.984
2021_11_NO_PHI,2021,11,PHI,-5.984,-7.169
2021_12_PHI_NYG,2021,12,PHI,-7.169,-7.479
2021_13_PHI_NYJ,2021,13,PHI,-7.479,-8.241
2021_15_WAS_PHI,2021,15,PHI,-8.241,-7.832
2021_16_NYG_PHI,2021,16,PHI,-7.832,-5.175
2021_17_PHI_WAS,2021,17,PHI,-5.175,-5.226
2021_18_DAL_PHI,2021,18,PHI,-5.226,-7.259
2021_19_PHI_TB,2021,19,PHI,-7.259,-6.891
2022_01_PHI_DET,2022,1,PHI,-4.417,-3.951
2022_02_MIN_PHI,2022,2,PHI,-3.951,-1.71
2022_03_PHI_WAS,2022,3,PHI,-1.71,0.944
2022_04_JAX_PHI,2022,4,PHI,0.944,2.59
2022_05_PHI_ARI,2022,5,PHI,2.59,2.242
2022_06_DAL_PHI,2022,6,PHI,2.242,3.866
2022_08_PIT_PHI,2022,8,PHI,3.866,5.082
2022_09_PHI_HOU,2022,9,PHI,5.082,5.996
2022_10_WAS_PHI,2022,10,PHI,5.996,7.021
2022_11_PHI_IND,2022,11,PHI,7.021,7.799
2022_12_GB_PHI,2022,12,PHI,7.799,9.376
2022_13_TEN_PHI,2022,13,PHI,9.376,10.413
2022_14_PHI_NYG,2022,14,PHI,10.413,10.152
2022_15_PHI_CHI,2022,15,PHI,10.152,9.232
2022_16_PHI_DAL,2022,16,PHI,9.232,8.092
2022_17_NO_PHI,2022,17,PHI,8.092,9.555
2022_18_NYG_PHI,2022,18,PHI,9.555,7.346
2022_20_NYG_PHI,2022,20,PHI,7.346,10.317
2022_21_SF_PHI,2022,21,PHI,10.317,11.279
2022_22_KC_PHI,2022,22,PHI,11.279,10.111
2023_01_PHI_NE,2023,1,PHI,6.481,4.617
2023_02_MIN_PHI,2023,2,PHI,4.617,2.228
2023_03_PHI_TB,2023,3,PHI,2.228,3.092
2023_04_WAS_PHI,2023,4,PHI,3.092,1.441
2023_05_PHI_LAR,2023,5,PHI,1.441,2.046
2023_06_PHI_NYJ,2023,6,PHI,2.046,2.929
2023_07_MIA_PHI,2023,7,PHI,2.929,4.029
2023_08_PHI_WAS,2023,8,PHI,4.029,-0.223
2023_09_DAL_PHI,2023,9,PHI,-0.223,-0.997
2023_11_PHI_KC,2023,11,PHI,-0.997,0.049
2023_12_BUF_PHI,2023,12,PHI,0.049,-2.007
2023_13_SF_PHI,2023,13,PHI,-2.007,-3.947
2023_14_PHI_DAL,2023,14,PHI,-3.947,-3.201
2023_15_PHI_SEA,2023,15,PHI,-3.201,-3.029
2023_16_NYG_PHI,2023,16,PHI,-3.029,-2.154
2023_17_ARI_PHI,2023,17,PHI,-2.154,-3.464
2023_18_PHI_NYG,2023,18,PHI,-3.464,-5.102
2023_19_PHI_TB,2023,19,PHI,-5.102,-6.243
2024_01_GB_PHI,2024,1,PHI,-4.002,-3.084
2024_02_ATL_PHI,2024,2,PHI,-3.084,-3.513
2024_03_PHI_NO,2024,3,PHI,-3.513,-1.786
2024_04_PHI_TB,2024,4,PHI,-1.786,-3.941
2024_06_CLE_PHI,2024,6,PHI,-3.941,-2.851
2024_07_PHI_NYG,2024,7,PHI,-2.851,-0.372
2024_08_PHI_CIN,2024,8,PHI,-0.372,-0.129
2024_09_JAX_PHI,2024,9,PHI,-0.129,1.523
2024_10_PHI_DAL,2024,10,PHI,1.523,2.785
2024_11_WAS_PHI,2024,11,PHI,2.785,3.736
2024_12_PHI_LAR,2024,12,PHI,3.736,3.73
2024_13_PHI_BAL,2024,13,PHI,3.73,3.359
2024_14_CAR_PHI,2024,14,PHI,3.359,2.875
2024_15_PIT_PHI,2024,15,PHI,2.875,3.778
2024_16_PHI_WAS,2024,16,PHI,3.778,1.528
2024_17_DAL_PHI,2024,17,PHI,1.528,2.881
2024_18_NYG_PHI,2024,18,PHI,2.881,2.522
2024_19_GB_PHI,2024,19,PHI,2.522,4.888
2024_20_LAR_PHI,2024,20,PHI,4.888,4.833
2024_21_WAS_PHI,2024,21,PHI,4.833,4.569
2024_22_KC_PHI,2024,22,PHI,4.569,6.06
2025_01_DAL_PHI,2025,1,PHI,3.885,4.427
2025_02_PHI_KC,2025,2,PHI,4.427,4.5
2025_03_LAR_PHI,2025,3,PHI,4.5,4.912
2025_04_PHI_TB,2025,4,PHI,4.912,5.157
2025_05_DEN_PHI,2025,5,PHI,5.157,5.11
2025_06_PHI_NYG,2025,6,PHI,5.11,3.337
2025_07_PHI_MIN,2025,7,PHI,3.337,3.356
2025_08_NYG_PHI,2025,8,PHI,3.356,3.711
2025_10_PHI_GB,2025,10,PHI,3.711,5.161
2025_11_DET_PHI,2025,11,PHI,5.161,7.163
2025_12_PHI_DAL,2025,12,PHI,7.163,5.978
2025_13_CHI_PHI,2025,13,PHI,5.978,7.515
2025_14_PHI_LAC,2025,14,PHI,7.515,9.562
2025_15_OAK_PHI,2025,15,PHI,9.562,11.399
2025_16_PHI_WAS,2025,16,PHI,11.399,12.466
2025_17_PHI_BUF,2025,17,PHI,12.466,12.518
2025_18_WAS_PHI,2025,18,PHI,12.518,10.6
2025_19_SF_PHI,2025,19,PHI,10.6,10.858
2026_01_WAS_PHI,2026,1,PHI,6.96,6.783
1999_01_PIT_CLE,1999,1,PIT,0.0,1.089
1999_02_PIT_BAL,1999,2,PIT,1.089,2.715
1999_03_SEA_PIT,1999,3,PIT,2.715,1.21
1999_04_JAX_PIT,1999,4,PIT,1.21,1.902
1999_05_PIT_BUF,1999,5,PIT,1.902,-1.079
1999_06_PIT_CIN,1999,6,PIT,-1.079,0.82
1999_07_ATL_PIT,1999,7,PIT,0.82,1.647
1999_09_PIT_SF,1999,9,PIT,1.647,1.476
1999_10_CLE_PIT,1999,10,PIT,1.476,1.282
1999_11_PIT_TEN,1999,11,PIT,1.282,0.49
1999_12_CIN_PIT,1999,12,PIT,0.49,-0.47
1999_13_PIT_JAX,1999,13,PIT,-0.47,-2.186
1999_14_BAL_PIT,1999,14,PIT,-2.186,-2.242
1999_15_PIT_KC,1999,15,PIT,-2.242,-2.868
1999_16_CAR_PIT,1999,16,PIT,-2.868,-3.316
1999_17_TEN_PIT,1999,17,PIT,-3.316,-3.768
2000_01_BAL_PIT,2000,1,PIT,-2.415,-3.138
2000_03_PIT_CLE,2000,3,PIT,-3.138,-6.142
2000_04_TEN_PIT,2000,4,PIT,-6.142,-4.816
2000_05_PIT_JAX,2000,5,PIT,-4.816,-1.822
2000_06_PIT_NYJ,2000,6,PIT,-1.822,-0.487
2000_07_CIN_PIT,2000,7,PIT,-0.487,-0.259
2000_08_CLE_PIT,2000,8,PIT,-0.259,1.815
2000_09_PIT_BAL,2000,9,PIT,1.815,2.517
2000_10_PIT_TEN,2000,10,PIT,2.517,1.81
2000_11_PHI_PIT,2000,11,PIT,1.81,1.798
2000_12_JAX_PIT,2000,12,PIT,1.798,2.519
2000_13_PIT_CIN,2000,13,PIT,2.519,2.133
2000_14_OAK_PIT,2000,14,PIT,2.133,1.124
2000_15_PIT_NYG,2000,15,PIT,1.124,-1.258
2000_16_WAS_PIT,2000,16,PIT,-1.258,0.433
2000_17_PIT_LAC,2000,17,PIT,0.433,1.445
2001_03_PIT_BUF,2001,3,PIT,0.926,1.569
2001_04_CIN_PIT,2001,4,PIT,1.569,1.849
2001_05_PIT_KC,2001,5,PIT,1.849,3.6
2001_06_PIT_TB,2001,6,PIT,3.6,5.104
2001_07_TEN_PIT,2001,7,PIT,5.104,6.383
2001_08_BAL_PIT,2001,8,PIT,6.383,6.983
2001_09_PIT_CLE,2001,9,PIT,6.983,7.997
2001_10_JAX_PIT,2001,10,PIT,7.997,7.504
2001_11_PIT_TEN,2001,11,PIT,7.504,5.983
2001_12_MIN_PIT,2001,12,PIT,5.983,6.759
2001_13_NYJ_PIT,2001,13,PIT,6.759,6.18
2001_14_PIT_BAL,2001,14,PIT,6.18,5.926
2001_15_DET_PIT,2001,15,PIT,5.926,6.712
2001_16_PIT_CIN,2001,16,PIT,6.712,4.299
2001_17_CLE_PIT,2001,17,PIT,4.299,6.166
2001_19_BAL_PIT,2001,19,PIT,6.166,8.232
2001_20_NE_PIT,2001,20,PIT,8.232,8.035
2002_01_PIT_NE,2002,1,PIT,5.151,2.544
2002_02_OAK_PIT,2002,2,PIT,2.544,2.664
2002_04_CLE_PIT,2002,4,PIT,2.664,4.411
2002_05_PIT_NO,2002,5,PIT,4.411,4.241
2002_06_PIT_CIN,2002,6,PIT,4.241,5.765
2002_07_IND_PIT,2002,7,PIT,5.765,6.108
2002_08_PIT_BAL,2002,8,PIT,6.108,5.152
2002_09_PIT_CLE,2002,9,PIT,5.152,5.88
2002_10_ATL_PIT,2002,10,PIT,5.88,4.29
2002_11_PIT_TEN,2002,11,PIT,4.29,2.947
2002_12_CIN_PIT,2002,12,PIT,2.947,1.861
2002_14_HOU_PIT,2002,14,PIT,1.861,3.081
2002_15_CAR_PIT,2002,15,PIT,3.081,3.561
2002_16_PIT_TB,2002,16,PIT,3.561,4.919
2002_17_BAL_PIT,2002,17,PIT,4.919,3.483
2002_18_CLE_PIT,2002,18,PIT,3.483,-0.029
2002_19_PIT_TEN,2002,19,PIT,-0.029,-1.362
2003_01_BAL_PIT,2003,1,PIT,-0.873,-0.078
2003_02_PIT_KC,2003,2,PIT,-0.078,1.063
2003_03_PIT_CIN,2003,3,PIT,1.063,1.795
2003_04_TEN_PIT,2003,4,PIT,1.795,0.598
2003_05_CLE_PIT,2003,5,PIT,0.598,-1.376
2003_06_PIT_DEN,2003,6,PIT,-1.376,-1.23
2003_08_LAR_PIT,2003,8,PIT,-1.23,-2.353
2003_09_PIT_SEA,2003,9,PIT,-2.353,-1.463
2003_10_ARI_PIT,2003,10,PIT,-1.463,-2.212
2003_11_PIT_SF,2003,11,PIT,-2.212,-4.92
2003_12_PIT_CLE,2003,12,PIT,-4.92,-3.518
2003_13_CIN_PIT,2003,13,PIT,-3.518,-5.175
2003_14_OAK_PIT,2003,14,PIT,-5.175,-1.834
2003_15_PIT_NYJ,2003,15,PIT,-1.834,-1.44
2003_16_LAC_PIT,2003,16,PIT,-1.44,-1.45
2003_17_PIT_BAL,2003,17,PIT,-1.45,-1.407
2004_01_OAK_PIT,2004,1,PIT,-0.902,-0.387
2004_02_PIT_BAL,2004,2,PIT,-0.387,-0.535
2004_03_PIT_MIA,2004,3,PIT,-0.535,1.483
2004_04_CIN_PIT,2004,4,PIT,1.483,2.105
2004_05_CLE_PIT,2004,5,PIT,2.105,2.088
2004_06_PIT_DAL,2004,6,PIT,2.088,1.757
2004_08_NE_PIT,2004,8,PIT,1.757,2.611
2004_09_PHI_PIT,2004,9,PIT,2.611,5.064
2004_10_PIT_CLE,2004,10,PIT,5.064,6.976
2004_11_PIT_CIN,2004,11,PIT,6.976,7.073
2004_12_WAS_PIT,2004,12,PIT,7.073,7.722
2004_13_PIT_JAX,2004,13,PIT,7.722,6.902
2004_14_NYJ_PIT,2004,14,PIT,6.902,8.36
2004_15_PIT_NYG,2004,15,PIT,8.36,6.018
2004_16_BAL_PIT,2004,16,PIT,6.018,5.035
2004_17_PIT_BUF,2004,17,PIT,5.035,5.797
2004_19_NYJ_PIT,2004,19,PIT,5.797,6.977
2004_20_NE_PIT,2004,20,PIT,6.977,5.787
2005_01_TEN_PIT,2005,1,PIT,3.71,4.151
2005_02_PIT_HOU,2005,2,PIT,4.151,4.521
2005_03_NE_PIT,2005,3,PIT,4.521,3.731
2005_05_PIT_LAC,2005,5,PIT,3.731,4.154
2005_06_JAX_PIT,2005,6,PIT,4.154,4.823
2005_07_PIT_CIN,2005,7,PIT,4.823,5.942
2005_08_BAL_PIT,2005,8,PIT,5.942,5.813
2005_09_PIT_GB,2005,9,PIT,5.813,6.586
2005_10_CLE_PIT,2005,10,PIT,6.586,6.115
2005_11_PIT_BAL,2005,11,PIT,6.115,6.766
2005_12_PIT_IND,2005,12,PIT,6.766,7.507
2005_13_CIN_PIT,2005,13,PIT,7.507,6.924
2005_14_CHI_PIT,2005,14,PIT,6.924,6.433
2005_15_PIT_MIN,2005,15,PIT,6.433,7.991
2005_16_PIT_CLE,2005,16,PIT,7.991,9.76
2005_17_DET_PIT,2005,17,PIT,9.76,7.623
2005_18_PIT_CIN,2005,18,PIT,7.623,8.096
2005_19_PIT_IND,2005,19,PIT,8.096,9.03
2005_20_PIT_DEN,2005,20,PIT,9.03,9.528
2005_21_SEA_PIT,2005,21,PIT,9.528,9.918
2006_01_MIA_PIT,2006,1,PIT,6.358,8.156
2006_02_PIT_JAX,2006,2,PIT,8.156,7.711
2006_03_CIN_PIT,2006,3,PIT,7.711,8.28
2006_05_PIT_LAC,2006,5,PIT,8.28,7.491
2006_06_KC_PIT,2006,6,PIT,7.491,7.659
2006_07_PIT_ATL,2006,7,PIT,7.659,5.827
2006_08_PIT_OAK,2006,8,PIT,5.827,7.951
2006_09_DEN_PIT,2006,9,PIT,7.951,6.06
2006_10_NO_PIT,2006,10,PIT,6.06,4.152
2006_11_PIT_CLE,2006,11,PIT,4.152,3.91
2006_12_PIT_BAL,2006,12,PIT,3.91,3.152
2006_13_TB_PIT,2006,13,PIT,3.152,4.928
2006_14_CLE_PIT,2006,14,PIT,4.928,2.683
2006_15_PIT_CAR,2006,15,PIT,2.683,3.66
2006_16_BAL_PIT,2006,16,PIT,3.66,2.581
2006_17_PIT_CIN,2006,17,PIT,2.581,2.028
2007_01_PIT_CLE,2007,1,PIT,1.3,4.044
2007_02_BUF_PIT,2007,2,PIT,4.044,4.11
2007_03_SF_PIT,2007,3,PIT,4.11,3.575
2007_04_PIT_ARI,2007,4,PIT,3.575,4.1
2007_05_SEA_PIT,2007,5,PIT,4.1,6.025
2007_07_PIT_DEN,2007,7,PIT,6.025,3.975
2007_08_PIT_CIN,2007,8,PIT,3.975,3.001
2007_09_BAL_PIT,2007,9,PIT,3.001,5.922
2007_10_CLE_PIT,2007,10,PIT,5.922,5.408
2007_11_PIT_NYJ,2007,11,PIT,5.408,5.904
2007_12_MIA_PIT,2007,12,PIT,5.904,6.223
2007_13_CIN_PIT,2007,13,PIT,6.223,8.327
2007_14_PIT_NE,2007,14,PIT,8.327,5.666
2007_15_JAX_PIT,2007,15,PIT,5.666,4.95
2007_16_PIT_LAR,2007,16,PIT,4.95,4.407
2007_17_PIT_BAL,2007,17,PIT,4.407,3.312
2007_18_JAX_PIT,2007,18,PIT,3.312,5.101
2008_01_HOU_PIT,2008,1,PIT,3.27,3.377
2008_02_PIT_CLE,2008,2,PIT,3.377,4.704
2008_03_PIT_PHI,2008,3,PIT,4.704,5.636
2008_04_BAL_PIT,2008,4,PIT,5.636,6.294
2008_05_PIT_JAX,2008,5,PIT,6.294,6.522
2008_07_PIT_CIN,2008,7,PIT,6.522,6.859
2008_08_NYG_PIT,2008,8,PIT,6.859,6.197
2008_09_PIT_WAS,2008,9,PIT,6.197,9.149
2008_10_IND_PIT,2008,10,PIT,9.149,8.773
2008_11_LAC_PIT,2008,11,PIT,8.773,10.548
2008_12_CIN_PIT,2008,12,PIT,10.548,9.833
2008_13_PIT_NE,2008,13,PIT,9.833,12.77
2008_14_DAL_PIT,2008,14,PIT,12.77,14.569
2008_15_PIT_BAL,2008,15,PIT,14.569,16.494
2008_16_PIT_TEN,2008,16,PIT,16.494,14.641
2008_17_CLE_PIT,2008,17,PIT,14.641,16.812
2008_19_LAC_PIT,2008,19,PIT,16.812,16.063
2008_20_BAL_PIT,2008,20,PIT,16.063,18.649
2008_21_PIT_ARI,2008,21,PIT,18.649,16.427
2009_01_TEN_PIT,2009,1,PIT,10.53,9.693
2009_02_PIT_CHI,2009,2,PIT,9.693,8.059
2009_03_PIT_CIN,2009,3,PIT,8.059,8.206
2009_04_LAC_PIT,2009,4,PIT,8.206,7.533
2009_05_PIT_DET,2009,5,PIT,7.533,7.432
2009_06_CLE_PIT,2009,6,PIT,7.432,8.525
2009_07_MIN_PIT,2009,7,PIT,8.525,8.74
2009_09_PIT_DEN,2009,9,PIT,8.74,10.289
2009_10_CIN_PIT,2009,10,PIT,10.289,11.131
2009_11_PIT_KC,2009,11,PIT,11.131,10.889
2009_12_PIT_BAL,2009,12,PIT,10.889,10.417
2009_13_OAK_PIT,2009,13,PIT,10.417,7.418
2009_14_PIT_CLE,2009,14,PIT,7.418,7.511
2009_15_GB_PIT,2009,15,PIT,7.511,4.784
2009_16_BAL_PIT,2009,16,PIT,4.784,5.77
2009_17_PIT_MIA,2009,17,PIT,5.77,5.616
2010_01_ATL_PIT,2010,1,PIT,3.6,3.86
2010_02_PIT_TEN,2010,2,PIT,3.86,5.92
2010_03_PIT_TB,2010,3,PIT,5.92,6.44
2010_04_BAL_PIT,2010,4,PIT,6.44,5.424
2010_06_CLE_PIT,2010,6,PIT,5.424,4.796
2010_07_PIT_MIA,2010,7,PIT,4.796,3.553
2010_08_PIT_NO,2010,8,PIT,3.553,2.829
2010_09_PIT_CIN,2010,9,PIT,2.829,3.196
2010_10_NE_PIT,2010,10,PIT,3.196,-0.001
2010_11_OAK_PIT,2010,11,PIT,-0.001,2.815
2010_12_PIT_BUF,2010,12,PIT,2.815,3.238
2010_13_PIT_BAL,2010,13,PIT,3.238,3.35
2010_14_CIN_PIT,2010,14,PIT,3.35,5.19
2010_15_NYJ_PIT,2010,15,PIT,5.19,3.584
2010_16_CAR_PIT,2010,16,PIT,3.584,5.114
2010_17_PIT_CLE,2010,17,PIT,5.114,6.468
2010_19_BAL_PIT,2010,19,PIT,6.468,8.394
2010_20_NYJ_PIT,2010,20,PIT,8.394,6.693
2010_21_PIT_GB,2010,21,PIT,6.693,6.528
2011_01_PIT_BAL,2011,1,PIT,4.184,2.727
2011_02_SEA_PIT,2011,2,PIT,2.727,3.175
2011_03_PIT_IND,2011,3,PIT,3.175,3.877
2011_04_PIT_HOU,2011,4,PIT,3.877,4.012
2011_05_TEN_PIT,2011,5,PIT,4.012,4.486
2011_06_JAX_PIT,2011,6,PIT,4.486,5.682
2011_07_PIT_ARI,2011,7,PIT,5.682,4.691
2011_08_NE_PIT,2011,8,PIT,4.691,5.189
2011_09_BAL_PIT,2011,9,PIT,5.189,4.357
2011_10_PIT_CIN,2011,10,PIT,4.357,4.448
2011_12_PIT_KC,2011,12,PIT,4.448,5.066
2011_13_CIN_PIT,2011,13,PIT,5.066,5.887
2011_14_CLE_PIT,2011,14,PIT,5.887,7.282
2011_15_PIT_SF,2011,15,PIT,7.282,6.118
2011_16_LAR_PIT,2011,16,PIT,6.118,7.379
2011_17_PIT_CLE,2011,17,PIT,7.379,8.177
2011_18_PIT_DEN,2011,18,PIT,8.177,4.719
2012_01_PIT_DEN,2012,1,PIT,3.025,2.717
2012_02_NYJ_PIT,2012,2,PIT,2.717,3.916
2012_03_PIT_OAK,2012,3,PIT,3.916,2.831
2012_05_PHI_PIT,2012,5,PIT,2.831,2.895
2012_06_PIT_TEN,2012,6,PIT,2.895,2.922
2012_07_PIT_CIN,2012,7,PIT,2.922,4.136
2012_08_WAS_PIT,2012,8,PIT,4.136,5.283
2012_09_PIT_NYG,2012,9,PIT,5.283,7.735
2012_10_KC_PIT,2012,10,PIT,7.735,8.523
2012_11_BAL_PIT,2012,11,PIT,8.523,8.987
2012_12_PIT_CLE,2012,12,PIT,8.987,9.38
2012_13_PIT_BAL,2012,13,PIT,9.38,10.653
2012_14_LAC_PIT,2012,14,PIT,10.653,9.686
2012_15_PIT_DAL,2012,15,PIT,9.686,7.809
2012_16_CIN_PIT,2012,16,PIT,7.809,9.659
2012_17_CLE_PIT,2012,17,PIT,9.659,8.63
2013_01_TEN_PIT,2013,1,PIT,5.532,6.054
2013_02_PIT_CIN,2013,2,PIT,6.054,4.828
2013_03_CHI_PIT,2013,3,PIT,4.828,4.74
2013_04_PIT_MIN,2013,4,PIT,4.74,2.906
2013_06_PIT_NYJ,2013,6,PIT,2.906,4.211
2013_07_BAL_PIT,2013,7,PIT,4.211,2.782
2013_09_PIT_NE,2013,9,PIT,2.782,-0.246
2013_10_BUF_PIT,2013,10,PIT,-0.246,0.249
2013_11_DET_PIT,2013,11,PIT,0.249,0.811
2013_12_PIT_CLE,2013,12,PIT,0.811,1.083
2013_13_PIT_BAL,2013,13,PIT,1.083,0.104
2013_14_MIA_PIT,2013,14,PIT,0.104,-1.583
2013_15_CIN_PIT,2013,15,PIT,-1.583,-2.703
2013_16_PIT_GB,2013,16,PIT,-2.703,-2.564
2013_17_CLE_PIT,2013,17,PIT,-2.564,-1.775
2014_01_CLE_PIT,2014,1,PIT,-1.138,-1.496
2014_02_PIT_BAL,2014,2,PIT,-1.496,-2.536
2014_03_PIT_CAR,2014,3,PIT,-2.536,-2.609
2014_04_TB_PIT,2014,4,PIT,-2.609,-3.292
2014_05_PIT_JAX,2014,5,PIT,-3.292,-2.231
2014_06_PIT_CLE,2014,6,PIT,-2.231,-2.528
2014_07_HOU_PIT,2014,7,PIT,-2.528,-3.474
2014_08_IND_PIT,2014,8,PIT,-3.474,-3.889
2014_09_BAL_PIT,2014,9,PIT,-3.889,-3.965
2014_10_PIT_NYJ,2014,10,PIT,-3.965,-3.061
2014_11_PIT_TEN,2014,11,PIT,-3.061,-4.713
2014_13_NO_PIT,2014,13,PIT,-4.713,-6.036
2014_14_PIT_CIN,2014,14,PIT,-6.036,-8.294
2014_15_PIT_ATL,2014,15,PIT,-8.294,-9.333
2014_16_KC_PIT,2014,16,PIT,-9.333,-8.693
2014_17_CIN_PIT,2014,17,PIT,-8.693,-8.212
2014_18_BAL_PIT,2014,18,PIT,-8.212,-8.564
2015_01_PIT_NE,2015,1,PIT,-5.489,-6.78
2015_02_SF_PIT,2015,2,PIT,-6.78,-8.38
2015_03_PIT_LAR,2015,3,PIT,-8.38,-7.113
2015_04_BAL_PIT,2015,4,PIT,-7.113,-4.819
2015_05_PIT_LAC,2015,5,PIT,-4.819,-5.991
2015_06_ARI_PIT,2015,6,PIT,-5.991,-6.412
2015_07_PIT_KC,2015,7,PIT,-6.412,-6.571
2015_08_CIN_PIT,2015,8,PIT,-6.571,-4.222
2015_09_OAK_PIT,2015,9,PIT,-4.222,-5.18
2015_10_CLE_PIT,2015,10,PIT,-5.18,-6.262
2015_12_PIT_SEA,2015,12,PIT,-6.262,-8.82
2015_13_IND_PIT,2015,13,PIT,-8.82,-7.203
2015_14_PIT_CIN,2015,14,PIT,-7.203,-4.668
2015_15_DEN_PIT,2015,15,PIT,-4.668,-5.881
2015_16_PIT_BAL,2015,16,PIT,-5.881,-7.644
2015_17_PIT_CLE,2015,17,PIT,-7.644,-5.246
2015_18_PIT_CIN,2015,18,PIT,-5.246,-4.395
2015_19_PIT_DEN,2015,19,PIT,-4.395,-3.88
2016_01_PIT_WAS,2016,1,PIT,-2.487,-2.33
2016_02_CIN_PIT,2016,2,PIT,-2.33,-3.124
2016_03_PIT_PHI,2016,3,PIT,-3.124,-5.399
2016_04_KC_PIT,2016,4,PIT,-5.399,-4.701
2016_05_NYJ_PIT,2016,5,PIT,-4.701,-4.999
2016_06_PIT_MIA,2016,6,PIT,-4.999,-6.076
2016_07_NE_PIT,2016,7,PIT,-6.076,-6.281
2016_09_PIT_BAL,2016,9,PIT,-6.281,-5.716
2016_10_DAL_PIT,2016,10,PIT,-5.716,-6.704
2016_11_PIT_CLE,2016,11,PIT,-6.704,-4.747
2016_12_PIT_IND,2016,12,PIT,-4.747,-3.781
2016_13_NYG_PIT,2016,13,PIT,-3.781,-2.779
2016_14_PIT_BUF,2016,14,PIT,-2.779,-1.631
2016_15_PIT_CIN,2016,15,PIT,-1.631,-0.684
2016_16_BAL_PIT,2016,16,PIT,-0.684,-0.61
2016_17_CLE_PIT,2016,17,PIT,-0.61,-1.555
2016_18_MIA_PIT,2016,18,PIT,-1.555,-2.28
2016_19_PIT_KC,2016,19,PIT,-2.28,-1.181
2016_20_PIT_NE,2016,20,PIT,-1.181,-2.773
2017_01_PIT_CLE,2017,1,PIT,-1.777,-1.294
2017_02_MIN_PIT,2017,2,PIT,-1.294,-0.337
2017_03_PIT_CHI,2017,3,PIT,-0.337,0.587
2017_04_PIT_BAL,2017,4,PIT,0.587,1.715
2017_05_JAX_PIT,2017,5,PIT,1.715,3.627
2017_06_PIT_KC,2017,6,PIT,3.627,4.32
2017_07_CIN_PIT,2017,7,PIT,4.32,6.298
2017_08_PIT_DET,2017,8,PIT,6.298,4.85
2017_10_PIT_IND,2017,10,PIT,4.85,4.903
2017_11_TEN_PIT,2017,11,PIT,4.903,6.374
2017_12_GB_PIT,2017,12,PIT,6.374,4.994
2017_13_PIT_CIN,2017,13,PIT,4.994,4.171
2017_14_BAL_PIT,2017,14,PIT,4.171,3.268
2017_15_NE_PIT,2017,15,PIT,3.268,4.022
2017_16_PIT_HOU,2017,16,PIT,4.022,5.975
2017_17_CLE_PIT,2017,17,PIT,5.975,4.193
2017_19_JAX_PIT,2017,19,PIT,4.193,3.094
2018_01_PIT_CLE,2018,1,PIT,1.984,3.201
2018_02_KC_PIT,2018,2,PIT,3.201,-0.999
2018_03_PIT_TB,2018,3,PIT,-0.999,-1.043
2018_04_BAL_PIT,2018,4,PIT,-1.043,-2.437
2018_05_ATL_PIT,2018,5,PIT,-2.437,-1.201
2018_06_PIT_CIN,2018,6,PIT,-1.201,-1.121
2018_08_CLE_PIT,2018,8,PIT,-1.121,-1.314
2018_09_PIT_BAL,2018,9,PIT,-1.314,-0.616
2018_10_CAR_PIT,2018,10,PIT,-0.616,0.638
2018_11_PIT_JAX,2018,11,PIT,0.638,3.305
2018_12_PIT_DEN,2018,12,PIT,3.305,3.479
2018_13_LAC_PIT,2018,13,PIT,3.479,2.609
2018_14_PIT_OAK,2018,14,PIT,2.609,1.605
2018_15_NE_PIT,2018,15,PIT,1.605,1.96
2018_16_PIT_NO,2018,16,PIT,1.96,1.901
2018_17_CIN_PIT,2018,17,PIT,1.901,3.13
2019_01_PIT_NE,2019,1,PIT,2.006,0.593
2019_02_SEA_PIT,2019,2,PIT,0.593,-1.115
2019_03_PIT_SF,2019,3,PIT,-1.115,-0.993
2019_04_CIN_PIT,2019,4,PIT,-0.993,2.486
2019_05_BAL_PIT,2019,5,PIT,2.486,4.541
2019_06_PIT_LAC,2019,6,PIT,4.541,4.584
2019_08_MIA_PIT,2019,8,PIT,4.584,5.634
2019_09_IND_PIT,2019,9,PIT,5.634,6.762
2019_10_LAR_PIT,2019,10,PIT,6.762,9.1
2019_11_PIT_CLE,2019,11,PIT,9.1,8.051
2019_12_PIT_CIN,2019,12,PIT,8.051,8.251
2019_13_CLE_PIT,2019,13,PIT,8.251,10.054
2019_14_PIT_ARI,2019,14,PIT,10.054,12.193
2019_15_BUF_PIT,2019,15,PIT,12.193,12.283
2019_16_PIT_NYJ,2019,16,PIT,12.283,12.107
2019_17_PIT_BAL,2019,17,PIT,12.107,13.279
2020_01_PIT_NYG,2020,1,PIT,8.512,8.473
2020_02_DEN_PIT,2020,2,PIT,8.473,10.106
2020_03_HOU_PIT,2020,3,PIT,10.106,10.596
2020_05_PHI_PIT,2020,5,PIT,10.596,11.782
2020_06_CLE_PIT,2020,6,PIT,11.782,13.852
2020_07_PIT_TEN,2020,7,PIT,13.852,13.841
2020_08_PIT_BAL,2020,8,PIT,13.841,15.523
2020_09_PIT_DAL,2020,9,PIT,15.523,14.611
2020_10_CIN_PIT,2020,10,PIT,14.611,15.235
2020_11_PIT_JAX,2020,11,PIT,15.235,18.076
2020_12_BAL_PIT,2020,12,PIT,18.076,18.345
2020_13_WAS_PIT,2020,13,PIT,18.345,17.046
2020_14_PIT_BUF,2020,14,PIT,17.046,17.072
2020_15_PIT_CIN,2020,15,PIT,17.072,15.703
2020_16_IND_PIT,2020,16,PIT,15.703,16.806
2020_17_PIT_CLE,2020,17,PIT,16.806,16.502
2020_18_CLE_PIT,2020,18,PIT,16.502,14.598
2021_01_PIT_BUF,2021,1,PIT,9.358,9.506
2021_02_OAK_PIT,2021,2,PIT,9.506,7.457
2021_03_CIN_PIT,2021,3,PIT,7.457,6.474
2021_04_PIT_GB,2021,4,PIT,6.474,6.594
2021_05_DEN_PIT,2021,5,PIT,6.594,6.021
2021_06_SEA_PIT,2021,6,PIT,6.021,6.03
2021_08_PIT_CLE,2021,8,PIT,6.03,6.786
2021_09_CHI_PIT,2021,9,PIT,6.786,5.85
2021_10_DET_PIT,2021,10,PIT,5.85,7.697
2021_11_PIT_LAC,2021,11,PIT,7.697,4.516
2021_12_PIT_CIN,2021,12,PIT,4.516,3.804
2021_13_BAL_PIT,2021,13,PIT,3.804,5.237
2021_14_PIT_MIN,2021,14,PIT,5.237,6.642
2021_15_TEN_PIT,2021,15,PIT,6.642,7.214
2021_16_PIT_KC,2021,16,PIT,7.214,6.166
2021_17_CLE_PIT,2021,17,PIT,6.166,9.159
2021_18_PIT_BAL,2021,18,PIT,9.159,10.326
2021_19_PIT_KC,2021,19,PIT,10.326,7.751
2022_01_PIT_CIN,2022,1,PIT,4.969,6.665
2022_02_NE_PIT,2022,2,PIT,6.665,6.533
2022_03_PIT_CLE,2022,3,PIT,6.533,5.491
2022_04_NYJ_PIT,2022,4,PIT,5.491,5.76
2022_05_PIT_BUF,2022,5,PIT,5.76,3.544
2022_06_TB_PIT,2022,6,PIT,3.544,4.261
2022_07_PIT_MIA,2022,7,PIT,4.261,3.477
2022_08_PIT_PHI,2022,8,PIT,3.477,2.261
2022_10_NO_PIT,2022,10,PIT,2.261,3.479
2022_11_CIN_PIT,2022,11,PIT,3.479,2.828
2022_12_PIT_IND,2022,12,PIT,2.828,3.559
2022_13_PIT_ATL,2022,13,PIT,3.559,4.044
2022_14_BAL_PIT,2022,14,PIT,4.044,4.374
2022_15_PIT_CAR,2022,15,PIT,4.374,4.574
2022_16_OAK_PIT,2022,16,PIT,4.574,6.162
2022_17_PIT_BAL,2022,17,PIT,6.162,6.149
2022_18_CLE_PIT,2022,18,PIT,6.149,7.621
2023_01_SF_PIT,2023,1,PIT,4.885,4.165
2023_02_CLE_PIT,2023,2,PIT,4.165,6.159
2023_03_PIT_OAK,2023,3,PIT,6.159,6.924
2023_04_PIT_HOU,2023,4,PIT,6.924,5.209
2023_05_BAL_PIT,2023,5,PIT,5.209,6.54
2023_07_PIT_LAR,2023,7,PIT,6.54,7.287
2023_08_JAX_PIT,2023,8,PIT,7.287,7.101
2023_09_TEN_PIT,2023,9,PIT,7.101,7.928
2023_10_GB_PIT,2023,10,PIT,7.928,7.723
2023_11_PIT_CLE,2023,11,PIT,7.723,7.522
2023_12_PIT_CIN,2023,12,PIT,7.522,7.155
2023_13_ARI_PIT,2023,13,PIT,7.155,7.984
2023_14_NE_PIT,2023,14,PIT,7.984,6.372
2023_15_PIT_IND,2023,15,PIT,6.372,5.676
2023_16_CIN_PIT,2023,16,PIT,5.676,6.12
2023_17_PIT_SEA,2023,17,PIT,6.12,4.382
2023_18_PIT_BAL,2023,18,PIT,4.382,4.828
2023_19_PIT_BUF,2023,19,PIT,4.828,2.49
2024_01_PIT_ATL,2024,1,PIT,1.596,3.771
2024_02_PIT_DEN,2024,2,PIT,3.771,4.431
2024_03_LAC_PIT,2024,3,PIT,4.431,5.268
2024_04_PIT_IND,2024,4,PIT,5.268,5.445
2024_05_DAL_PIT,2024,5,PIT,5.445,5.244
2024_06_PIT_OAK,2024,6,PIT,5.244,4.644
2024_07_NYJ_PIT,2024,7,PIT,4.644,5.275
2024_08_NYG_PIT,2024,8,PIT,5.275,5.998
2024_10_PIT_WAS,2024,10,PIT,5.998,7.776
2024_11_BAL_PIT,2024,11,PIT,7.776,9.608
2024_12_PIT_CLE,2024,12,PIT,9.608,9.126
2024_13_PIT_CIN,2024,13,PIT,9.126,8.671
2024_14_CLE_PIT,2024,14,PIT,8.671,9.253
2024_15_PIT_PHI,2024,15,PIT,9.253,7.353
2024_16_PIT_BAL,2024,16,PIT,7.353,7.952
2024_17_KC_PIT,2024,17,PIT,7.952,5.301
2024_18_CIN_PIT,2024,18,PIT,5.301,5.637
2024_19_PIT_BAL,2024,19,PIT,5.637,5.206
2025_01_PIT_NYJ,2025,1,PIT,3.337,1.167
2025_02_SEA_PIT,2025,2,PIT,1.167,1.068
2025_03_PIT_NE,2025,3,PIT,1.068,0.494
2025_04_MIN_PIT,2025,4,PIT,0.494,0.655
2025_06_CLE_PIT,2025,6,PIT,0.655,1.993
2025_07_PIT_CIN,2025,7,PIT,1.993,-0.274
2025_08_GB_PIT,2025,8,PIT,-0.274,-2.984
2025_09_IND_PIT,2025,9,PIT,-2.984,-1.311
2025_10_PIT_LAC,2025,10,PIT,-1.311,0.096
2025_11_CIN_PIT,2025,11,PIT,0.096,0.739
2025_12_PIT_CHI,2025,12,PIT,0.739,-0.217
2025_13_BUF_PIT,2025,13,PIT,-0.217,0.194
2025_14_PIT_BAL,2025,14,PIT,0.194,0.402
2025_15_MIA_PIT,2025,15,PIT,0.402,-0.338
2025_16_PIT_DET,2025,16,PIT,-0.338,-1.161
2025_17_PIT_CLE,2025,17,PIT,-1.161,-1.261
2025_18_BAL_PIT,2025,18,PIT,-1.261,-1.097
2025_19_HOU_PIT,2025,19,PIT,-1.097,-0.449
2026_01_ATL_PIT,2026,1,PIT,-0.288,1.885
1999_01_DET_SEA,1999,1,SEA,0.0,-0.339
1999_02_SEA_CHI,1999,2,SEA,-0.339,-0.414
1999_03_SEA_PIT,1999,3,SEA,-0.414,2.199
1999_04_OAK_SEA,1999,4,SEA,2.199,1.503
1999_06_SEA_LAC,1999,6,SEA,1.503,1.905
1999_07_BUF_SEA,1999,7,SEA,1.905,1.566
1999_08_SEA_GB,1999,8,SEA,1.566,3.917
1999_09_CIN_SEA,1999,9,SEA,3.917,2.163
1999_10_DEN_SEA,1999,10,SEA,2.163,0.281
1999_11_SEA_KC,1999,11,SEA,0.281,-0.62
1999_12_TB_SEA,1999,12,SEA,-0.62,1.257
1999_13_SEA_OAK,1999,13,SEA,1.257,-0.482
1999_14_LAC_SEA,1999,14,SEA,-0.482,-0.879
1999_15_SEA_DEN,1999,15,SEA,-0.879,-1.267
1999_16_KC_SEA,1999,16,SEA,-1.267,0.145
1999_17_SEA_NYJ,1999,17,SEA,0.145,0.533
1999_18_MIA_SEA,1999,18,SEA,0.533,-0.259
2000_01_SEA_MIA,2000,1,SEA,-0.166,-0.983
2000_02_LAR_SEA,2000,2,SEA,-0.983,-2.808
2000_03_NO_SEA,2000,3,SEA,-2.808,-3.02
2000_04_SEA_LAC,2000,4,SEA,-3.02,-2.649
2000_05_SEA_KC,2000,5,SEA,-2.649,-3.731
2000_06_SEA_CAR,2000,6,SEA,-3.731,-4.978
2000_07_IND_SEA,2000,7,SEA,-4.978,-5.46
2000_08_SEA_OAK,2000,8,SEA,-5.46,-6.231
2000_09_KC_SEA,2000,9,SEA,-6.231,-6.85
2000_10_LAC_SEA,2000,10,SEA,-6.85,-7.707
2000_11_SEA_JAX,2000,11,SEA,-7.707,-9.46
2000_13_DEN_SEA,2000,13,SEA,-9.46,-9.099
2000_14_SEA_ATL,2000,14,SEA,-9.099,-8.306
2000_15_SEA_DEN,2000,15,SEA,-8.306,-8.358
2000_16_OAK_SEA,2000,16,SEA,-8.358,-5.749
2000_17_BUF_SEA,2000,17,SEA,-5.749,-9.467
2001_01_SEA_CLE,2001,1,SEA,-6.068,-4.655
2001_02_PHI_SEA,2001,2,SEA,-4.655,-5.623
2001_03_SEA_OAK,2001,3,SEA,-5.623,-7.569
2001_04_JAX_SEA,2001,4,SEA,-7.569,-7.119
2001_05_DEN_SEA,2001,5,SEA,-7.119,-6.328
2001_07_MIA_SEA,2001,7,SEA,-6.328,-7.13
2001_08_SEA_WAS,2001,8,SEA,-7.13,-8.051
2001_09_OAK_SEA,2001,9,SEA,-8.051,-8.795
2001_10_SEA_BUF,2001,10,SEA,-8.795,-11.308
2001_11_SEA_KC,2001,11,SEA,-11.308,-11.562
2001_12_LAC_SEA,2001,12,SEA,-11.562,-10.533
2001_13_SEA_DEN,2001,13,SEA,-10.533,-10.001
2001_14_DAL_SEA,2001,14,SEA,-10.001,-8.698
2001_15_SEA_NYG,2001,15,SEA,-8.698,-10.498
2001_16_SEA_LAC,2001,16,SEA,-10.498,-10.706
2001_17_KC_SEA,2001,17,SEA,-10.706,-9.204
2002_01_SEA_OAK,2002,1,SEA,-5.9,-5.713
2002_02_ARI_SEA,2002,2,SEA,-5.713,-4.679
2002_03_SEA_NYG,2002,3,SEA,-4.679,-4.457
2002_04_MIN_SEA,2002,4,SEA,-4.457,-4.028
2002_06_SF_SEA,2002,6,SEA,-4.028,-4.53
2002_07_SEA_LAR,2002,7,SEA,-4.53,-4.822
2002_08_SEA_DAL,2002,8,SEA,-4.822,-4.877
2002_09_WAS_SEA,2002,9,SEA,-4.877,-3.776
2002_10_SEA_ARI,2002,10,SEA,-3.776,-3.186
2002_11_DEN_SEA,2002,11,SEA,-3.186,-2.809
2002_12_KC_SEA,2002,12,SEA,-2.809,-4.545
2002_13_SEA_SF,2002,13,SEA,-4.545,-2.168
2002_14_PHI_SEA,2002,14,SEA,-2.168,-3.223
2002_15_SEA_ATL,2002,15,SEA,-3.223,-2.616
2002_16_LAR_SEA,2002,16,SEA,-2.616,-1.243
2002_17_SEA_LAC,2002,17,SEA,-1.243,-2.638
2003_01_NO_SEA,2003,1,SEA,-1.691,-1.833
2003_02_SEA_ARI,2003,2,SEA,-1.833,0.114
2003_03_LAR_SEA,2003,3,SEA,0.114,-0.434
2003_05_SEA_GB,2003,5,SEA,-0.434,-1.583
2003_06_SF_SEA,2003,6,SEA,-1.583,-0.873
2003_07_CHI_SEA,2003,7,SEA,-0.873,0.856
2003_08_SEA_CIN,2003,8,SEA,0.856,-0.443
2003_09_PIT_SEA,2003,9,SEA,-0.443,-1.26
2003_10_SEA_WAS,2003,10,SEA,-1.26,-1.664
2003_11_DET_SEA,2003,11,SEA,-1.664,-2.275
2003_12_SEA_BAL,2003,12,SEA,-2.275,-4.697
2003_13_CLE_SEA,2003,13,SEA,-4.697,-3.87
2003_14_SEA_MIN,2003,14,SEA,-3.87,-4.676
2003_15_SEA_LAR,2003,15,SEA,-4.676,-5.216
2003_16_ARI_SEA,2003,16,SEA,-5.216,-5.232
2003_17_SEA_SF,2003,17,SEA,-5.232,-4.615
2003_18_SEA_GB,2003,18,SEA,-4.615,-6.634
2004_01_SEA_NO,2004,1,SEA,-4.252,-3.403
2004_02_SEA_TB,2004,2,SEA,-3.403,-1.592
2004_03_SF_SEA,2004,3,SEA,-1.592,-0.352
2004_05_LAR_SEA,2004,5,SEA,-0.352,-1.034
2004_06_SEA_NE,2004,6,SEA,-1.034,-1.01
2004_07_SEA_ARI,2004,7,SEA,-1.01,-1.321
2004_08_CAR_SEA,2004,8,SEA,-1.321,-2.484
2004_09_SEA_SF,2004,9,SEA,-2.484,-2.978
2004_10_SEA_LAR,2004,10,SEA,-2.978,-3.741
2004_11_MIA_SEA,2004,11,SEA,-3.741,-3.582
2004_12_BUF_SEA,2004,12,SEA,-3.582,-3.887
2004_13_DAL_SEA,2004,13,SEA,-3.887,-2.814
2004_14_SEA_MIN,2004,14,SEA,-2.814,-3.32
2004_15_SEA_NYJ,2004,15,SEA,-3.32,-5.229
2004_16_ARI_SEA,2004,16,SEA,-5.229,-5.319
2004_17_ATL_SEA,2004,17,SEA,-5.319,-5.731
2004_18_LAR_SEA,2004,18,SEA,-5.731,-5.004
2005_01_SEA_JAX,2005,1,SEA,-3.208,-3.58
2005_02_ATL_SEA,2005,2,SEA,-3.58,-3.167
2005_03_ARI_SEA,2005,3,SEA,-3.167,-2.861
2005_04_SEA_WAS,2005,4,SEA,-2.861,-3.458
2005_05_SEA_LAR,2005,5,SEA,-3.458,-3.723
2005_06_HOU_SEA,2005,6,SEA,-3.723,-4.267
2005_07_DAL_SEA,2005,7,SEA,-4.267,-1.689
2005_09_SEA_ARI,2005,9,SEA,-1.689,-0.901
2005_10_LAR_SEA,2005,10,SEA,-0.901,-1.334
2005_11_SEA_SF,2005,11,SEA,-1.334,-1.93
2005_12_NYG_SEA,2005,12,SEA,-1.93,-3.12
2005_13_SEA_PHI,2005,13,SEA,-3.12,-1.428
2005_14_SF_SEA,2005,14,SEA,-1.428,0.412
2005_15_SEA_TEN,2005,15,SEA,0.412,-1.426
2005_16_IND_SEA,2005,16,SEA,-1.426,-0.193
2005_17_SEA_GB,2005,17,SEA,-0.193,0.194
2005_19_WAS_SEA,2005,19,SEA,0.194,-0.744
2005_20_CAR_SEA,2005,20,SEA,-0.744,1.521
2005_21_SEA_PIT,2005,21,SEA,1.521,3.057
2006_01_SEA_DET,2006,1,SEA,1.96,2.253
2006_02_ARI_SEA,2006,2,SEA,2.253,3.214
2006_03_NYG_SEA,2006,3,SEA,3.214,2.288
2006_04_SEA_CHI,2006,4,SEA,2.288,1.27
2006_06_SEA_LAR,2006,6,SEA,1.27,0.745
2006_07_MIN_SEA,2006,7,SEA,0.745,1.484
2006_08_SEA_KC,2006,8,SEA,1.484,-0.318
2006_09_OAK_SEA,2006,9,SEA,-0.318,1.475
2006_10_LAR_SEA,2006,10,SEA,1.475,2.695
2006_11_SEA_SF,2006,11,SEA,2.695,0.706
2006_12_GB_SEA,2006,12,SEA,0.706,1.854
2006_13_SEA_DEN,2006,13,SEA,1.854,2.487
2006_14_SEA_ARI,2006,14,SEA,2.487,1.379
2006_15_SF_SEA,2006,15,SEA,1.379,-1.508
2006_16_LAC_SEA,2006,16,SEA,-1.508,-1.417
2006_17_SEA_TB,2006,17,SEA,-1.417,-2.336
2006_18_DAL_SEA,2006,18,SEA,-2.336,-2.557
2006_19_SEA_CHI,2006,19,SEA,-2.557,-2.827
2007_01_TB_SEA,2007,1,SEA,-1.812,-1.515
2007_02_SEA_ARI,2007,2,SEA,-1.515,-2.657
2007_03_CIN_SEA,2007,3,SEA,-2.657,-2.042
2007_04_SEA_SF,2007,4,SEA,-2.042,-1.111
2007_05_SEA_PIT,2007,5,SEA,-1.111,-1.619
2007_06_NO_SEA,2007,6,SEA,-1.619,-3.103
2007_07_LAR_SEA,2007,7,SEA,-3.103,0.358
2007_09_SEA_CLE,2007,9,SEA,0.358,-1.165
2007_10_SF_SEA,2007,10,SEA,-1.165,-0.274
2007_11_CHI_SEA,2007,11,SEA,-0.274,-0.794
2007_12_SEA_LAR,2007,12,SEA,-0.794,0.745
2007_13_SEA_PHI,2007,13,SEA,0.745,2.619
2007_14_ARI_SEA,2007,14,SEA,2.619,3.975
2007_15_SEA_CAR,2007,15,SEA,3.975,1.805
2007_16_BAL_SEA,2007,16,SEA,1.805,1.017
2007_17_SEA_ATL,2007,17,SEA,1.017,-1.452
2007_18_WAS_SEA,2007,18,SEA,-1.452,-1.413
2007_19_SEA_GB,2007,19,SEA,-1.413,-2.302
2008_01_SEA_BUF,2008,1,SEA,-1.476,-2.479
2008_02_SF_SEA,2008,2,SEA,-2.479,-3.224
2008_03_LAR_SEA,2008,3,SEA,-3.224,-3.27
2008_05_SEA_NYG,2008,5,SEA,-3.27,-4.914
2008_06_GB_SEA,2008,6,SEA,-4.914,-6.459
2008_07_SEA_TB,2008,7,SEA,-6.459,-8.184
2008_08_SEA_SF,2008,8,SEA,-8.184,-7.186
2008_09_PHI_SEA,2008,9,SEA,-7.186,-8.275
2008_10_SEA_MIA,2008,10,SEA,-8.275,-7.502
2008_11_ARI_SEA,2008,11,SEA,-7.502,-7.802
2008_12_WAS_SEA,2008,12,SEA,-7.802,-8.214
2008_13_SEA_DAL,2008,13,SEA,-8.214,-9.667
2008_14_NE_SEA,2008,14,SEA,-9.667,-9.661
2008_15_SEA_LAR,2008,15,SEA,-9.661,-10.597
2008_16_NYJ_SEA,2008,16,SEA,-10.597,-7.985
2008_17_SEA_ARI,2008,17,SEA,-7.985,-8.796
2009_01_LAR_SEA,2009,1,SEA,-5.639,-4.628
2009_02_SEA_SF,2009,2,SEA,-4.628,-4.166
2009_03_CHI_SEA,2009,3,SEA,-4.166,-4.785
2009_04_SEA_IND,2009,4,SEA,-4.785,-5.926
2009_05_JAX_SEA,2009,5,SEA,-5.926,-4.209
2009_06_ARI_SEA,2009,6,SEA,-4.209,-5.024
2009_08_SEA_DAL,2009,8,SEA,-5.024,-5.751
2009_09_DET_SEA,2009,9,SEA,-5.751,-3.478
2009_10_SEA_ARI,2009,10,SEA,-3.478,-5.589
2009_11_SEA_MIN,2009,11,SEA,-5.589,-7.09
2009_12_SEA_LAR,2009,12,SEA,-7.09,-6.905
2009_13_SF_SEA,2009,13,SEA,-6.905,-8.834
2009_14_SEA_HOU,2009,14,SEA,-8.834,-10.344
2009_15_TB_SEA,2009,15,SEA,-10.344,-11.252
2009_16_SEA_GB,2009,16,SEA,-11.252,-10.737
2009_17_TEN_SEA,2009,17,SEA,-10.737,-9.623
2010_01_SF_SEA,2010,1,SEA,-6.168,-5.071
2010_02_SEA_DEN,2010,2,SEA,-5.071,-6.706
2010_03_LAC_SEA,2010,3,SEA,-6.706,-6.081
2010_04_SEA_LAR,2010,4,SEA,-6.081,-6.052
2010_06_SEA_CHI,2010,6,SEA,-6.052,-4.484
2010_07_ARI_SEA,2010,7,SEA,-4.484,-2.334
2010_08_SEA_OAK,2010,8,SEA,-2.334,-3.52
2010_09_NYG_SEA,2010,9,SEA,-3.52,-5.67
2010_10_SEA_ARI,2010,10,SEA,-5.67,-5.365
2010_11_SEA_NO,2010,11,SEA,-5.365,-6.743
2010_12_KC_SEA,2010,12,SEA,-6.743,-9.261
2010_13_CAR_SEA,2010,13,SEA,-9.261,-8.098
2010_14_SEA_SF,2010,14,SEA,-8.098,-9.609
2010_15_ATL_SEA,2010,15,SEA,-9.609,-8.949
2010_16_SEA_TB,2010,16,SEA,-8.949,-11.781
2010_17_LAR_SEA,2010,17,SEA,-11.781,-9.651
2010_18_NO_SEA,2010,18,SEA,-9.651,-11.194
2010_19_SEA_CHI,2010,19,SEA,-11.194,-13.398
2011_01_SEA_SF,2011,1,SEA,-8.588,-9.513
2011_02_SEA_PIT,2011,2,SEA,-9.513,-10.353
2011_03_ARI_SEA,2011,3,SEA,-10.353,-9.852
2011_04_ATL_SEA,2011,4,SEA,-9.852,-11.456
2011_05_SEA_NYG,2011,5,SEA,-11.456,-11.378
2011_07_SEA_CLE,2011,7,SEA,-11.378,-9.624
2011_08_CIN_SEA,2011,8,SEA,-9.624,-9.158
2011_09_SEA_DAL,2011,9,SEA,-9.158,-10.211
2011_10_BAL_SEA,2011,10,SEA,-10.211,-10.012
2011_11_SEA_LAR,2011,11,SEA,-10.012,-8.018
2011_12_WAS_SEA,2011,12,SEA,-8.018,-9.433
2011_13_PHI_SEA,2011,13,SEA,-9.433,-7.44
2011_14_LAR_SEA,2011,14,SEA,-7.44,-5.735
2011_15_SEA_CHI,2011,15,SEA,-5.735,-3.944
2011_16_SF_SEA,2011,16,SEA,-3.944,-3.487
2011_17_SEA_ARI,2011,17,SEA,-3.487,-4.249
2012_01_SEA_ARI,2012,1,SEA,-2.723,-1.833
2012_02_DAL_SEA,2012,2,SEA,-1.833,-1.026
2012_03_GB_SEA,2012,3,SEA,-1.026,1.489
2012_04_SEA_LAR,2012,4,SEA,1.489,2.033
2012_05_SEA_CAR,2012,5,SEA,2.033,4.137
2012_06_NE_SEA,2012,6,SEA,4.137,3.769
2012_07_SEA_SF,2012,7,SEA,3.769,4.406
2012_08_SEA_DET,2012,8,SEA,4.406,2.225
2012_09_MIN_SEA,2012,9,SEA,2.225,4.436
2012_10_NYJ_SEA,2012,10,SEA,4.436,6.185
2012_12_SEA_MIA,2012,12,SEA,6.185,4.342
2012_13_SEA_CHI,2012,13,SEA,4.342,2.068
2012_14_ARI_SEA,2012,14,SEA,2.068,4.682
2012_15_SEA_BUF,2012,15,SEA,4.682,5.935
2012_16_SF_SEA,2012,16,SEA,5.935,5.716
2012_17_LAR_SEA,2012,17,SEA,5.716,4.855
2012_18_SEA_WAS,2012,18,SEA,4.855,6.476
2012_19_SEA_ATL,2012,19,SEA,6.476,5.984
2013_01_SEA_CAR,2013,1,SEA,3.835,3.668
2013_02_SF_SEA,2013,2,SEA,3.668,6.199
2013_03_JAX_SEA,2013,3,SEA,6.199,7.412
2013_04_SEA_HOU,2013,4,SEA,7.412,7.301
2013_05_SEA_IND,2013,5,SEA,7.301,6.786
2013_06_TEN_SEA,2013,6,SEA,6.786,8.155
2013_07_SEA_ARI,2013,7,SEA,8.155,9.356
2013_08_SEA_LAR,2013,8,SEA,9.356,10.806
2013_09_TB_SEA,2013,9,SEA,10.806,9.664
2013_10_SEA_ATL,2013,10,SEA,9.664,9.982
2013_11_MIN_SEA,2013,11,SEA,9.982,11.279
2013_13_NO_SEA,2013,13,SEA,11.279,12.527
2013_14_SEA_SF,2013,14,SEA,12.527,13.124
2013_15_SEA_NYG,2013,15,SEA,13.124,16.052
2013_16_ARI_SEA,2013,16,SEA,16.052,18.466
2013_17_LAR_SEA,2013,17,SEA,18.466,18.262
2013_19_NO_SEA,2013,19,SEA,18.262,17.868
2013_20_SF_SEA,2013,20,SEA,17.868,16.869
2013_21_SEA_DEN,2013,21,SEA,16.869,17.822
2014_01_GB_SEA,2014,1,SEA,11.424,12.347
2014_02_SEA_LAC,2014,2,SEA,12.347,9.916
2014_03_DEN_SEA,2014,3,SEA,9.916,9.766
2014_05_SEA_WAS,2014,5,SEA,9.766,7.789
2014_06_DAL_SEA,2014,6,SEA,7.789,6.936
2014_07_SEA_LAR,2014,7,SEA,6.936,5.08
2014_08_SEA_CAR,2014,8,SEA,5.08,6.981
2014_09_OAK_SEA,2014,9,SEA,6.981,7.007
2014_10_NYG_SEA,2014,10,SEA,7.007,6.682
2014_11_SEA_KC,2014,11,SEA,6.682,6.959
2014_12_ARI_SEA,2014,12,SEA,6.959,7.745
2014_13_SEA_SF,2014,13,SEA,7.745,10.316
2014_14_SEA_PHI,2014,14,SEA,10.316,10.856
2014_15_SF_SEA,2014,15,SEA,10.856,11.753
2014_16_SEA_ARI,2014,16,SEA,11.753,12.982
2014_17_LAR_SEA,2014,17,SEA,12.982,13.706
2014_19_CAR_SEA,2014,19,SEA,13.706,13.34
2014_20_GB_SEA,2014,20,SEA,13.34,15.088
2014_21_NE_SEA,2014,21,SEA,15.088,13.54
2015_01_SEA_LAR,2015,1,SEA,8.679,7.172
2015_02_SEA_GB,2015,2,SEA,7.172,6.379
2015_03_CHI_SEA,2015,3,SEA,6.379,6.781
2015_04_DET_SEA,2015,4,SEA,6.781,6.123
2015_05_SEA_CIN,2015,5,SEA,6.123,5.152
2015_06_CAR_SEA,2015,6,SEA,5.152,5.59
2015_07_SEA_SF,2015,7,SEA,5.59,7.924
2015_08_SEA_DAL,2015,8,SEA,7.924,7.555
2015_10_ARI_SEA,2015,10,SEA,7.555,6.888
2015_11_SF_SEA,2015,11,SEA,6.888,4.725
2015_12_PIT_SEA,2015,12,SEA,4.725,3.611
2015_13_SEA_MIN,2015,13,SEA,3.611,5.556
2015_14_SEA_BAL,2015,14,SEA,5.556,4.822
2015_15_CLE_SEA,2015,15,SEA,4.822,5.088
2015_16_LAR_SEA,2015,16,SEA,5.088,4.642
2015_17_SEA_ARI,2015,17,SEA,4.642,6.307
2015_18_SEA_MIN,2015,18,SEA,6.307,6.135
2015_19_SEA_CAR,2015,19,SEA,6.135,7.068
2016_01_MIA_SEA,2016,1,SEA,4.53,5.615
2016_02_SEA_LAR,2016,2,SEA,5.615,5.53
2016_03_SF_SEA,2016,3,SEA,5.53,6.127
2016_04_SEA_NYJ,2016,4,SEA,6.127,8.1
2016_06_ATL_SEA,2016,6,SEA,8.1,7.88
2016_07_SEA_ARI,2016,7,SEA,7.88,7.699
2016_08_SEA_NO,2016,8,SEA,7.699,7.197
2016_09_BUF_SEA,2016,9,SEA,7.197,6.388
2016_10_SEA_NE,2016,10,SEA,6.388,7.289
2016_11_PHI_SEA,2016,11,SEA,7.289,8.086
2016_12_SEA_TB,2016,12,SEA,8.086,7.013
2016_13_CAR_SEA,2016,13,SEA,7.013,7.267
2016_14_SEA_GB,2016,14,SEA,7.267,6.492
2016_15_LAR_SEA,2016,15,SEA,6.492,7.688
2016_16_ARI_SEA,2016,16,SEA,7.688,6.749
2016_17_SEA_SF,2016,17,SEA,6.749,6.837
2016_18_DET_SEA,2016,18,SEA,6.837,7.803
2016_19_SEA_ATL,2016,19,SEA,7.803,6.953
2017_01_SEA_GB,2017,1,SEA,4.457,5.056
2017_02_SF_SEA,2017,2,SEA,5.056,6.71
2017_03_SEA_TEN,2017,3,SEA,6.71,5.406
2017_04_IND_SEA,2017,4,SEA,5.406,5.849
2017_05_SEA_LAR,2017,5,SEA,5.849,6.833
2017_07_SEA_NYG,2017,7,SEA,6.833,7.713
2017_08_HOU_SEA,2017,8,SEA,7.713,6.356
2017_09_WAS_SEA,2017,9,SEA,6.356,8.113
2017_10_SEA_ARI,2017,10,SEA,8.113,7.607
2017_11_ATL_SEA,2017,11,SEA,7.607,6.916
2017_12_SEA_SF,2017,12,SEA,6.916,7.354
2017_13_PHI_SEA,2017,13,SEA,7.354,6.86
2017_14_SEA_JAX,2017,14,SEA,6.86,5.62
2017_15_LAR_SEA,2017,15,SEA,5.62,6.106
2017_16_SEA_DAL,2017,16,SEA,6.106,8.244
2017_17_ARI_SEA,2017,17,SEA,8.244,9.088
2018_01_SEA_DEN,2018,1,SEA,5.825,5.277
2018_02_SEA_CHI,2018,2,SEA,5.277,4.719
2018_03_DAL_SEA,2018,3,SEA,4.719,6.851
2018_04_SEA_ARI,2018,4,SEA,6.851,6.189
2018_05_LAR_SEA,2018,5,SEA,6.189,6.201
2018_06_SEA_OAK,2018,6,SEA,6.201,7.415
2018_08_SEA_DET,2018,8,SEA,7.415,6.93
2018_09_LAC_SEA,2018,9,SEA,6.93,7.403
2018_10_SEA_LAR,2018,10,SEA,7.403,6.188
2018_11_GB_SEA,2018,11,SEA,6.188,6.095
2018_12_SEA_CAR,2018,12,SEA,6.095,3.945
2018_13_SF_SEA,2018,13,SEA,3.945,1.908
2018_14_MIN_SEA,2018,14,SEA,1.908,2.649
2018_15_SEA_SF,2018,15,SEA,2.649,1.643
2018_16_KC_SEA,2018,16,SEA,1.643,1.011
2018_17_ARI_SEA,2018,17,SEA,1.011,1.892
2018_18_SEA_DAL,2018,18,SEA,1.892,1.179
2019_01_CIN_SEA,2019,1,SEA,0.756,-0.718
2019_02_SEA_PIT,2019,2,SEA,-0.718,1.215
2019_03_NO_SEA,2019,3,SEA,1.215,-0.249
2019_04_SEA_ARI,2019,4,SEA,-0.249,-0.32
2019_05_LAR_SEA,2019,5,SEA,-0.32,-1.255
2019_06_SEA_CLE,2019,6,SEA,-1.255,-2.035
2019_07_BAL_SEA,2019,7,SEA,-2.035,-2.868
2019_08_SEA_ATL,2019,8,SEA,-2.868,-5.091
2019_09_TB_SEA,2019,9,SEA,-5.091,-6.62
2019_10_SEA_SF,2019,10,SEA,-6.62,-4.36
2019_12_SEA_PHI,2019,12,SEA,-4.36,-4.136
2019_13_MIN_SEA,2019,13,SEA,-4.136,-3.845
2019_14_SEA_LAR,2019,14,SEA,-3.845,-4.384
2019_15_SEA_CAR,2019,15,SEA,-4.384,-4.325
2019_16_ARI_SEA,2019,16,SEA,-4.325,-4.1
2019_17_SF_SEA,2019,17,SEA,-4.1,-4.431
2019_18_SEA_PHI,2019,18,SEA,-4.431,-1.8
2019_19_SEA_GB,2019,19,SEA,-1.8,-2.069
2020_01_SEA_ATL,2020,1,SEA,-1.326,-2.714
2020_02_NE_SEA,2020,2,SEA,-2.714,-5.498
2020_03_DAL_SEA,2020,3,SEA,-5.498,-6.454
2020_04_SEA_MIA,2020,4,SEA,-6.454,-7.111
2020_05_MIN_SEA,2020,5,SEA,-7.111,-7.019
2020_07_SEA_ARI,2020,7,SEA,-7.019,-9.956
2020_08_SF_SEA,2020,8,SEA,-9.956,-7.366
2020_09_SEA_BUF,2020,9,SEA,-7.366,-8.721
2020_10_SEA_LAR,2020,10,SEA,-8.721,-8.176
2020_11_ARI_SEA,2020,11,SEA,-8.176,-7.534
2020_12_SEA_PHI,2020,12,SEA,-7.534,-6.732
2020_13_NYG_SEA,2020,13,SEA,-6.732,-5.621
2020_14_NYJ_SEA,2020,14,SEA,-5.621,-4.287
2020_15_SEA_WAS,2020,15,SEA,-4.287,-4.557
2020_16_LAR_SEA,2020,16,SEA,-4.557,-2.616
2020_17_SEA_SF,2020,17,SEA,-2.616,-3.317
2020_18_LAR_SEA,2020,18,SEA,-3.317,-2.154
2021_01_SEA_IND,2021,1,SEA,-1.38,-2.309
2021_02_TEN_SEA,2021,2,SEA,-2.309,-2.943
2021_03_SEA_MIN,2021,3,SEA,-2.943,-4.795
2021_04_SEA_SF,2021,4,SEA,-4.795,-3.789
2021_05_LAR_SEA,2021,5,SEA,-3.789,-3.992
2021_06_SEA_PIT,2021,6,SEA,-3.992,-4.3
2021_07_NO_SEA,2021,7,SEA,-4.3,-4.3
2021_08_JAX_SEA,2021,8,SEA,-4.3,-3.969
2021_10_SEA_GB,2021,10,SEA,-3.969,-2.994
2021_11_ARI_SEA,2021,11,SEA,-2.994,-6.027
2021_12_SEA_WAS,2021,12,SEA,-6.027,-6.285
2021_13_SF_SEA,2021,13,SEA,-6.285,-6.267
2021_14_SEA_HOU,2021,14,SEA,-6.267,-7.63
2021_15_SEA_LAR,2021,15,SEA,-7.63,-6.165
2021_16_CHI_SEA,2021,16,SEA,-6.165,-6.031
2021_17_DET_SEA,2021,17,SEA,-6.031,-6.365
2021_18_SEA_ARI,2021,18,SEA,-6.365,-5.328
2022_01_DEN_SEA,2022,1,SEA,-3.415,-3.998
2022_02_SEA_SF,2022,2,SEA,-3.998,-2.633
2022_03_ATL_SEA,2022,3,SEA,-2.633,-2.272
2022_04_SEA_DET,2022,4,SEA,-2.272,-4.288
2022_05_SEA_NO,2022,5,SEA,-4.288,-3.575
2022_06_ARI_SEA,2022,6,SEA,-3.575,-2.32
2022_07_SEA_LAC,2022,7,SEA,-2.32,-2.081
2022_08_NYG_SEA,2022,8,SEA,-2.081,0.026
2022_09_SEA_ARI,2022,9,SEA,0.026,0.119
2022_10_SEA_TB,2022,10,SEA,0.119,0.016
2022_12_OAK_SEA,2022,12,SEA,0.016,-0.761
2022_13_SEA_LAR,2022,13,SEA,-0.761,0.71
2022_14_CAR_SEA,2022,14,SEA,0.71,0.786
2022_15_SF_SEA,2022,15,SEA,0.786,-0.257
2022_16_SEA_KC,2022,16,SEA,-0.257,-0.265
2022_17_NYJ_SEA,2022,17,SEA,-0.265,2.205
2022_18_LAR_SEA,2022,18,SEA,2.205,4.208
2022_19_SEA_SF,2022,19,SEA,4.208,1.081
2023_01_LAR_SEA,2023,1,SEA,0.693,-0.2
2023_02_SEA_DET,2023,2,SEA,-0.2,-1.625
2023_03_CAR_SEA,2023,3,SEA,-1.625,-2.76
2023_04_SEA_NYG,2023,4,SEA,-2.76,-0.403
2023_06_SEA_CIN,2023,6,SEA,-0.403,0.082
2023_07_ARI_SEA,2023,7,SEA,0.082,0.398
2023_08_CLE_SEA,2023,8,SEA,0.398,0.98
2023_09_SEA_BAL,2023,9,SEA,0.98,0.565
2023_10_WAS_SEA,2023,10,SEA,0.565,-1.453
2023_11_SEA_LAR,2023,11,SEA,-1.453,-0.551
2023_12_SF_SEA,2023,12,SEA,-0.551,0.237
2023_13_SEA_DAL,2023,13,SEA,0.237,-0.164
2023_14_SEA_SF,2023,14,SEA,-0.164,-0.433
2023_15_PHI_SEA,2023,15,SEA,-0.433,-0.002
2023_16_SEA_TEN,2023,16,SEA,-0.002,0.841
2023_17_PIT_SEA,2023,17,SEA,0.841,0.177
2023_18_SEA_ARI,2023,18,SEA,0.177,-0.849
2024_01_DEN_SEA,2024,1,SEA,-0.544,0.102
2024_02_SEA_NE,2024,2,SEA,0.102,1.271
2024_03_MIA_SEA,2024,3,SEA,1.271,2.468
2024_04_SEA_DET,2024,4,SEA,2.468,1.346
2024_05_NYG_SEA,2024,5,SEA,1.346,0.102
2024_06_SF_SEA,2024,6,SEA,0.102,-1.48
2024_07_SEA_ATL,2024,7,SEA,-1.48,0.119
2024_08_BUF_SEA,2024,8,SEA,0.119,-0.199
2024_09_LAR_SEA,2024,9,SEA,-0.199,-0.784
2024_11_SEA_SF,2024,11,SEA,-0.784,-0.801
2024_12_ARI_SEA,2024,12,SEA,-0.801,1.29
2024_13_SEA_NYJ,2024,13,SEA,1.29,2.19
2024_14_SEA_ARI,2024,14,SEA,2.19,2.814
2024_15_GB_SEA,2024,15,SEA,2.814,1.778
2024_16_MIN_SEA,2024,16,SEA,1.778,1.134
2024_17_SEA_CHI,2024,17,SEA,1.134,3.776
2024_18_SEA_LAR,2024,18,SEA,3.776,2.848
2025_01_SF_SEA,2025,1,SEA,1.826,1.459
2025_02_SEA_PIT,2025,2,SEA,1.459,4.015
2025_03_NO_SEA,2025,3,SEA,4.015,3.362
2025_04_SEA_ARI,2025,4,SEA,3.362,4.898
2025_05_TB_SEA,2025,5,SEA,4.898,2.166
2025_06_SEA_JAX,2025,6,SEA,2.166,2.868
2025_07_HOU_SEA,2025,7,SEA,2.868,4.13
2025_09_SEA_WAS,2025,9,SEA,4.13,5.015
2025_10_ARI_SEA,2025,10,SEA,5.015,5.112
2025_11_SEA_LAR,2025,11,SEA,5.112,5.853
2025_12_SEA_TEN,2025,12,SEA,5.853,3.813
2025_13_MIN_SEA,2025,13,SEA,3.813,6.823
2025_14_SEA_ATL,2025,14,SEA,6.823,9.03
2025_15_IND_SEA,2025,15,SEA,9.03,9.961
2025_16_LAR_SEA,2025,16,SEA,9.961,7.185
2025_17_SEA_CAR,2025,17,SEA,7.185,8.461
2025_18_SEA_SF,2025,18,SEA,8.461,10.453
2025_20_SF_SEA,2025,20,SEA,10.453,12.112
2025_21_LAR_SEA,2025,21,SEA,12.112,9.893
2025_22_SEA_NE,2025,22,SEA,9.893,10.743
2026_01_NE_SEA,2026,1,SEA,6.886,8.184
1999_01_SF_JAX,1999,1,SF,0.0,-2.283
1999_02_NO_SF,1999,2,SF,-2.283,-3.441
1999_03_SF_ARI,1999,3,SF,-3.441,-1.789
1999_04_TEN_SF,1999,4,SF,-1.789,-2.565
1999_05_SF_LAR,1999,5,SF,-2.565,-6.48
1999_06_CAR_SF,1999,6,SF,-6.48,-7.776
1999_07_SF_MIN,1999,7,SF,-7.776,-8.82
1999_09_PIT_SF,1999,9,SF,-8.82,-9.351
1999_10_SF_NO,1999,10,SF,-9.351,-12.349
1999_11_LAR_SF,1999,11,SF,-12.349,-10.991
1999_12_GB_SF,1999,12,SF,-10.991,-12.632
1999_13_SF_CIN,1999,13,SF,-12.632,-15.762
1999_14_ATL_SF,1999,14,SF,-15.762,-13.873
1999_15_SF_CAR,1999,15,SF,-13.873,-17.219
1999_16_WAS_SF,1999,16,SF,-17.219,-19.73
1999_17_SF_ATL,1999,17,SF,-19.73,-21.745
2000_01_SF_ATL,2000,1,SF,-13.938,-15.293
2000_02_CAR_SF,2000,2,SF,-15.293,-17.419
2000_03_SF_LAR,2000,3,SF,-17.419,-17.619
2000_04_SF_DAL,2000,4,SF,-17.619,-17.416
2000_05_ARI_SF,2000,5,SF,-17.416,-18.916
2000_06_OAK_SF,2000,6,SF,-18.916,-20.835
2000_07_SF_GB,2000,7,SF,-20.835,-22.104
2000_08_SF_CAR,2000,8,SF,-22.104,-22.952
2000_09_LAR_SF,2000,9,SF,-22.952,-23.541
2000_10_SF_NO,2000,10,SF,-23.541,-25.006
2000_11_KC_SF,2000,11,SF,-25.006,-22.914
2000_12_ATL_SF,2000,12,SF,-22.914,-20.675
2000_14_SF_LAC,2000,14,SF,-20.675,-18.759
2000_15_NO_SF,2000,15,SF,-18.759,-19.703
2000_16_CHI_SF,2000,16,SF,-19.703,-16.493
2000_17_SF_DEN,2000,17,SF,-16.493,-17.143
2001_01_ATL_SF,2001,1,SF,-10.989,-10.854
2001_02_LAR_SF,2001,2,SF,-10.854,-12.324
2001_03_SF_NYJ,2001,3,SF,-12.324,-11.404
2001_04_CAR_SF,2001,4,SF,-11.404,-11.229
2001_05_SF_ATL,2001,5,SF,-11.229,-12.051
2001_07_SF_CHI,2001,7,SF,-12.051,-9.987
2001_08_DET_SF,2001,8,SF,-9.987,-8.363
2001_09_NO_SF,2001,9,SF,-8.363,-10.793
2001_10_SF_CAR,2001,10,SF,-10.793,-11.739
2001_11_SF_IND,2001,11,SF,-11.739,-10.271
2001_12_BUF_SF,2001,12,SF,-10.271,-7.792
2001_13_SF_LAR,2001,13,SF,-7.792,-7.347
2001_14_MIA_SF,2001,14,SF,-7.347,-4.003
2001_15_PHI_SF,2001,15,SF,-4.003,-3.669
2001_16_SF_DAL,2001,16,SF,-3.669,-6.544
2001_17_SF_NO,2001,17,SF,-6.544,-3.373
2001_18_SF_GB,2001,18,SF,-3.373,-4.257
2002_01_SF_NYG,2002,1,SF,-2.729,-1.864
2002_02_DEN_SF,2002,2,SF,-1.864,-2.049
2002_03_WAS_SF,2002,3,SF,-2.049,-2.285
2002_05_LAR_SF,2002,5,SF,-2.285,-2.523
2002_06_SF_SEA,2002,6,SF,-2.523,-2.907
2002_07_SF_NO,2002,7,SF,-2.907,-5.202
2002_08_ARI_SF,2002,8,SF,-5.202,-5.475
2002_09_SF_OAK,2002,9,SF,-5.475,-4.646
2002_10_KC_SF,2002,10,SF,-4.646,-3.878
2002_11_SF_LAC,2002,11,SF,-3.878,-6.065
2002_12_PHI_SF,2002,12,SF,-6.065,-8.746
2002_13_SEA_SF,2002,13,SF,-8.746,-10.573
2002_14_SF_DAL,2002,14,SF,-10.573,-9.729
2002_15_GB_SF,2002,15,SF,-9.729,-10.333
2002_16_SF_ARI,2002,16,SF,-10.333,-9.236
2002_17_SF_LAR,2002,17,SF,-9.236,-10.459
2002_18_NYG_SF,2002,18,SF,-10.459,-12.15
2002_19_SF_TB,2002,19,SF,-12.15,-11.272
2003_01_CHI_SF,2003,1,SF,-7.225,-3.212
2003_02_SF_LAR,2003,2,SF,-3.212,-3.591
2003_03_CLE_SF,2003,3,SF,-3.591,-4.216
2003_04_SF_MIN,2003,4,SF,-4.216,-6.83
2003_05_DET_SF,2003,5,SF,-6.83,-6.481
2003_06_SF_SEA,2003,6,SF,-6.481,-5.705
2003_07_TB_SF,2003,7,SF,-5.705,-3.616
2003_08_SF_ARI,2003,8,SF,-3.616,-4.088
2003_09_LAR_SF,2003,9,SF,-4.088,-3.271
2003_11_PIT_SF,2003,11,SF,-3.271,-4.036
2003_12_SF_GB,2003,12,SF,-4.036,-2.688
2003_13_SF_BAL,2003,13,SF,-2.688,-4.224
2003_14_ARI_SF,2003,14,SF,-4.224,-2.771
2003_15_SF_CIN,2003,15,SF,-2.771,-3.167
2003_16_SF_PHI,2003,16,SF,-3.167,-1.595
2003_17_SEA_SF,2003,17,SF,-1.595,-2.166
2004_01_ATL_SF,2004,1,SF,-1.389,-0.071
2004_02_SF_NO,2004,2,SF,-0.071,-1.707
2004_03_SF_SEA,2004,3,SF,-1.707,-3.279
2004_04_LAR_SF,2004,4,SF,-3.279,-4.253
2004_05_ARI_SF,2004,5,SF,-4.253,-5.458
2004_06_SF_NYJ,2004,6,SF,-5.458,-6.001
2004_08_SF_CHI,2004,8,SF,-6.001,-4.976
2004_09_SEA_SF,2004,9,SF,-4.976,-6.079
2004_10_CAR_SF,2004,10,SF,-6.079,-7.691
2004_11_SF_TB,2004,11,SF,-7.691,-7.792
2004_12_MIA_SF,2004,12,SF,-7.792,-8.108
2004_13_SF_LAR,2004,13,SF,-8.108,-6.363
2004_14_SF_ARI,2004,14,SF,-6.363,-7.122
2004_15_WAS_SF,2004,15,SF,-7.122,-7.925
2004_16_BUF_SF,2004,16,SF,-7.925,-8.867
2004_17_SF_NE,2004,17,SF,-8.867,-9.334
2005_01_LAR_SF,2005,1,SF,-5.983,-5.627
2005_02_SF_PHI,2005,2,SF,-5.627,-8.529
2005_03_DAL_SF,2005,3,SF,-8.529,-9.777
2005_04_SF_ARI,2005,4,SF,-9.777,-12.542
2005_05_IND_SF,2005,5,SF,-12.542,-11.283
2005_07_SF_WAS,2005,7,SF,-11.283,-12.701
2005_08_TB_SF,2005,8,SF,-12.701,-12.09
2005_09_NYG_SF,2005,9,SF,-12.09,-12.608
2005_10_SF_CHI,2005,10,SF,-12.608,-12.031
2005_11_SEA_SF,2005,11,SF,-12.031,-11.907
2005_12_SF_TEN,2005,12,SF,-11.907,-13.217
2005_13_ARI_SF,2005,13,SF,-13.217,-12.834
2005_14_SF_SEA,2005,14,SF,-12.834,-14.483
2005_15_SF_JAX,2005,15,SF,-14.483,-14.816
2005_16_SF_LAR,2005,16,SF,-14.816,-16.919
2005_17_HOU_SF,2005,17,SF,-16.919,-16.385
2006_01_SF_ARI,2006,1,SF,-10.503,-11.594
2006_02_LAR_SF,2006,2,SF,-11.594,-9.59
2006_03_PHI_SF,2006,3,SF,-9.59,-9.096
2006_04_SF_KC,2006,4,SF,-9.096,-11.656
2006_05_OAK_SF,2006,5,SF,-11.656,-11.676
2006_06_LAC_SF,2006,6,SF,-11.676,-14.326
2006_08_SF_CHI,2006,8,SF,-14.326,-16.822
2006_09_MIN_SF,2006,9,SF,-16.822,-15.112
2006_10_SF_DET,2006,10,SF,-15.112,-14.399
2006_11_SEA_SF,2006,11,SF,-14.399,-14.194
2006_12_SF_LAR,2006,12,SF,-14.194,-13.205
2006_13_SF_NO,2006,13,SF,-13.205,-12.085
2006_14_GB_SF,2006,14,SF,-12.085,-13.284
2006_15_SF_SEA,2006,15,SF,-13.284,-11.598
2006_16_ARI_SF,2006,16,SF,-11.598,-11.698
2006_17_SF_DEN,2006,17,SF,-11.698,-11.586
2007_01_ARI_SF,2007,1,SF,-7.426,-6.396
2007_02_SF_LAR,2007,2,SF,-6.396,-5.965
2007_03_SF_PIT,2007,3,SF,-5.965,-6.036
2007_04_SEA_SF,2007,4,SF,-6.036,-6.837
2007_05_BAL_SF,2007,5,SF,-6.837,-7.256
2007_07_SF_NYG,2007,7,SF,-7.256,-6.887
2007_08_NO_SF,2007,8,SF,-6.887,-10.251
2007_09_SF_ATL,2007,9,SF,-10.251,-9.367
2007_10_SF_SEA,2007,10,SF,-9.367,-10.314
2007_11_LAR_SF,2007,11,SF,-10.314,-8.873
2007_12_SF_ARI,2007,12,SF,-8.873,-10.401
2007_13_SF_CAR,2007,13,SF,-10.401,-9.716
2007_14_MIN_SF,2007,14,SF,-9.716,-10.506
2007_15_CIN_SF,2007,15,SF,-10.506,-10.682
2007_16_TB_SF,2007,16,SF,-10.682,-10.205
2007_17_SF_CLE,2007,17,SF,-10.205,-9.2
2008_01_ARI_SF,2008,1,SF,-5.897,-5.422
2008_02_SF_SEA,2008,2,SF,-5.422,-3.848
2008_03_DET_SF,2008,3,SF,-3.848,-2.532
2008_04_SF_NO,2008,4,SF,-2.532,-3.845
2008_05_NE_SF,2008,5,SF,-3.845,-3.332
2008_06_PHI_SF,2008,6,SF,-3.332,-4.3
2008_07_SF_NYG,2008,7,SF,-4.3,-4.018
2008_08_SEA_SF,2008,8,SF,-4.018,-5.369
2008_10_SF_ARI,2008,10,SF,-5.369,-7.764
2008_11_LAR_SF,2008,11,SF,-7.764,-7.992
2008_12_SF_DAL,2008,12,SF,-7.992,-9.122
2008_13_SF_BUF,2008,13,SF,-9.122,-8.257
2008_14_NYJ_SF,2008,14,SF,-8.257,-6.798
2008_15_SF_MIA,2008,15,SF,-6.798,-6.94
2008_16_SF_LAR,2008,16,SF,-6.94,-6.625
2008_17_WAS_SF,2008,17,SF,-6.625,-7.746
2009_01_SF_ARI,2009,1,SF,-4.965,-3.372
2009_02_SEA_SF,2009,2,SF,-3.372,-2.457
2009_03_SF_MIN,2009,3,SF,-2.457,-2.427
2009_04_LAR_SF,2009,4,SF,-2.427,-0.297
2009_05_ATL_SF,2009,5,SF,-0.297,-2.627
2009_07_SF_HOU,2009,7,SF,-2.627,-3.045
2009_08_SF_IND,2009,8,SF,-3.045,-2.206
2009_09_TEN_SF,2009,9,SF,-2.206,-2.897
2009_10_CHI_SF,2009,10,SF,-2.897,-0.741
2009_11_SF_GB,2009,11,SF,-0.741,-2.542
2009_12_JAX_SF,2009,12,SF,-2.542,-2.111
2009_13_SF_SEA,2009,13,SF,-2.111,-2.973
2009_14_ARI_SF,2009,14,SF,-2.973,0.416
2009_15_SF_PHI,2009,15,SF,0.416,-0.325
2009_16_DET_SF,2009,16,SF,-0.325,1.447
2009_17_SF_LAR,2009,17,SF,1.447,2.989
2010_01_SF_SEA,2010,1,SF,1.916,0.366
2010_02_NO_SF,2010,2,SF,0.366,-0.16
2010_03_SF_KC,2010,3,SF,-0.16,-2.084
2010_04_SF_ATL,2010,4,SF,-2.084,-1.244
2010_05_PHI_SF,2010,5,SF,-1.244,-1.913
2010_06_OAK_SF,2010,6,SF,-1.913,0.746
2010_07_SF_CAR,2010,7,SF,0.746,-1.458
2010_08_DEN_SF,2010,8,SF,-1.458,-2.027
2010_10_LAR_SF,2010,10,SF,-2.027,-3.165
2010_11_TB_SF,2010,11,SF,-3.165,-3.449
2010_12_SF_ARI,2010,12,SF,-3.449,-2.78
2010_13_SF_GB,2010,13,SF,-2.78,-3.949
2010_14_SEA_SF,2010,14,SF,-3.949,-3.68
2010_15_SF_LAC,2010,15,SF,-3.68,-5.112
2010_16_SF_LAR,2010,16,SF,-5.112,-7.076
2010_17_ARI_SF,2010,17,SF,-7.076,-5.595
2011_01_SEA_SF,2011,1,SF,-3.586,-3.016
2011_02_DAL_SF,2011,2,SF,-3.016,-4.154
2011_03_SF_CIN,2011,3,SF,-4.154,-2.591
2011_04_SF_PHI,2011,4,SF,-2.591,-5.282
2011_05_TB_SF,2011,5,SF,-5.282,-2.699
2011_06_SF_DET,2011,6,SF,-2.699,-2.449
2011_08_CLE_SF,2011,8,SF,-2.449,-2.474
2011_09_SF_WAS,2011,9,SF,-2.474,-3.691
2011_10_NYG_SF,2011,10,SF,-3.691,-3.868
2011_11_ARI_SF,2011,11,SF,-3.868,-1.299
2011_12_SF_BAL,2011,12,SF,-1.299,-1.594
2011_13_LAR_SF,2011,13,SF,-1.594,-0.065
2011_14_SF_ARI,2011,14,SF,-0.065,1.038
2011_15_PIT_SF,2011,15,SF,1.038,2.889
2011_16_SF_SEA,2011,16,SF,2.889,3.523
2011_17_SF_LAR,2011,17,SF,3.523,3.008
2011_19_NO_SF,2011,19,SF,3.008,2.896
2011_20_NYG_SF,2011,20,SF,2.896,3.802
2012_01_SF_GB,2012,1,SF,2.437,2.31
2012_02_DET_SF,2012,2,SF,2.31,2.991
2012_03_SF_MIN,2012,3,SF,2.991,0.616
2012_04_SF_NYJ,2012,4,SF,0.616,2.985
2012_05_BUF_SF,2012,5,SF,2.985,4.265
2012_06_NYG_SF,2012,6,SF,4.265,4.743
2012_07_SEA_SF,2012,7,SF,4.743,5.963
2012_08_SF_ARI,2012,8,SF,5.963,5.745
2012_10_LAR_SF,2012,10,SF,5.745,3.794
2012_11_CHI_SF,2012,11,SF,3.794,6.139
2012_12_SF_NO,2012,12,SF,6.139,7.764
2012_13_SF_LAR,2012,13,SF,7.764,6.566
2012_14_MIA_SF,2012,14,SF,6.566,6.215
2012_15_SF_NE,2012,15,SF,6.215,6.667
2012_16_SF_SEA,2012,16,SF,6.667,5.311
2012_17_ARI_SF,2012,17,SF,5.311,4.66
2012_19_GB_SF,2012,19,SF,4.66,4.188
2012_20_SF_ATL,2012,20,SF,4.188,2.369
2012_21_BAL_SF,2012,21,SF,2.369,0.975
2013_01_GB_SF,2013,1,SF,0.625,0.327
2013_02_SF_SEA,2013,2,SF,0.327,2.719
2013_03_IND_SF,2013,3,SF,2.719,2.028
2013_04_SF_LAR,2013,4,SF,2.028,4.575
2013_05_HOU_SF,2013,5,SF,4.575,6.946
2013_06_ARI_SF,2013,6,SF,6.946,6.002
2013_07_SF_TEN,2013,7,SF,6.002,4.774
2013_08_SF_JAX,2013,8,SF,4.774,2.78
2013_10_CAR_SF,2013,10,SF,2.78,5.253
2013_11_SF_NO,2013,11,SF,5.253,5.609
2013_12_SF_WAS,2013,12,SF,5.609,8.04
2013_13_LAR_SF,2013,13,SF,8.04,7.941
2013_14_SEA_SF,2013,14,SF,7.941,9.111
2013_15_SF_TB,2013,15,SF,9.111,9.496
2013_16_ATL_SF,2013,16,SF,9.496,7.771
2013_17_SF_ARI,2013,17,SF,7.771,5.994
2013_18_SF_GB,2013,18,SF,5.994,6.454
2013_19_SF_CAR,2013,19,SF,6.454,7.187
2013_20_SF_SEA,2013,20,SF,7.187,7.754
2014_01_SF_DAL,2014,1,SF,4.97,6.489
2014_02_CHI_SF,2014,2,SF,6.489,4.293
2014_03_SF_ARI,2014,3,SF,4.293,2.323
2014_04_PHI_SF,2014,4,SF,2.323,4.815
2014_05_KC_SF,2014,5,SF,4.815,5.487
2014_06_SF_LAR,2014,6,SF,5.487,6.809
2014_07_SF_DEN,2014,7,SF,6.809,5.104
2014_09_LAR_SF,2014,9,SF,5.104,6.048
2014_10_SF_NO,2014,10,SF,6.048,6.636
2014_11_SF_NYG,2014,11,SF,6.636,9.505
2014_12_WAS_SF,2014,12,SF,9.505,11.065
2014_13_SEA_SF,2014,13,SF,11.065,10.996
2014_14_SF_OAK,2014,14,SF,10.996,8.067
2014_15_SF_SEA,2014,15,SF,8.067,10.242
2014_16_LAC_SF,2014,16,SF,10.242,9.477
2014_17_ARI_SF,2014,17,SF,9.477,8.46
2015_01_MIN_SF,2015,1,SF,5.423,6.13
2015_02_SF_PIT,2015,2,SF,6.13,3.161
2015_03_SF_ARI,2015,3,SF,3.161,2.429
2015_04_GB_SF,2015,4,SF,2.429,3.011
2015_05_SF_NYG,2015,5,SF,3.011,-0.679
2015_06_BAL_SF,2015,6,SF,-0.679,-1.526
2015_07_SEA_SF,2015,7,SF,-1.526,0.035
2015_08_SF_LAR,2015,8,SF,0.035,-0.289
2015_09_ATL_SF,2015,9,SF,-0.289,-0.72
2015_11_SF_SEA,2015,11,SF,-0.72,-2.835
2015_12_ARI_SF,2015,12,SF,-2.835,-2.846
2015_13_SF_CHI,2015,13,SF,-2.846,-1.441
2015_14_SF_CLE,2015,14,SF,-1.441,-2.252
2015_15_CIN_SF,2015,15,SF,-2.252,-2.437
2015_16_SF_DET,2015,16,SF,-2.437,-3.953
2015_17_LAR_SF,2015,17,SF,-3.953,-4.576
2016_01_LAR_SF,2016,1,SF,-2.933,-0.769
2016_02_SF_CAR,2016,2,SF,-0.769,-2.654
2016_03_SF_SEA,2016,3,SF,-2.654,-2.279
2016_04_DAL_SF,2016,4,SF,-2.279,-3.463
2016_05_ARI_SF,2016,5,SF,-3.463,-2.995
2016_06_SF_BUF,2016,6,SF,-2.995,-3.985
2016_07_TB_SF,2016,7,SF,-3.985,-4.754
2016_09_NO_SF,2016,9,SF,-4.754,-5.429
2016_10_SF_ARI,2016,10,SF,-5.429,-5.585
2016_11_NE_SF,2016,11,SF,-5.585,-6.184
2016_12_SF_MIA,2016,12,SF,-6.184,-8.037
2016_13_SF_CHI,2016,13,SF,-8.037,-7.748
2016_14_NYJ_SF,2016,14,SF,-7.748,-6.637
2016_15_SF_ATL,2016,15,SF,-6.637,-6.989
2016_16_SF_LAR,2016,16,SF,-6.989,-4.236
2016_17_SEA_SF,2016,17,SF,-4.236,-4.238
2017_01_CAR_SF,2017,1,SF,-2.716,-2.236
2017_02_SF_SEA,2017,2,SF,-2.236,-1.683
2017_03_LAR_SF,2017,3,SF,-1.683,-4.878
2017_04_SF_ARI,2017,4,SF,-4.878,-4.282
2017_05_SF_IND,2017,5,SF,-4.282,-4.329
2017_06_SF_WAS,2017,6,SF,-4.329,-5.576
2017_07_DAL_SF,2017,7,SF,-5.576,-7.246
2017_08_SF_PHI,2017,8,SF,-7.246,-6.051
2017_09_ARI_SF,2017,9,SF,-6.051,-6.056
2017_10_NYG_SF,2017,10,SF,-6.056,-7.057
2017_12_SEA_SF,2017,12,SF,-7.057,-7.313
2017_13_SF_CHI,2017,13,SF,-7.313,-7.232
2017_14_SF_HOU,2017,14,SF,-7.232,-5.948
2017_15_TEN_SF,2017,15,SF,-5.948,-7.337
2017_16_JAX_SF,2017,16,SF,-7.337,-7.619
2017_17_SF_LAR,2017,17,SF,-7.619,-6.719
2018_01_SF_MIN,2018,1,SF,-4.307,-4.222
2018_02_DET_SF,2018,2,SF,-4.222,-6.13
2018_03_SF_KC,2018,3,SF,-6.13,-7.022
2018_04_SF_LAC,2018,4,SF,-7.022,-6.814
2018_05_ARI_SF,2018,5,SF,-6.814,-6.128
2018_06_SF_GB,2018,6,SF,-6.128,-6.858
2018_07_LAR_SF,2018,7,SF,-6.858,-6.99
2018_08_SF_ARI,2018,8,SF,-6.99,-7.256
2018_09_OAK_SF,2018,9,SF,-7.256,-4.665
2018_10_NYG_SF,2018,10,SF,-4.665,-5.403
2018_12_SF_TB,2018,12,SF,-5.403,-7.587
2018_13_SF_SEA,2018,13,SF,-7.587,-7.534
2018_14_DEN_SF,2018,14,SF,-7.534,-7.176
2018_15_SEA_SF,2018,15,SF,-7.176,-7.392
2018_16_CHI_SF,2018,16,SF,-7.392,-7.392
2018_17_SF_LAR,2018,17,SF,-7.392,-8.161
2019_01_SF_TB,2019,1,SF,-5.231,-2.444
2019_02_SF_CIN,2019,2,SF,-2.444,-2.104
2019_03_PIT_SF,2019,3,SF,-2.104,-1.662
2019_05_CLE_SF,2019,5,SF,-1.662,2.237
2019_06_SF_LAR,2019,6,SF,2.237,4.911
2019_07_SF_WAS,2019,7,SF,4.911,6.317
2019_08_CAR_SF,2019,8,SF,6.317,9.887
2019_09_SF_ARI,2019,9,SF,9.887,8.515
2019_10_SEA_SF,2019,10,SF,8.515,9.231
2019_11_ARI_SF,2019,11,SF,9.231,7.645
2019_12_GB_SF,2019,12,SF,7.645,9.858
2019_13_SF_BAL,2019,13,SF,9.858,9.16
2019_14_SF_NO,2019,14,SF,9.16,5.406
2019_15_ATL_SF,2019,15,SF,5.406,4.76
2019_16_LAR_SF,2019,16,SF,4.76,3.55
2019_17_SF_SEA,2019,17,SF,3.55,2.642
2019_19_MIN_SF,2019,19,SF,2.642,4.627
2019_20_GB_SF,2019,20,SF,4.627,4.173
2019_21_SF_KC,2019,21,SF,4.173,5.449
2020_01_ARI_SF,2020,1,SF,3.493,1.762
2020_02_SF_NYJ,2020,2,SF,1.762,1.395
2020_03_SF_NYG,2020,3,SF,1.395,2.239
2020_04_PHI_SF,2020,4,SF,2.239,2.05
2020_05_MIA_SF,2020,5,SF,2.05,-0.257
2020_06_LAR_SF,2020,6,SF,-0.257,0.479
2020_07_SF_NE,2020,7,SF,0.479,3.33
2020_08_SF_SEA,2020,8,SF,3.33,1.996
2020_09_GB_SF,2020,9,SF,1.996,-0.007
2020_10_SF_NO,2020,10,SF,-0.007,2.075
2020_12_SF_LAR,2020,12,SF,2.075,4.327
2020_13_BUF_SF,2020,13,SF,4.327,1.332
2020_14_WAS_SF,2020,14,SF,1.332,3.928
2020_15_SF_DAL,2020,15,SF,3.928,3.485
2020_16_SF_ARI,2020,16,SF,3.485,4.367
2020_17_SEA_SF,2020,17,SF,4.367,4.739
2021_01_SF_DET,2021,1,SF,3.038,1.83
2021_02_SF_PHI,2021,2,SF,1.83,0.84
2021_03_GB_SF,2021,3,SF,0.84,0.056
2021_04_SEA_SF,2021,4,SF,0.056,0.119
2021_05_SF_ARI,2021,5,SF,0.119,1.275
2021_07_IND_SF,2021,7,SF,1.275,-0.035
2021_08_SF_CHI,2021,8,SF,-0.035,-2.074
2021_09_ARI_SF,2021,9,SF,-2.074,-3.94
2021_10_LAR_SF,2021,10,SF,-3.94,-2.162
2021_11_SF_JAX,2021,11,SF,-2.162,-1.736
2021_12_MIN_SF,2021,12,SF,-1.736,-0.952
2021_13_SF_SEA,2021,13,SF,-0.952,-1.144
2021_14_SF_CIN,2021,14,SF,-1.144,-1.952
2021_15_ATL_SF,2021,15,SF,-1.952,-1.626
2021_16_SF_TEN,2021,16,SF,-1.626,-1.733
2021_17_HOU_SF,2021,17,SF,-1.733,-0.626
2021_18_SF_LAR,2021,18,SF,-0.626,0.795
2021_19_SF_DAL,2021,19,SF,0.795,2.48
2021_20_SF_GB,2021,20,SF,2.48,4.157
2021_21_SF_LAR,2021,21,SF,4.157,3.546
2022_01_SF_CHI,2022,1,SF,2.273,3.17
2022_02_SEA_SF,2022,2,SF,3.17,3.309
2022_03_SF_DEN,2022,3,SF,3.309,4.865
2022_04_LAR_SF,2022,4,SF,4.865,6.711
2022_05_SF_CAR,2022,5,SF,6.711,7.907
2022_06_SF_ATL,2022,6,SF,7.907,5.607
2022_07_KC_SF,2022,7,SF,5.607,4.154
2022_08_SF_LAR,2022,8,SF,4.154,3.682
2022_10_LAC_SF,2022,10,SF,3.682,4.88
2022_11_SF_ARI,2022,11,SF,4.88,5.268
2022_12_NO_SF,2022,12,SF,5.268,5.118
2022_13_MIA_SF,2022,13,SF,5.118,6.504
2022_14_TB_SF,2022,14,SF,6.504,7.412
2022_15_SF_SEA,2022,15,SF,7.412,6.91
2022_16_WAS_SF,2022,16,SF,6.91,6.932
2022_17_SF_OAK,2022,17,SF,6.932,3.956
2022_18_ARI_SF,2022,18,SF,3.956,4.513
2022_19_SEA_SF,2022,19,SF,4.513,3.905
2022_20_DAL_SF,2022,20,SF,3.905,4.785
2022_21_SF_PHI,2022,21,SF,4.785,5.559
2023_01_SF_PIT,2023,1,SF,3.563,4.727
2023_02_SF_LAR,2023,2,SF,4.727,4.809
2023_03_NYG_SF,2023,3,SF,4.809,6.007
2023_04_ARI_SF,2023,4,SF,6.007,3.555
2023_05_DAL_SF,2023,5,SF,3.555,6.588
2023_06_SF_CLE,2023,6,SF,6.588,7.652
2023_07_SF_MIN,2023,7,SF,7.652,5.394
2023_08_CIN_SF,2023,8,SF,5.394,2.613
2023_10_SF_JAX,2023,10,SF,2.613,5.692
2023_11_TB_SF,2023,11,SF,5.692,6.202
2023_12_SF_SEA,2023,12,SF,6.202,8.134
2023_13_SF_PHI,2023,13,SF,8.134,7.916
2023_14_SEA_SF,2023,14,SF,7.916,8.237
2023_15_SF_ARI,2023,15,SF,8.237,8.671
2023_16_BAL_SF,2023,16,SF,8.671,7.525
2023_17_SF_WAS,2023,17,SF,7.525,8.059
2023_18_LAR_SF,2023,18,SF,8.059,6.666
2023_20_GB_SF,2023,20,SF,6.666,7.761
2023_21_DET_SF,2023,21,SF,7.761,7.812
2023_22_SF_KC,2023,22,SF,7.812,6.285
2024_01_NYJ_SF,2024,1,SF,4.029,5.428
2024_02_SF_MIN,2024,2,SF,5.428,4.522
2024_03_SF_LAR,2024,3,SF,4.522,4.862
2024_04_NE_SF,2024,4,SF,4.862,6.793
2024_05_ARI_SF,2024,5,SF,6.793,5.345
2024_06_SF_SEA,2024,6,SF,5.345,5.982
2024_07_KC_SF,2024,7,SF,5.982,7.419
2024_08_DAL_SF,2024,8,SF,7.419,7.934
2024_10_SF_TB,2024,10,SF,7.934,9.161
2024_11_SEA_SF,2024,11,SF,9.161,8.904
2024_12_SF_GB,2024,12,SF,8.904,9.233
2024_13_SF_BUF,2024,13,SF,9.233,8.283
2024_14_CHI_SF,2024,14,SF,8.283,8.715
2024_15_LAR_SF,2024,15,SF,8.715,9.069
2024_16_SF_MIA,2024,16,SF,9.069,8.914
2024_17_DET_SF,2024,17,SF,8.914,7.773
2024_18_SF_ARI,2024,18,SF,7.773,5.349
2025_01_SF_SEA,2025,1,SF,3.429,3.607
2025_02_SF_NO,2025,2,SF,3.607,1.829
2025_03_ARI_SF,2025,3,SF,1.829,1.943
2025_04_JAX_SF,2025,4,SF,1.943,1.595
2025_05_SF_LAR,2025,5,SF,1.595,-0.446
2025_06_SF_TB,2025,6,SF,-0.446,-1.098
2025_07_ATL_SF,2025,7,SF,-1.098,-1.03
2025_08_SF_HOU,2025,8,SF,-1.03,-3.388
2025_09_SF_NYG,2025,9,SF,-3.388,-5.533
2025_10_LAR_SF,2025,10,SF,-5.533,-6.532
2025_11_SF_ARI,2025,11,SF,-6.532,-9.611
2025_12_CAR_SF,2025,12,SF,-9.611,-8.376
2025_13_SF_CLE,2025,13,SF,-8.376,-8.428
2025_15_TEN_SF,2025,15,SF,-8.428,-9.328
2025_16_SF_IND,2025,16,SF,-9.328,-9.128
2025_17_CHI_SF,2025,17,SF,-9.128,-10.257
2025_18_SEA_SF,2025,18,SF,-10.257,-9.707
2025_19_SF_PHI,2025,19,SF,-9.707,-8.814
2025_20_SF_SEA,2025,20,SF,-8.814,-7.902
2026_01_SF_LAR,2026,1,SF,-5.065,-3.33
1999_01_NYG_TB,1999,1,TB,0.0,0.597
1999_02_TB_PHI,1999,2,TB,0.597,1.214
1999_03_DEN_TB,1999,3,TB,1.214,1.816
1999_04_TB_MIN,1999,4,TB,1.816,-1.369
1999_05_TB_GB,1999,5,TB,-1.369,-2.485
1999_07_CHI_TB,1999,7,TB,-2.485,-0.815
1999_08_TB_DET,1999,8,TB,-0.815,-0.35
1999_09_TB_NO,1999,9,TB,-0.35,-0.418
1999_10_KC_TB,1999,10,TB,-0.418,-0.592
1999_11_ATL_TB,1999,11,TB,-0.592,0.632
1999_12_TB_SEA,1999,12,TB,0.632,4.1
1999_13_MIN_TB,1999,13,TB,4.1,4.934
1999_14_DET_TB,1999,14,TB,4.934,5.735
1999_15_TB_OAK,1999,15,TB,5.735,5.499
1999_16_GB_TB,1999,16,TB,5.499,5.553
1999_17_TB_CHI,1999,17,TB,5.553,5.655
1999_19_WAS_TB,1999,19,TB,5.655,6.481
1999_20_TB_LAR,1999,20,TB,6.481,7.372
2000_01_TB_NE,2000,1,TB,4.725,4.122
2000_02_CHI_TB,2000,2,TB,4.122,6.159
2000_03_TB_DET,2000,3,TB,6.159,6.431
2000_04_NYJ_TB,2000,4,TB,6.431,7.437
2000_05_TB_WAS,2000,5,TB,7.437,7.139
2000_06_TB_MIN,2000,6,TB,7.139,6.27
2000_08_DET_TB,2000,8,TB,6.27,8.097
2000_09_MIN_TB,2000,9,TB,8.097,7.878
2000_10_TB_ATL,2000,10,TB,7.878,9.823
2000_11_GB_TB,2000,11,TB,9.823,10.029
2000_12_TB_CHI,2000,12,TB,10.029,9.761
2000_13_BUF_TB,2000,13,TB,9.761,8.966
2000_14_DAL_TB,2000,14,TB,8.966,9.42
2000_15_TB_MIA,2000,15,TB,9.42,11.536
2000_16_LAR_TB,2000,16,TB,11.536,11.729
2000_17_TB_GB,2000,17,TB,11.729,11.889
2000_18_TB_PHI,2000,18,TB,11.889,10.065
2001_01_TB_DAL,2001,1,TB,6.451,8.107
2001_03_TB_MIN,2001,3,TB,8.107,6.585
2001_04_GB_TB,2001,4,TB,6.585,7.34
2001_05_TB_TEN,2001,5,TB,7.34,5.487
2001_06_PIT_TB,2001,6,TB,5.487,6.609
2001_07_MIN_TB,2001,7,TB,6.609,7.153
2001_08_TB_GB,2001,8,TB,7.153,7.777
2001_09_TB_DET,2001,9,TB,7.777,8.573
2001_10_CHI_TB,2001,10,TB,8.573,7.751
2001_11_TB_LAR,2001,11,TB,7.751,9.249
2001_12_TB_CIN,2001,12,TB,9.249,9.986
2001_13_DET_TB,2001,13,TB,9.986,10.086
2001_14_TB_CHI,2001,14,TB,10.086,9.953
2001_15_NO_TB,2001,15,TB,9.953,10.725
2001_16_BAL_TB,2001,16,TB,10.725,12.005
2001_17_PHI_TB,2001,17,TB,12.005,12.281
2001_18_TB_PHI,2001,18,TB,12.281,11.085
2002_01_NO_TB,2002,1,TB,7.105,6.065
2002_02_TB_BAL,2002,2,TB,6.065,7.619
2002_03_LAR_TB,2002,3,TB,7.619,9.673
2002_04_TB_CIN,2002,4,TB,9.673,11.162
2002_05_TB_ATL,2002,5,TB,11.162,12.82
2002_06_CLE_TB,2002,6,TB,12.82,13.531
2002_07_TB_PHI,2002,7,TB,13.531,14.623
2002_08_TB_CAR,2002,8,TB,14.623,17.158
2002_09_MIN_TB,2002,9,TB,17.158,18.269
2002_11_CAR_TB,2002,11,TB,18.269,18.798
2002_12_GB_TB,2002,12,TB,18.798,20.852
2002_13_TB_NO,2002,13,TB,20.852,21.394
2002_14_ATL_TB,2002,14,TB,21.394,22.179
2002_15_TB_DET,2002,15,TB,22.179,22.28
2002_16_PIT_TB,2002,16,TB,22.28,20.499
2002_17_TB_CHI,2002,17,TB,20.499,22.169
2002_19_SF_TB,2002,19,TB,22.169,25.095
2002_20_TB_PHI,2002,20,TB,25.095,25.355
2002_21_OAK_TB,2002,21,TB,25.355,28.247
2003_01_TB_PHI,2003,1,TB,18.106,18.819
2003_02_CAR_TB,2003,2,TB,18.819,19.701
2003_03_TB_ATL,2003,3,TB,19.701,20.467
2003_05_IND_TB,2003,5,TB,20.467,17.821
2003_06_TB_WAS,2003,6,TB,17.821,17.94
2003_07_TB_SF,2003,7,TB,17.94,16.933
2003_08_DAL_TB,2003,8,TB,16.933,18.142
2003_09_NO_TB,2003,9,TB,18.142,18.26
2003_10_TB_CAR,2003,10,TB,18.26,16.697
2003_11_GB_TB,2003,11,TB,16.697,17.344
2003_12_NYG_TB,2003,12,TB,17.344,18.657
2003_13_TB_JAX,2003,13,TB,18.657,16.288
2003_14_TB_NO,2003,14,TB,16.288,16.367
2003_15_HOU_TB,2003,15,TB,16.367,17.28
2003_16_ATL_TB,2003,16,TB,17.28,15.837
2003_17_TB_TEN,2003,17,TB,15.837,13.483
2004_01_TB_WAS,2004,1,TB,8.643,8.826
2004_02_SEA_TB,2004,2,TB,8.826,10.556
2004_03_TB_OAK,2004,3,TB,10.556,11.451
2004_04_DEN_TB,2004,4,TB,11.451,11.574
2004_05_TB_NO,2004,5,TB,11.574,11.715
2004_06_TB_LAR,2004,6,TB,11.715,11.617
2004_07_CHI_TB,2004,7,TB,11.617,11.896
2004_09_KC_TB,2004,9,TB,11.896,9.975
2004_10_TB_ATL,2004,10,TB,9.975,10.37
2004_11_SF_TB,2004,11,TB,10.37,12.341
2004_12_TB_CAR,2004,12,TB,12.341,12.122
2004_13_ATL_TB,2004,13,TB,12.122,13.797
2004_14_TB_LAC,2004,14,TB,13.797,13.909
2004_15_NO_TB,2004,15,TB,13.909,13.899
2004_16_CAR_TB,2004,16,TB,13.899,10.602
2004_17_TB_ARI,2004,17,TB,10.602,11.658
2005_01_TB_MIN,2005,1,TB,7.473,9.332
2005_02_BUF_TB,2005,2,TB,9.332,10.153
2005_03_TB_GB,2005,3,TB,10.153,11.172
2005_04_DET_TB,2005,4,TB,11.172,10.996
2005_05_TB_NYJ,2005,5,TB,10.996,11.177
2005_06_MIA_TB,2005,6,TB,11.177,11.308
2005_08_TB_SF,2005,8,TB,11.308,11.604
2005_09_CAR_TB,2005,9,TB,11.604,10.942
2005_10_WAS_TB,2005,10,TB,10.942,10.184
2005_11_TB_ATL,2005,11,TB,10.184,8.663
2005_12_CHI_TB,2005,12,TB,8.663,8.273
2005_13_TB_NO,2005,13,TB,8.273,10.386
2005_14_TB_CAR,2005,14,TB,10.386,10.049
2005_15_TB_NE,2005,15,TB,10.049,8.524
2005_16_ATL_TB,2005,16,TB,8.524,7.663
2005_17_NO_TB,2005,17,TB,7.663,7.44
2005_18_WAS_TB,2005,18,TB,7.44,9.103
2006_01_BAL_TB,2006,1,TB,5.835,5.472
2006_02_TB_ATL,2006,2,TB,5.472,3.913
2006_03_CAR_TB,2006,3,TB,3.913,2.994
2006_05_TB_NO,2006,5,TB,2.994,2.81
2006_06_CIN_TB,2006,6,TB,2.81,2.244
2006_07_PHI_TB,2006,7,TB,2.244,0.937
2006_08_TB_NYG,2006,8,TB,0.937,1.179
2006_09_NO_TB,2006,9,TB,1.179,-1.506
2006_10_TB_CAR,2006,10,TB,-1.506,-2.502
2006_11_WAS_TB,2006,11,TB,-2.502,-3.388
2006_12_TB_DAL,2006,12,TB,-3.388,-6.916
2006_13_TB_PIT,2006,13,TB,-6.916,-6.863
2006_14_ATL_TB,2006,14,TB,-6.863,-5.326
2006_15_TB_CHI,2006,15,TB,-5.326,-6.998
2006_16_TB_CLE,2006,16,TB,-6.998,-3.622
2006_17_SEA_TB,2006,17,TB,-3.622,-4.137
2007_01_TB_SEA,2007,1,TB,-2.652,-3.404
2007_02_NO_TB,2007,2,TB,-3.404,-2.872
2007_03_LAR_TB,2007,3,TB,-2.872,-0.498
2007_04_TB_CAR,2007,4,TB,-0.498,0.429
2007_05_TB_IND,2007,5,TB,0.429,-0.205
2007_06_TEN_TB,2007,6,TB,-0.205,0.449
2007_07_TB_DET,2007,7,TB,0.449,0.66
2007_08_JAX_TB,2007,8,TB,0.66,0.978
2007_09_ARI_TB,2007,9,TB,0.978,2.897
2007_11_TB_ATL,2007,11,TB,2.897,5.296
2007_12_WAS_TB,2007,12,TB,5.296,5.279
2007_13_TB_NO,2007,13,TB,5.279,5.552
2007_14_TB_HOU,2007,14,TB,5.552,3.049
2007_15_ATL_TB,2007,15,TB,3.049,5.152
2007_16_TB_SF,2007,16,TB,5.152,5.016
2007_17_CAR_TB,2007,17,TB,5.016,3.618
2007_18_NYG_TB,2007,18,TB,3.618,1.842
2008_01_TB_NO,2008,1,TB,1.181,-0.166
2008_02_ATL_TB,2008,2,TB,-0.166,2.834
2008_03_TB_CHI,2008,3,TB,2.834,1.894
2008_04_GB_TB,2008,4,TB,1.894,3.791
2008_05_TB_DEN,2008,5,TB,3.791,2.874
2008_06_CAR_TB,2008,6,TB,2.874,4.476
2008_07_SEA_TB,2008,7,TB,4.476,4.73
2008_08_TB_DAL,2008,8,TB,4.73,5.2
2008_09_TB_KC,2008,9,TB,5.2,3.917
2008_11_MIN_TB,2008,11,TB,3.917,4.13
2008_12_TB_DET,2008,12,TB,4.13,6.452
2008_13_NO_TB,2008,13,TB,6.452,7.738
2008_14_TB_CAR,2008,14,TB,7.738,8.136
2008_15_TB_ATL,2008,15,TB,8.136,8.916
2008_16_LAC_TB,2008,16,TB,8.916,6.759
2008_17_OAK_TB,2008,17,TB,6.759,5.911
2009_01_DAL_TB,2009,1,TB,3.789,1.66
2009_02_TB_BUF,2009,2,TB,1.66,0.653
2009_03_NYG_TB,2009,3,TB,0.653,-0.208
2009_04_TB_WAS,2009,4,TB,-0.208,1.621
2009_05_TB_PHI,2009,5,TB,1.621,-0.102
2009_06_CAR_TB,2009,6,TB,-0.102,1.073
2009_07_NE_TB,2009,7,TB,1.073,0.562
2009_09_GB_TB,2009,9,TB,0.562,2.395
2009_10_TB_MIA,2009,10,TB,2.395,1.971
2009_11_NO_TB,2009,11,TB,1.971,1.312
2009_12_TB_ATL,2009,12,TB,1.312,2.673
2009_13_TB_CAR,2009,13,TB,2.673,2.524
2009_14_NYJ_TB,2009,14,TB,2.524,2.84
2009_15_TB_SEA,2009,15,TB,2.84,3.868
2009_16_TB_NO,2009,16,TB,3.868,3.031
2009_17_ATL_TB,2009,17,TB,3.031,2.693
2010_01_CLE_TB,2010,1,TB,1.726,1.786
2010_02_TB_CAR,2010,2,TB,1.786,3.381
2010_03_PIT_TB,2010,3,TB,3.381,1.836
2010_05_TB_CIN,2010,5,TB,1.836,2.37
2010_06_NO_TB,2010,6,TB,2.37,1.729
2010_07_LAR_TB,2010,7,TB,1.729,1.389
2010_08_TB_ARI,2010,8,TB,1.389,2.101
2010_09_TB_ATL,2010,9,TB,2.101,1.076
2010_10_CAR_TB,2010,10,TB,1.076,0.678
2010_11_TB_SF,2010,11,TB,0.678,1.985
2010_12_TB_BAL,2010,12,TB,1.985,1.769
2010_13_ATL_TB,2010,13,TB,1.769,3.014
2010_14_TB_WAS,2010,14,TB,3.014,1.97
2010_15_DET_TB,2010,15,TB,1.97,-0.381
2010_16_SEA_TB,2010,16,TB,-0.381,-0.607
2010_17_TB_NO,2010,17,TB,-0.607,1.38
2011_01_DET_TB,2011,1,TB,0.884,-1.604
2011_02_TB_MIN,2011,2,TB,-1.604,-1.269
2011_03_ATL_TB,2011,3,TB,-1.269,-0.896
2011_04_IND_TB,2011,4,TB,-0.896,-1.195
2011_05_TB_SF,2011,5,TB,-1.195,-2.458
2011_06_NO_TB,2011,6,TB,-2.458,-2.214
2011_07_CHI_TB,2011,7,TB,-2.214,-1.171
2011_09_TB_NO,2011,9,TB,-1.171,-2.007
2011_10_HOU_TB,2011,10,TB,-2.007,-2.79
2011_11_TB_GB,2011,11,TB,-2.79,-2.83
2011_12_TB_TEN,2011,12,TB,-2.83,-1.3
2011_13_CAR_TB,2011,13,TB,-1.3,-3.259
2011_14_TB_JAX,2011,14,TB,-3.259,-3.618
2011_15_DAL_TB,2011,15,TB,-3.618,-5.082
2011_16_TB_CAR,2011,16,TB,-5.082,-7.249
2011_17_TB_ATL,2011,17,TB,-7.249,-6.664
2012_01_CAR_TB,2012,1,TB,-4.272,-3.523
2012_02_TB_NYG,2012,2,TB,-3.523,-5.06
2012_03_TB_DAL,2012,3,TB,-5.06,-3.45
2012_04_WAS_TB,2012,4,TB,-3.45,-5.614
2012_06_KC_TB,2012,6,TB,-5.614,-4.905
2012_07_NO_TB,2012,7,TB,-4.905,-6.804
2012_08_TB_MIN,2012,8,TB,-6.804,-6.145
2012_09_TB_OAK,2012,9,TB,-6.145,-7.265
2012_10_LAC_TB,2012,10,TB,-7.265,-8.635
2012_11_TB_CAR,2012,11,TB,-8.635,-8.662
2012_12_ATL_TB,2012,12,TB,-8.662,-9.715
2012_13_TB_DEN,2012,13,TB,-9.715,-9.748
2012_14_PHI_TB,2012,14,TB,-9.748,-11.829
2012_15_TB_NO,2012,15,TB,-11.829,-13.427
2012_16_LAR_TB,2012,16,TB,-13.427,-12.929
2012_17_TB_ATL,2012,17,TB,-12.929,-12.035
2013_01_TB_NYJ,2013,1,TB,-7.714,-7.94
2013_02_NO_TB,2013,2,TB,-7.94,-5.412
2013_03_TB_NE,2013,3,TB,-5.412,-4.532
2013_04_ARI_TB,2013,4,TB,-4.532,-3.716
2013_06_PHI_TB,2013,6,TB,-3.716,-6.613
2013_07_TB_ATL,2013,7,TB,-6.613,-7.343
2013_08_CAR_TB,2013,8,TB,-7.343,-8.529
2013_09_TB_SEA,2013,9,TB,-8.529,-9.444
2013_10_MIA_TB,2013,10,TB,-9.444,-9.857
2013_11_ATL_TB,2013,11,TB,-9.857,-7.769
2013_12_TB_DET,2013,12,TB,-7.769,-5.817
2013_13_TB_CAR,2013,13,TB,-5.817,-7.451
2013_14_BUF_TB,2013,14,TB,-7.451,-3.485
2013_15_SF_TB,2013,15,TB,-3.485,-4.498
2013_16_TB_LAR,2013,16,TB,-4.498,-4.804
2013_17_TB_NO,2013,17,TB,-4.804,-7.611
2014_01_CAR_TB,2014,1,TB,-4.879,-6.943
2014_02_LAR_TB,2014,2,TB,-6.943,-7.88
2014_03_TB_ATL,2014,3,TB,-7.88,-9.513
2014_04_TB_PIT,2014,4,TB,-9.513,-10.235
2014_05_TB_NO,2014,5,TB,-10.235,-9.3
2014_06_BAL_TB,2014,6,TB,-9.3,-12.37
2014_08_MIN_TB,2014,8,TB,-12.37,-12.969
2014_09_TB_CLE,2014,9,TB,-12.969,-12.385
2014_10_ATL_TB,2014,10,TB,-12.385,-11.949
2014_11_TB_WAS,2014,11,TB,-11.949,-10.437
2014_12_TB_CHI,2014,12,TB,-10.437,-8.943
2014_13_CIN_TB,2014,13,TB,-8.943,-7.634
2014_14_TB_DET,2014,14,TB,-7.634,-8.872
2014_15_TB_CAR,2014,15,TB,-8.872,-9.598
2014_16_GB_TB,2014,16,TB,-9.598,-9.967
2014_17_NO_TB,2014,17,TB,-9.967,-7.347
2015_01_TEN_TB,2015,1,TB,-4.71,-6.427
2015_02_TB_NO,2015,2,TB,-6.427,-4.323
2015_03_TB_HOU,2015,3,TB,-4.323,-4.61
2015_04_CAR_TB,2015,4,TB,-4.61,-4.026
2015_05_JAX_TB,2015,5,TB,-4.026,-5.302
2015_07_TB_WAS,2015,7,TB,-5.302,-9.116
2015_08_TB_ATL,2015,8,TB,-9.116,-11.167
2015_09_NYG_TB,2015,9,TB,-11.167,-10.284
2015_10_DAL_TB,2015,10,TB,-10.284,-9.21
2015_11_TB_PHI,2015,11,TB,-9.21,-8.696
2015_12_TB_IND,2015,12,TB,-8.696,-9.31
2015_13_ATL_TB,2015,13,TB,-9.31,-8.779
2015_14_NO_TB,2015,14,TB,-8.779,-9.566
2015_15_TB_LAR,2015,15,TB,-9.566,-10.728
2015_16_CHI_TB,2015,16,TB,-10.728,-10.87
2015_17_TB_CAR,2015,17,TB,-10.87,-11.782
2016_01_TB_ATL,2016,1,TB,-7.552,-8.306
2016_02_TB_ARI,2016,2,TB,-8.306,-9.315
2016_03_LAR_TB,2016,3,TB,-9.315,-9.113
2016_04_DEN_TB,2016,4,TB,-9.113,-7.84
2016_05_TB_CAR,2016,5,TB,-7.84,-7.995
2016_07_TB_SF,2016,7,TB,-7.995,-6.947
2016_08_OAK_TB,2016,8,TB,-6.947,-10.743
2016_09_ATL_TB,2016,9,TB,-10.743,-12.061
2016_10_CHI_TB,2016,10,TB,-12.061,-9.497
2016_11_TB_KC,2016,11,TB,-9.497,-10.931
2016_12_SEA_TB,2016,12,TB,-10.931,-7.706
2016_13_TB_LAC,2016,13,TB,-7.706,-6.663
2016_14_NO_TB,2016,14,TB,-6.663,-3.54
2016_15_TB_DAL,2016,15,TB,-3.54,-5.06
2016_16_TB_NO,2016,16,TB,-5.06,-4.208
2016_17_CAR_TB,2016,17,TB,-4.208,-2.235
2017_02_CHI_TB,2017,2,TB,-1.432,-2.15
2017_03_TB_MIN,2017,3,TB,-2.15,-5.764
2017_04_NYG_TB,2017,4,TB,-5.764,-7.911
2017_05_NE_TB,2017,5,TB,-7.911,-7.034
2017_06_TB_ARI,2017,6,TB,-7.034,-7.887
2017_07_TB_BUF,2017,7,TB,-7.887,-9.184
2017_08_CAR_TB,2017,8,TB,-9.184,-8.847
2017_09_TB_NO,2017,9,TB,-8.847,-9.048
2017_10_NYJ_TB,2017,10,TB,-9.048,-7.397
2017_11_TB_MIA,2017,11,TB,-7.397,-4.916
2017_12_TB_ATL,2017,12,TB,-4.916,-6.004
2017_13_TB_GB,2017,13,TB,-6.004,-5.294
2017_14_DET_TB,2017,14,TB,-5.294,-6.759
2017_15_ATL_TB,2017,15,TB,-6.759,-6.527
2017_16_TB_CAR,2017,16,TB,-6.527,-5.673
2017_17_NO_TB,2017,17,TB,-5.673,-5.173
2018_01_TB_NO,2018,1,TB,-3.316,-6.137
2018_02_PHI_TB,2018,2,TB,-6.137,-7.356
2018_03_PIT_TB,2018,3,TB,-7.356,-8.223
2018_04_TB_CHI,2018,4,TB,-8.223,-13.004
2018_06_TB_ATL,2018,6,TB,-13.004,-14.833
2018_07_CLE_TB,2018,7,TB,-14.833,-15.318
2018_08_TB_CIN,2018,8,TB,-15.318,-15.623
2018_09_TB_CAR,2018,9,TB,-15.623,-15.551
2018_10_WAS_TB,2018,10,TB,-15.551,-14.711
2018_11_TB_NYG,2018,11,TB,-14.711,-14.749
2018_12_SF_TB,2018,12,TB,-14.749,-12.883
2018_13_CAR_TB,2018,13,TB,-12.883,-10.854
2018_14_NO_TB,2018,14,TB,-10.854,-9.733
2018_15_TB_BAL,2018,15,TB,-9.733,-10.42
2018_16_TB_DAL,2018,16,TB,-10.42,-10.742
2018_17_ATL_TB,2018,17,TB,-10.742,-11.254
2019_01_SF_TB,2019,1,TB,-7.214,-6.45
2019_02_TB_CAR,2019,2,TB,-6.45,-5.144
2019_03_NYG_TB,2019,3,TB,-5.144,-7.21
2019_04_TB_LAR,2019,4,TB,-7.21,-8.328
2019_05_TB_NO,2019,5,TB,-8.328,-10.938
2019_06_CAR_TB,2019,6,TB,-10.938,-11.6
2019_08_TB_TEN,2019,8,TB,-11.6,-11.339
2019_09_TB_SEA,2019,9,TB,-11.339,-13.389
2019_10_ARI_TB,2019,10,TB,-13.389,-14.516
2019_11_NO_TB,2019,11,TB,-14.516,-15.264
2019_12_TB_ATL,2019,12,TB,-15.264,-11.614
2019_13_TB_JAX,2019,13,TB,-11.614,-8.619
2019_14_IND_TB,2019,14,TB,-8.619,-9.311
2019_15_TB_DET,2019,15,TB,-9.311,-8.373
2019_16_HOU_TB,2019,16,TB,-8.373,-5.65
2019_17_ATL_TB,2019,17,TB,-5.65,-4.275
2020_01_TB_NO,2020,1,TB,-2.74,-1.517
2020_02_CAR_TB,2020,2,TB,-1.517,-1.238
2020_03_TB_DEN,2020,3,TB,-1.238,0.103
2020_04_LAC_TB,2020,4,TB,0.103,-1.323
2020_05_TB_CHI,2020,5,TB,-1.323,-1.056
2020_06_GB_TB,2020,6,TB,-1.056,3.192
2020_07_TB_OAK,2020,7,TB,3.192,3.357
2020_08_TB_NYG,2020,8,TB,3.357,3.609
2020_09_NO_TB,2020,9,TB,3.609,2.297
2020_10_TB_CAR,2020,10,TB,2.297,1.803
2020_11_LAR_TB,2020,11,TB,1.803,-0.32
2020_12_KC_TB,2020,12,TB,-0.32,-2.548
2020_14_MIN_TB,2020,14,TB,-2.548,-1.573
2020_15_TB_ATL,2020,15,TB,-1.573,-3.748
2020_16_TB_DET,2020,16,TB,-3.748,-1.884
2020_17_ATL_TB,2020,17,TB,-1.884,-3.189
2020_18_TB_WAS,2020,18,TB,-3.189,-5.357
2020_19_TB_NO,2020,19,TB,-5.357,-2.117
2020_20_TB_GB,2020,20,TB,-2.117,-1.3
2020_21_KC_TB,2020,21,TB,-1.3,1.853
2021_01_DAL_TB,2021,1,TB,1.188,-0.798
2021_02_ATL_TB,2021,2,TB,-0.798,-0.905
2021_03_TB_LAR,2021,3,TB,-0.905,-3.173
2021_04_TB_NE,2021,4,TB,-3.173,-3.589
2021_05_MIA_TB,2021,5,TB,-3.589,-3.812
2021_06_TB_PHI,2021,6,TB,-3.812,-3.034
2021_07_CHI_TB,2021,7,TB,-3.034,-1.365
2021_08_TB_NO,2021,8,TB,-1.365,-1.022
2021_10_TB_WAS,2021,10,TB,-1.022,-1.616
2021_11_NYG_TB,2021,11,TB,-1.616,-0.086
2021_12_TB_IND,2021,12,TB,-0.086,-0.284
2021_13_TB_ATL,2021,13,TB,-0.284,0.083
2021_14_BUF_TB,2021,14,TB,0.083,-1.85
2021_16_TB_CAR,2021,16,TB,-1.85,-0.573
2021_17_TB_NYJ,2021,17,TB,-0.573,-1.225
2021_18_CAR_TB,2021,18,TB,-1.225,-2.367
2021_19_PHI_TB,2021,19,TB,-2.367,-1.362
2021_20_LAR_TB,2021,20,TB,-1.362,-3.515
2022_01_TB_DAL,2022,1,TB,-2.253,0.694
2022_02_TB_NO,2022,2,TB,0.694,3.495
2022_03_GB_TB,2022,3,TB,3.495,3.01
2022_04_KC_TB,2022,4,TB,3.01,3.515
2022_05_ATL_TB,2022,5,TB,3.515,3.719
2022_06_TB_PIT,2022,6,TB,3.719,4.028
2022_07_TB_CAR,2022,7,TB,4.028,2.329
2022_08_BAL_TB,2022,8,TB,2.329,1.626
2022_09_LAR_TB,2022,9,TB,1.626,3.382
2022_10_SEA_TB,2022,10,TB,3.382,2.416
2022_12_TB_CLE,2022,12,TB,2.416,3.107
2022_13_NO_TB,2022,13,TB,3.107,2.71
2022_14_TB_SF,2022,14,TB,2.71,0.256
2022_15_CIN_TB,2022,15,TB,0.256,0.222
2022_16_TB_ARI,2022,16,TB,0.222,0.838
2022_17_CAR_TB,2022,17,TB,0.838,-0.809
2022_18_TB_ATL,2022,18,TB,-0.809,-1.872
2022_19_DAL_TB,2022,19,TB,-1.872,-4.926
2023_01_TB_MIN,2023,1,TB,-3.157,-4.143
2023_02_CHI_TB,2023,2,TB,-4.143,-1.631
2023_03_PHI_TB,2023,3,TB,-1.631,-1.151
2023_04_TB_NO,2023,4,TB,-1.151,0.077
2023_06_DET_TB,2023,6,TB,0.077,-0.884
2023_07_ATL_TB,2023,7,TB,-0.884,-2.94
2023_08_TB_BUF,2023,8,TB,-2.94,-4.321
2023_09_TB_HOU,2023,9,TB,-4.321,-8.078
2023_10_TEN_TB,2023,10,TB,-8.078,-5.872
2023_11_TB_SF,2023,11,TB,-5.872,-7.08
2023_12_TB_IND,2023,12,TB,-7.08,-6.495
2023_13_CAR_TB,2023,13,TB,-6.495,-4.587
2023_14_TB_ATL,2023,14,TB,-4.587,-5.915
2023_15_TB_GB,2023,15,TB,-5.915,-6.886
2023_16_JAX_TB,2023,16,TB,-6.886,-4.934
2023_17_NO_TB,2023,17,TB,-4.934,-5.371
2023_18_TB_CAR,2023,18,TB,-5.371,-5.175
2023_19_PHI_TB,2023,19,TB,-5.175,-4.633
2023_20_TB_DET,2023,20,TB,-4.633,-5.099
2024_01_WAS_TB,2024,1,TB,-3.268,-5.386
2024_02_TB_DET,2024,2,TB,-5.386,-4.562
2024_03_DEN_TB,2024,3,TB,-4.562,-6.551
2024_04_PHI_TB,2024,4,TB,-6.551,-4.645
2024_05_TB_ATL,2024,5,TB,-4.645,-7.333
2024_06_TB_NO,2024,6,TB,-7.333,-6.024
2024_07_BAL_TB,2024,7,TB,-6.024,-7.775
2024_08_ATL_TB,2024,8,TB,-7.775,-9.661
2024_09_TB_KC,2024,9,TB,-9.661,-10.417
2024_10_SF_TB,2024,10,TB,-10.417,-11.086
2024_12_TB_NYG,2024,12,TB,-11.086,-10.741
2024_13_TB_CAR,2024,13,TB,-10.741,-12.41
2024_14_OAK_TB,2024,14,TB,-12.41,-10.933
2024_15_TB_LAC,2024,15,TB,-10.933,-9.819
2024_16_TB_DAL,2024,16,TB,-9.819,-10.939
2024_17_CAR_TB,2024,17,TB,-10.939,-10.049
2024_18_NO_TB,2024,18,TB,-10.049,-10.969
2024_19_WAS_TB,2024,19,TB,-10.969,-11.628
2025_01_TB_ATL,2025,1,TB,-7.453,-9.184
2025_02_TB_HOU,2025,2,TB,-9.184,-8.762
2025_03_NYJ_TB,2025,3,TB,-8.762,-8.933
2025_04_PHI_TB,2025,4,TB,-8.933,-8.517
2025_05_TB_SEA,2025,5,TB,-8.517,-11.179
2025_06_SF_TB,2025,6,TB,-11.179,-9.416
2025_07_TB_DET,2025,7,TB,-9.416,-7.549
2025_08_TB_NO,2025,8,TB,-7.549,-6.0
2025_10_NE_TB,2025,10,TB,-6.0,-5.426
2025_11_TB_BUF,2025,11,TB,-5.426,-7.791
2025_12_TB_LAR,2025,12,TB,-7.791,-8.621
2025_13_ARI_TB,2025,13,TB,-8.621,-9.48
2025_14_NO_TB,2025,14,TB,-9.48,-9.803
2025_15_ATL_TB,2025,15,TB,-9.803,-11.956
2025_16_TB_CAR,2025,16,TB,-11.956,-12.144
2025_17_TB_MIA,2025,17,TB,-12.144,-12.394
2025_18_CAR_TB,2025,18,TB,-12.394,-13.129
2026_01_TB_CIN,2026,1,TB,-8.416,-8.029
1999_01_CIN_TEN,1999,1,TEN,0.0,-2.166
1999_02_CLE_TEN,1999,2,TEN,-2.166,-1.112
1999_03_TEN_JAX,1999,3,TEN,-1.112,-1.2
1999_04_TEN_SF,1999,4,TEN,-1.2,-4.02
1999_05_BAL_TEN,1999,5,TEN,-4.02,-3.312
1999_06_TEN_NO,1999,6,TEN,-3.312,-5.347
1999_08_LAR_TEN,1999,8,TEN,-5.347,-6.57
1999_09_TEN_MIA,1999,9,TEN,-6.57,-7.515
1999_10_TEN_CIN,1999,10,TEN,-7.515,-7.254
1999_11_PIT_TEN,1999,11,TEN,-7.254,-6.424
1999_12_TEN_CLE,1999,12,TEN,-6.424,-7.263
1999_13_TEN_BAL,1999,13,TEN,-7.263,-10.536
1999_14_OAK_TEN,1999,14,TEN,-10.536,-10.402
1999_15_ATL_TEN,1999,15,TEN,-10.402,-11.116
1999_16_JAX_TEN,1999,16,TEN,-11.116,-9.645
1999_17_TEN_PIT,1999,17,TEN,-9.645,-11.055
1999_18_BUF_TEN,1999,18,TEN,-11.055,-8.788
1999_19_TEN_IND,1999,19,TEN,-8.788,-8.577
1999_20_TEN_JAX,1999,20,TEN,-8.577,-7.031
1999_21_LAR_TEN,1999,21,TEN,-7.031,-7.918
2000_01_TEN_BUF,2000,1,TEN,-5.075,-5.074
2000_02_KC_TEN,2000,2,TEN,-5.074,-5.129
2000_04_TEN_PIT,2000,4,TEN,-5.129,-5.451
2000_05_NYG_TEN,2000,5,TEN,-5.451,-4.318
2000_06_TEN_CIN,2000,6,TEN,-4.318,-4.476
2000_07_JAX_TEN,2000,7,TEN,-4.476,-4.27
2000_08_TEN_BAL,2000,8,TEN,-4.27,-2.64
2000_09_TEN_WAS,2000,9,TEN,-2.64,-1.026
2000_10_PIT_TEN,2000,10,TEN,-1.026,-0.129
2000_11_BAL_TEN,2000,11,TEN,-0.129,-0.449
2000_12_CLE_TEN,2000,12,TEN,-0.449,0.216
2000_13_TEN_JAX,2000,13,TEN,0.216,0.91
2000_14_TEN_PHI,2000,14,TEN,0.91,0.7
2000_15_CIN_TEN,2000,15,TEN,0.7,1.358
2000_16_TEN_CLE,2000,16,TEN,1.358,1.269
2000_17_DAL_TEN,2000,17,TEN,1.269,3.996
2000_19_BAL_TEN,2000,19,TEN,3.996,5.198
2001_01_MIA_TEN,2001,1,TEN,3.332,1.005
2001_04_TEN_BAL,2001,4,TEN,1.005,0.713
2001_05_TB_TEN,2001,5,TEN,0.713,-0.231
2001_06_TEN_DET,2001,6,TEN,-0.231,-1.734
2001_07_TEN_PIT,2001,7,TEN,-1.734,-2.662
2001_08_JAX_TEN,2001,8,TEN,-2.662,-2.243
2001_09_BAL_TEN,2001,9,TEN,-2.243,-1.267
2001_10_TEN_CIN,2001,10,TEN,-1.267,-1.201
2001_11_PIT_TEN,2001,11,TEN,-1.201,-3.809
2001_12_TEN_CLE,2001,12,TEN,-3.809,-3.824
2001_13_TEN_MIN,2001,13,TEN,-3.824,-7.799
2001_14_GB_TEN,2001,14,TEN,-7.799,-7.569
2001_15_TEN_OAK,2001,15,TEN,-7.569,-6.471
2001_16_CLE_TEN,2001,16,TEN,-6.471,-8.784
2001_17_CIN_TEN,2001,17,TEN,-8.784,-9.632
2002_01_PHI_TEN,2002,1,TEN,-6.174,-4.195
2002_02_TEN_DAL,2002,2,TEN,-4.195,-5.877
2002_03_CLE_TEN,2002,3,TEN,-5.877,-8.627
2002_04_TEN_OAK,2002,4,TEN,-8.627,-11.274
2002_05_WAS_TEN,2002,5,TEN,-11.274,-10.498
2002_06_JAX_TEN,2002,6,TEN,-10.498,-9.326
2002_08_TEN_CIN,2002,8,TEN,-9.326,-11.436
2002_09_TEN_IND,2002,9,TEN,-11.436,-12.409
2002_10_HOU_TEN,2002,10,TEN,-12.409,-11.636
2002_11_PIT_TEN,2002,11,TEN,-11.636,-9.903
2002_12_TEN_BAL,2002,12,TEN,-9.903,-7.435
2002_13_TEN_NYG,2002,13,TEN,-7.435,-9.077
2002_14_IND_TEN,2002,14,TEN,-9.077,-7.825
2002_15_NE_TEN,2002,15,TEN,-7.825,-5.981
2002_17_TEN_HOU,2002,17,TEN,-5.981,-5.682
2002_19_PIT_TEN,2002,19,TEN,-5.682,-5.844
2002_20_TEN_OAK,2002,20,TEN,-5.844,-8.823
2003_01_OAK_TEN,2003,1,TEN,-5.656,-5.478
2003_02_TEN_IND,2003,2,TEN,-5.478,-5.27
2003_03_NO_TEN,2003,3,TEN,-5.27,-5.288
2003_04_TEN_PIT,2003,4,TEN,-5.288,-4.665
2003_05_TEN_NE,2003,5,TEN,-4.665,-4.278
2003_06_HOU_TEN,2003,6,TEN,-4.278,-5.378
2003_07_TEN_CAR,2003,7,TEN,-5.378,-7.532
2003_08_TEN_JAX,2003,8,TEN,-7.532,-5.789
2003_10_MIA_TEN,2003,10,TEN,-5.789,-2.418
2003_11_JAX_TEN,2003,11,TEN,-2.418,-0.653
2003_12_TEN_ATL,2003,12,TEN,-0.653,-2.127
2003_13_TEN_NYJ,2003,13,TEN,-2.127,-2.112
2003_14_IND_TEN,2003,14,TEN,-2.112,-1.088
2003_15_BUF_TEN,2003,15,TEN,-1.088,-1.505
2003_16_TEN_HOU,2003,16,TEN,-1.505,-2.076
2003_17_TB_TEN,2003,17,TEN,-2.076,0.19
2003_18_TEN_BAL,2003,18,TEN,0.19,-0.206
2003_19_TEN_NE,2003,19,TEN,-0.206,-0.716
2004_01_TEN_MIA,2004,1,TEN,-0.459,2.022
2004_02_IND_TEN,2004,2,TEN,2.022,0.756
2004_03_JAX_TEN,2004,3,TEN,0.756,0.538
2004_04_TEN_LAC,2004,4,TEN,0.538,-1.78
2004_05_TEN_GB,2004,5,TEN,-1.78,-1.598
2004_06_HOU_TEN,2004,6,TEN,-1.598,-1.628
2004_07_TEN_MIN,2004,7,TEN,-1.628,-0.725
2004_08_CIN_TEN,2004,8,TEN,-0.725,-0.029
2004_10_CHI_TEN,2004,10,TEN,-0.029,2.47
2004_11_TEN_JAX,2004,11,TEN,2.47,2.315
2004_12_TEN_HOU,2004,12,TEN,2.315,1.659
2004_13_TEN_IND,2004,13,TEN,1.659,1.002
2004_14_KC_TEN,2004,14,TEN,1.002,0.91
2004_15_TEN_OAK,2004,15,TEN,0.91,-1.601
2004_16_DEN_TEN,2004,16,TEN,-1.601,-4.021
2004_17_DET_TEN,2004,17,TEN,-4.021,-6.352
2005_01_TEN_PIT,2005,1,TEN,-4.072,-5.521
2005_02_BAL_TEN,2005,2,TEN,-5.521,-4.741
2005_03_TEN_LAR,2005,3,TEN,-4.741,-5.455
2005_04_IND_TEN,2005,4,TEN,-5.455,-7.254
2005_05_TEN_HOU,2005,5,TEN,-7.254,-5.79
2005_06_CIN_TEN,2005,6,TEN,-5.79,-7.31
2005_07_TEN_ARI,2005,7,TEN,-7.31,-4.861
2005_08_OAK_TEN,2005,8,TEN,-4.861,-5.247
2005_09_TEN_CLE,2005,9,TEN,-5.247,-6.339
2005_11_JAX_TEN,2005,11,TEN,-6.339,-7.939
2005_12_SF_TEN,2005,12,TEN,-7.939,-7.163
2005_13_TEN_IND,2005,13,TEN,-7.163,-7.35
2005_14_HOU_TEN,2005,14,TEN,-7.35,-6.372
2005_15_SEA_TEN,2005,15,TEN,-6.372,-8.136
2005_16_TEN_MIA,2005,16,TEN,-8.136,-7.153
2005_17_TEN_JAX,2005,17,TEN,-7.153,-6.391
2006_01_NYJ_TEN,2006,1,TEN,-4.097,-6.054
2006_02_TEN_LAC,2006,2,TEN,-6.054,-8.046
2006_03_TEN_MIA,2006,3,TEN,-8.046,-6.934
2006_04_DAL_TEN,2006,4,TEN,-6.934,-7.677
2006_05_TEN_IND,2006,5,TEN,-7.677,-7.008
2006_06_TEN_WAS,2006,6,TEN,-7.008,-6.609
2006_08_HOU_TEN,2006,8,TEN,-6.609,-4.877
2006_09_TEN_JAX,2006,9,TEN,-4.877,-6.109
2006_10_BAL_TEN,2006,10,TEN,-6.109,-7.708
2006_11_TEN_PHI,2006,11,TEN,-7.708,-5.279
2006_12_NYG_TEN,2006,12,TEN,-5.279,-5.046
2006_13_IND_TEN,2006,13,TEN,-5.046,-5.244
2006_14_TEN_HOU,2006,14,TEN,-5.244,-4.856
2006_15_JAX_TEN,2006,15,TEN,-4.856,-3.792
2006_16_TEN_BUF,2006,16,TEN,-3.792,-3.3
2006_17_NE_TEN,2006,17,TEN,-3.3,-3.519
2007_01_TEN_JAX,2007,1,TEN,-2.256,-2.663
2007_02_IND_TEN,2007,2,TEN,-2.663,-2.184
2007_03_TEN_NO,2007,3,TEN,-2.184,-0.173
2007_05_ATL_TEN,2007,5,TEN,-0.173,1.369
2007_06_TEN_TB,2007,6,TEN,1.369,0.187
2007_07_TEN_HOU,2007,7,TEN,0.187,1.724
2007_08_OAK_TEN,2007,8,TEN,1.724,3.971
2007_09_CAR_TEN,2007,9,TEN,3.971,6.111
2007_10_JAX_TEN,2007,10,TEN,6.111,5.41
2007_11_TEN_DEN,2007,11,TEN,5.41,3.83
2007_12_TEN_CIN,2007,12,TEN,3.83,1.717
2007_13_HOU_TEN,2007,13,TEN,1.717,2.438
2007_14_LAC_TEN,2007,14,TEN,2.438,3.586
2007_15_TEN_KC,2007,15,TEN,3.586,2.105
2007_16_NYJ_TEN,2007,16,TEN,2.105,2.6
2007_17_TEN_IND,2007,17,TEN,2.6,3.444
2007_18_TEN_LAC,2007,18,TEN,3.444,2.662
2008_01_JAX_TEN,2008,1,TEN,1.706,4.124
2008_02_TEN_CIN,2008,2,TEN,4.124,5.54
2008_03_HOU_TEN,2008,3,TEN,5.54,7.961
2008_04_MIN_TEN,2008,4,TEN,7.961,7.617
2008_05_TEN_BAL,2008,5,TEN,7.617,7.701
2008_07_TEN_KC,2008,7,TEN,7.701,7.099
2008_08_IND_TEN,2008,8,TEN,7.099,6.485
2008_09_GB_TEN,2008,9,TEN,6.485,6.967
2008_10_TEN_CHI,2008,10,TEN,6.967,6.151
2008_11_TEN_JAX,2008,11,TEN,6.151,8.614
2008_12_NYJ_TEN,2008,12,TEN,8.614,7.789
2008_13_TEN_DET,2008,13,TEN,7.789,8.418
2008_14_CLE_TEN,2008,14,TEN,8.418,8.841
2008_15_TEN_HOU,2008,15,TEN,8.841,8.509
2008_16_PIT_TEN,2008,16,TEN,8.509,7.873
2008_17_TEN_IND,2008,17,TEN,7.873,6.428
2008_19_BAL_TEN,2008,19,TEN,6.428,5.922
2009_01_TEN_PIT,2009,1,TEN,3.796,2.88
2009_02_HOU_TEN,2009,2,TEN,2.88,-0.431
2009_03_TEN_NYJ,2009,3,TEN,-0.431,-0.592
2009_04_TEN_JAX,2009,4,TEN,-0.592,-3.452
2009_05_IND_TEN,2009,5,TEN,-3.452,-5.139
2009_06_TEN_NE,2009,6,TEN,-5.139,-8.78
2009_08_JAX_TEN,2009,8,TEN,-8.78,-6.208
2009_09_TEN_SF,2009,9,TEN,-6.208,-6.16
2009_10_BUF_TEN,2009,10,TEN,-6.16,-5.915
2009_11_TEN_HOU,2009,11,TEN,-5.915,-5.838
2009_12_ARI_TEN,2009,12,TEN,-5.838,-6.388
2009_13_TEN_IND,2009,13,TEN,-6.388,-6.168
2009_14_LAR_TEN,2009,14,TEN,-6.168,-4.456
2009_15_MIA_TEN,2009,15,TEN,-4.456,-4.954
2009_16_LAC_TEN,2009,16,TEN,-4.954,-5.752
2009_17_TEN_SEA,2009,17,TEN,-5.752,-4.594
2010_01_OAK_TEN,2010,1,TEN,-2.945,-2.005
2010_02_PIT_TEN,2010,2,TEN,-2.005,-1.423
2010_03_TEN_NYG,2010,3,TEN,-1.423,-1.989
2010_04_DEN_TEN,2010,4,TEN,-1.989,-2.271
2010_05_TEN_DAL,2010,5,TEN,-2.271,-1.761
2010_06_TEN_JAX,2010,6,TEN,-1.761,-0.196
2010_07_PHI_TEN,2010,7,TEN,-0.196,0.144
2010_08_TEN_LAC,2010,8,TEN,0.144,-0.944
2010_10_TEN_MIA,2010,10,TEN,-0.944,0.345
2010_11_WAS_TEN,2010,11,TEN,0.345,-0.438
2010_12_TEN_HOU,2010,12,TEN,-0.438,-0.645
2010_13_JAX_TEN,2010,13,TEN,-0.645,-0.929
2010_14_IND_TEN,2010,14,TEN,-0.929,-2.144
2010_15_HOU_TEN,2010,15,TEN,-2.144,-2.129
2010_16_TEN_KC,2010,16,TEN,-2.129,-5.055
2010_17_TEN_IND,2010,17,TEN,-5.055,-5.403
2011_01_TEN_JAX,2011,1,TEN,-3.463,-3.651
2011_02_BAL_TEN,2011,2,TEN,-3.651,-1.571
2011_03_DEN_TEN,2011,3,TEN,-1.571,-1.139
2011_04_TEN_CLE,2011,4,TEN,-1.139,-2.717
2011_05_TEN_PIT,2011,5,TEN,-2.717,-4.691
2011_07_HOU_TEN,2011,7,TEN,-4.691,-6.406
2011_08_IND_TEN,2011,8,TEN,-6.406,-6.55
2011_09_CIN_TEN,2011,9,TEN,-6.55,-7.746
2011_10_TEN_CAR,2011,10,TEN,-7.746,-6.032
2011_11_TEN_ATL,2011,11,TEN,-6.032,-7.241
2011_12_TB_TEN,2011,12,TEN,-7.241,-6.349
2011_13_TEN_BUF,2011,13,TEN,-6.349,-7.161
2011_14_NO_TEN,2011,14,TEN,-7.161,-7.76
2011_15_TEN_IND,2011,15,TEN,-7.76,-7.475
2011_16_JAX_TEN,2011,16,TEN,-7.475,-7.002
2011_17_TEN_HOU,2011,17,TEN,-7.002,-7.463
2012_01_NE_TEN,2012,1,TEN,-4.784,-5.091
2012_02_TEN_LAC,2012,2,TEN,-5.091,-5.502
2012_03_DET_TEN,2012,3,TEN,-5.502,-6.707
2012_04_TEN_HOU,2012,4,TEN,-6.707,-7.241
2012_05_TEN_MIN,2012,5,TEN,-7.241,-8.321
2012_06_PIT_TEN,2012,6,TEN,-8.321,-8.656
2012_07_TEN_BUF,2012,7,TEN,-8.656,-10.589
2012_08_IND_TEN,2012,8,TEN,-10.589,-11.532
2012_09_CHI_TEN,2012,9,TEN,-11.532,-12.88
2012_10_TEN_MIA,2012,10,TEN,-12.88,-11.227
2012_12_TEN_JAX,2012,12,TEN,-11.227,-10.048
2012_13_HOU_TEN,2012,13,TEN,-10.048,-10.385
2012_14_TEN_IND,2012,14,TEN,-10.385,-7.577
2012_15_NYJ_TEN,2012,15,TEN,-7.577,-4.643
2012_16_TEN_GB,2012,16,TEN,-4.643,-7.165
2012_17_JAX_TEN,2012,17,TEN,-7.165,-5.816
2013_01_TEN_PIT,2013,1,TEN,-3.728,-1.917
2013_02_TEN_HOU,2013,2,TEN,-1.917,-1.46
2013_03_LAC_TEN,2013,3,TEN,-1.46,-1.419
2013_04_NYJ_TEN,2013,4,TEN,-1.419,-1.003
2013_05_KC_TEN,2013,5,TEN,-1.003,0.172
2013_06_TEN_SEA,2013,6,TEN,0.172,-0.911
2013_07_SF_TEN,2013,7,TEN,-0.911,-1.759
2013_09_TEN_LAR,2013,9,TEN,-1.759,-2.684
2013_10_JAX_TEN,2013,10,TEN,-2.684,-1.026
2013_11_IND_TEN,2013,11,TEN,-1.026,-1.931
2013_12_TEN_OAK,2013,12,TEN,-1.931,-2.991
2013_13_TEN_IND,2013,13,TEN,-2.991,-1.15
2013_14_TEN_DEN,2013,14,TEN,-1.15,-3.515
2013_15_ARI_TEN,2013,15,TEN,-3.515,-3.599
2013_16_TEN_JAX,2013,16,TEN,-3.599,-4.71
2013_17_HOU_TEN,2013,17,TEN,-4.71,-3.926
2014_01_TEN_KC,2014,1,TEN,-2.516,-0.178
2014_02_DAL_TEN,2014,2,TEN,-0.178,0.802
2014_03_TEN_CIN,2014,3,TEN,0.802,1.518
2014_04_TEN_IND,2014,4,TEN,1.518,-0.964
2014_05_CLE_TEN,2014,5,TEN,-0.964,-2.502
2014_06_JAX_TEN,2014,6,TEN,-2.502,-3.105
2014_07_TEN_WAS,2014,7,TEN,-3.105,-2.235
2014_08_HOU_TEN,2014,8,TEN,-2.235,-1.195
2014_10_TEN_BAL,2014,10,TEN,-1.195,-0.734
2014_11_PIT_TEN,2014,11,TEN,-0.734,1.324
2014_12_TEN_PHI,2014,12,TEN,1.324,0.593
2014_13_TEN_HOU,2014,13,TEN,0.593,-4.043
2014_14_NYG_TEN,2014,14,TEN,-4.043,-4.24
2014_15_NYJ_TEN,2014,15,TEN,-4.24,-4.302
2014_16_TEN_JAX,2014,16,TEN,-4.302,-4.157
2014_17_IND_TEN,2014,17,TEN,-4.157,-3.681
2015_01_TEN_TB,2015,1,TEN,-2.36,-0.74
2015_02_TEN_CLE,2015,2,TEN,-0.74,-1.336
2015_03_IND_TEN,2015,3,TEN,-1.336,-0.501
2015_05_BUF_TEN,2015,5,TEN,-0.501,-1.225
2015_06_MIA_TEN,2015,6,TEN,-1.225,-1.659
2015_07_ATL_TEN,2015,7,TEN,-1.659,-0.627
2015_08_TEN_HOU,2015,8,TEN,-0.627,-1.426
2015_09_TEN_NO,2015,9,TEN,-1.426,-2.184
2015_10_CAR_TEN,2015,10,TEN,-2.184,-2.282
2015_11_TEN_JAX,2015,11,TEN,-2.282,-2.075
2015_12_OAK_TEN,2015,12,TEN,-2.075,-3.69
2015_13_JAX_TEN,2015,13,TEN,-3.69,-6.423
2015_14_TEN_NYJ,2015,14,TEN,-6.423,-7.52
2015_15_TEN_NE,2015,15,TEN,-7.52,-7.312
2015_16_HOU_TEN,2015,16,TEN,-7.312,-9.166
2015_17_TEN_IND,2015,17,TEN,-9.166,-8.581
2016_01_MIN_TEN,2016,1,TEN,-5.5,-5.521
2016_02_TEN_DET,2016,2,TEN,-5.521,-4.218
2016_03_OAK_TEN,2016,3,TEN,-4.218,-3.516
2016_04_TEN_HOU,2016,4,TEN,-3.516,-4.112
2016_05_TEN_MIA,2016,5,TEN,-4.112,-1.206
2016_06_CLE_TEN,2016,6,TEN,-1.206,-1.965
2016_07_IND_TEN,2016,7,TEN,-1.965,-3.927
2016_08_JAX_TEN,2016,8,TEN,-3.927,-5.937
2016_09_TEN_LAC,2016,9,TEN,-5.937,-6.903
2016_10_GB_TEN,2016,10,TEN,-6.903,-6.385
2016_11_TEN_IND,2016,11,TEN,-6.385,-5.803
2016_12_TEN_CHI,2016,12,TEN,-5.803,-6.552
2016_14_DEN_TEN,2016,14,TEN,-6.552,-7.871
2016_15_TEN_KC,2016,15,TEN,-7.871,-7.382
2016_16_TEN_JAX,2016,16,TEN,-7.382,-8.324
2016_17_HOU_TEN,2016,17,TEN,-8.324,-8.695
2017_01_OAK_TEN,2017,1,TEN,-5.573,-5.891
2017_02_TEN_JAX,2017,2,TEN,-5.891,-4.912
2017_03_SEA_TEN,2017,3,TEN,-4.912,-7.381
2017_04_TEN_HOU,2017,4,TEN,-7.381,-10.241
2017_05_TEN_MIA,2017,5,TEN,-10.241,-8.432
2017_06_IND_TEN,2017,6,TEN,-8.432,-8.619
2017_07_TEN_CLE,2017,7,TEN,-8.619,-7.562
2017_09_BAL_TEN,2017,9,TEN,-7.562,-7.878
2017_10_CIN_TEN,2017,10,TEN,-7.878,-8.464
2017_11_TEN_PIT,2017,11,TEN,-8.464,-10.428
2017_12_TEN_IND,2017,12,TEN,-10.428,-8.066
2017_13_HOU_TEN,2017,13,TEN,-8.066,-8.7
2017_14_TEN_ARI,2017,14,TEN,-8.7,-6.42
2017_15_TEN_SF,2017,15,TEN,-6.42,-8.222
2017_16_LAR_TEN,2017,16,TEN,-8.222,-9.597
2017_17_JAX_TEN,2017,17,TEN,-9.597,-6.358
2017_18_TEN_KC,2017,18,TEN,-6.358,-6.103
2017_19_TEN_NE,2017,19,TEN,-6.103,-8.117
2018_01_TEN_MIA,2018,1,TEN,-5.203,-4.87
2018_02_HOU_TEN,2018,2,TEN,-4.87,-5.643
2018_03_TEN_JAX,2018,3,TEN,-5.643,-4.207
2018_04_PHI_TEN,2018,4,TEN,-4.207,-4.881
2018_05_TEN_BUF,2018,5,TEN,-4.881,-4.184
2018_06_BAL_TEN,2018,6,TEN,-4.184,-4.296
2018_07_TEN_LAC,2018,7,TEN,-4.296,-4.792
2018_09_TEN_DAL,2018,9,TEN,-4.792,-4.041
2018_10_NE_TEN,2018,10,TEN,-4.041,-1.826
2018_11_TEN_IND,2018,11,TEN,-1.826,-3.476
2018_12_TEN_HOU,2018,12,TEN,-3.476,-5.07
2018_13_NYJ_TEN,2018,13,TEN,-5.07,-3.42
2018_14_JAX_TEN,2018,14,TEN,-3.42,-3.352
2018_15_TEN_NYG,2018,15,TEN,-3.352,-1.245
2018_16_WAS_TEN,2018,16,TEN,-1.245,-0.68
2018_17_IND_TEN,2018,17,TEN,-0.68,-1.106
2019_01_TEN_CLE,2019,1,TEN,-0.709,1.418
2019_02_IND_TEN,2019,2,TEN,1.418,1.528
2019_03_TEN_JAX,2019,3,TEN,1.528,-0.446
2019_04_TEN_ATL,2019,4,TEN,-0.446,-0.279
2019_05_BUF_TEN,2019,5,TEN,-0.279,-0.318
2019_06_TEN_DEN,2019,6,TEN,-0.318,0.818
2019_07_LAC_TEN,2019,7,TEN,0.818,-0.343
2019_08_TB_TEN,2019,8,TEN,-0.343,-0.176
2019_09_TEN_CAR,2019,9,TEN,-0.176,0.05
2019_10_KC_TEN,2019,10,TEN,0.05,-2.056
2019_12_JAX_TEN,2019,12,TEN,-2.056,-2.04
2019_13_TEN_IND,2019,13,TEN,-2.04,-1.349
2019_14_TEN_OAK,2019,14,TEN,-1.349,-2.567
2019_15_HOU_TEN,2019,15,TEN,-2.567,-2.19
2019_16_NO_TEN,2019,16,TEN,-2.19,-1.885
2019_17_TEN_HOU,2019,17,TEN,-1.885,-1.919
2019_18_TEN_NE,2019,18,TEN,-1.919,-0.731
2019_19_TEN_BAL,2019,19,TEN,-0.731,-0.209
2019_20_TEN_KC,2019,20,TEN,-0.209,-1.757
2020_01_TEN_DEN,2020,1,TEN,-1.126,-2.023
2020_02_JAX_TEN,2020,2,TEN,-2.023,-3.201
2020_03_TEN_MIN,2020,3,TEN,-3.201,-3.088
2020_05_BUF_TEN,2020,5,TEN,-3.088,-2.324
2020_06_HOU_TEN,2020,6,TEN,-2.324,-4.861
2020_07_PIT_TEN,2020,7,TEN,-4.861,-4.158
2020_08_TEN_CIN,2020,8,TEN,-4.158,-5.871
2020_09_CHI_TEN,2020,9,TEN,-5.871,-7.385
2020_10_IND_TEN,2020,10,TEN,-7.385,-8.313
2020_11_TEN_BAL,2020,11,TEN,-8.313,-6.965
2020_12_TEN_IND,2020,12,TEN,-6.965,-6.619
2020_13_CLE_TEN,2020,13,TEN,-6.619,-9.804
2020_14_TEN_JAX,2020,14,TEN,-9.804,-8.166
2020_15_DET_TEN,2020,15,TEN,-8.166,-8.936
2020_16_TEN_GB,2020,16,TEN,-8.936,-9.556
2020_17_TEN_HOU,2020,17,TEN,-9.556,-9.363
2020_18_BAL_TEN,2020,18,TEN,-9.363,-8.872
2021_01_ARI_TEN,2021,1,TEN,-5.687,-6.617
2021_02_TEN_SEA,2021,2,TEN,-6.617,-7.413
2021_03_IND_TEN,2021,3,TEN,-7.413,-5.948
2021_04_TEN_NYJ,2021,4,TEN,-5.948,-6.807
2021_05_TEN_JAX,2021,5,TEN,-6.807,-7.846
2021_06_BUF_TEN,2021,6,TEN,-7.846,-8.092
2021_07_KC_TEN,2021,7,TEN,-8.092,-5.083
2021_08_TEN_IND,2021,8,TEN,-5.083,-4.301
2021_09_TEN_LAR,2021,9,TEN,-4.301,-2.155
2021_10_NO_TEN,2021,10,TEN,-2.155,-2.938
2021_11_HOU_TEN,2021,11,TEN,-2.938,-3.934
2021_12_TEN_NE,2021,12,TEN,-3.934,-5.466
2021_14_JAX_TEN,2021,14,TEN,-5.466,-2.658
2021_15_TEN_PIT,2021,15,TEN,-2.658,-1.541
2021_16_SF_TEN,2021,16,TEN,-1.541,-1.64
2021_17_MIA_TEN,2021,17,TEN,-1.64,1.009
2021_18_TEN_HOU,2021,18,TEN,1.009,-1.008
2021_20_CIN_TEN,2021,20,TEN,-1.008,1.18
2022_01_NYG_TEN,2022,1,TEN,0.756,1.207
2022_02_TEN_BUF,2022,2,TEN,1.207,-0.061
2022_03_OAK_TEN,2022,3,TEN,-0.061,-0.65
2022_04_TEN_IND,2022,4,TEN,-0.65,-1.449
2022_05_TEN_WAS,2022,5,TEN,-1.449,-2.494
2022_07_IND_TEN,2022,7,TEN,-2.494,-1.722
2022_08_TEN_HOU,2022,8,TEN,-1.722,-0.275
2022_09_TEN_KC,2022,9,TEN,-0.275,-1.278
2022_10_DEN_TEN,2022,10,TEN,-1.278,0.768
2022_11_TEN_GB,2022,11,TEN,0.768,0.347
2022_12_CIN_TEN,2022,12,TEN,0.347,0.169
2022_13_TEN_PHI,2022,13,TEN,0.169,-2.152
2022_14_JAX_TEN,2022,14,TEN,-2.152,-5.455
2022_15_TEN_LAC,2022,15,TEN,-5.455,-3.771
2022_16_HOU_TEN,2022,16,TEN,-3.771,-3.775
2022_17_DAL_TEN,2022,17,TEN,-3.775,-3.633
2022_18_TEN_JAX,2022,18,TEN,-3.633,-2.739
2023_01_TEN_NO,2023,1,TEN,-1.756,-1.151
2023_02_LAC_TEN,2023,2,TEN,-1.151,-1.537
2023_03_TEN_CLE,2023,3,TEN,-1.537,-2.943
2023_04_CIN_TEN,2023,4,TEN,-2.943,-1.423
2023_05_TEN_IND,2023,5,TEN,-1.423,-0.447
2023_06_BAL_TEN,2023,6,TEN,-0.447,-0.698
2023_08_ATL_TEN,2023,8,TEN,-0.698,1.107
2023_09_TEN_PIT,2023,9,TEN,1.107,0.529
2023_10_TEN_TB,2023,10,TEN,0.529,0.357
2023_11_TEN_JAX,2023,11,TEN,0.357,-2.303
2023_12_CAR_TEN,2023,12,TEN,-2.303,-2.109
2023_13_IND_TEN,2023,13,TEN,-2.109,-2.938
2023_14_TEN_MIA,2023,14,TEN,-2.938,-1.417
2023_15_HOU_TEN,2023,15,TEN,-1.417,-0.692
2023_16_SEA_TEN,2023,16,TEN,-0.692,-0.981
2023_17_TEN_HOU,2023,17,TEN,-0.981,-1.54
2023_18_JAX_TEN,2023,18,TEN,-1.54,-1.905
2024_01_TEN_CHI,2024,1,TEN,-1.221,0.423
2024_02_NYJ_TEN,2024,2,TEN,0.423,1.068
2024_03_GB_TEN,2024,3,TEN,1.068,-1.253
2024_04_TEN_MIA,2024,4,TEN,-1.253,-1.273
2024_06_IND_TEN,2024,6,TEN,-1.273,-1.142
2024_07_TEN_BUF,2024,7,TEN,-1.142,-1.492
2024_08_TEN_DET,2024,8,TEN,-1.492,-0.31
2024_09_NE_TEN,2024,9,TEN,-0.31,-0.935
2024_10_TEN_LAC,2024,10,TEN,-0.935,-2.058
2024_11_MIN_TEN,2024,11,TEN,-2.058,-3.369
2024_12_TEN_HOU,2024,12,TEN,-3.369,-2.461
2024_13_TEN_WAS,2024,13,TEN,-2.461,-3.972
2024_14_JAX_TEN,2024,14,TEN,-3.972,-3.653
2024_15_CIN_TEN,2024,15,TEN,-3.653,-3.316
2024_16_TEN_IND,2024,16,TEN,-3.316,-4.234
2024_17_TEN_JAX,2024,17,TEN,-4.234,-5.095
2024_18_HOU_TEN,2024,18,TEN,-5.095,-4.164
2025_01_TEN_DEN,2025,1,TEN,-2.669,-0.964
2025_02_LAR_TEN,2025,2,TEN,-0.964,-1.453
2025_03_IND_TEN,2025,3,TEN,-1.453,-2.528
2025_04_TEN_HOU,2025,4,TEN,-2.528,-3.898
2025_05_TEN_ARI,2025,5,TEN,-3.898,-4.014
2025_06_TEN_OAK,2025,6,TEN,-4.014,-3.189
2025_07_NE_TEN,2025,7,TEN,-3.189,-4.596
2025_08_TEN_IND,2025,8,TEN,-4.596,-5.21
2025_09_LAC_TEN,2025,9,TEN,-5.21,-4.919
2025_11_HOU_TEN,2025,11,TEN,-4.919,-5.008
2025_12_SEA_TEN,2025,12,TEN,-5.008,-5.245
2025_13_JAX_TEN,2025,13,TEN,-5.245,-5.562
2025_14_TEN_CLE,2025,14,TEN,-5.562,-8.264
2025_15_TEN_SF,2025,15,TEN,-8.264,-10.108
2025_16_KC_TEN,2025,16,TEN,-10.108,-8.291
2025_17_NO_TEN,2025,17,TEN,-8.291,-10.248
2025_18_TEN_JAX,2025,18,TEN,-10.248,-10.965
2026_01_NYJ_TEN,2026,1,TEN,-7.028,-7.48
1999_01_DAL_WAS,1999,1,WAS,0.0,-2.033
1999_02_WAS_NYG,1999,2,WAS,-2.033,-3.363
1999_03_WAS_NYJ,1999,3,WAS,-3.363,-2.264
1999_04_CAR_WAS,1999,4,WAS,-2.264,-2.861
1999_06_WAS_ARI,1999,6,WAS,-2.861,-1.613
1999_07_WAS_DAL,1999,7,WAS,-1.613,-4.07
1999_08_CHI_WAS,1999,8,WAS,-4.07,-3.171
1999_09_BUF_WAS,1999,9,WAS,-3.171,-5.811
1999_10_WAS_PHI,1999,10,WAS,-5.811,-4.524
1999_11_NYG_WAS,1999,11,WAS,-4.524,-1.649
1999_12_PHI_WAS,1999,12,WAS,-1.649,-3.784
1999_13_WAS_DET,1999,13,WAS,-3.784,-4.311
1999_14_ARI_WAS,1999,14,WAS,-4.311,-1.568
1999_15_WAS_IND,1999,15,WAS,-1.568,-2.225
1999_16_WAS_SF,1999,16,WAS,-2.225,-3.153
1999_17_MIA_WAS,1999,17,WAS,-3.153,-2.463
1999_18_DET_WAS,1999,18,WAS,-2.463,-1.158
1999_19_WAS_TB,1999,19,WAS,-1.158,-0.611
2000_01_CAR_WAS,2000,1,WAS,-0.391,0.738
2000_02_WAS_DET,2000,2,WAS,0.738,1.992
2000_03_DAL_WAS,2000,3,WAS,1.992,1.439
2000_04_WAS_NYG,2000,4,WAS,1.439,2.993
2000_05_TB_WAS,2000,5,WAS,2.993,3.437
2000_06_WAS_PHI,2000,6,WAS,3.437,3.251
2000_07_BAL_WAS,2000,7,WAS,3.251,3.896
2000_08_WAS_JAX,2000,8,WAS,3.896,4.839
2000_09_TEN_WAS,2000,9,WAS,4.839,4.481
2000_10_WAS_ARI,2000,10,WAS,4.481,4.739
2000_12_WAS_LAR,2000,12,WAS,4.739,4.268
2000_13_PHI_WAS,2000,13,WAS,4.268,2.442
2000_14_NYG_WAS,2000,14,WAS,2.442,2.552
2000_15_WAS_DAL,2000,15,WAS,2.552,2.966
2000_16_WAS_PIT,2000,16,WAS,2.966,2.758
2000_17_ARI_WAS,2000,17,WAS,2.758,4.08
2001_01_WAS_LAC,2001,1,WAS,2.615,4.501
2001_02_WAS_GB,2001,2,WAS,4.501,2.959
2001_03_KC_WAS,2001,3,WAS,2.959,-0.517
2001_04_WAS_NYG,2001,4,WAS,-0.517,0.25
2001_05_WAS_DAL,2001,5,WAS,0.25,-0.62
2001_06_CAR_WAS,2001,6,WAS,-0.62,-0.083
2001_07_NYG_WAS,2001,7,WAS,-0.083,-2.747
2001_08_SEA_WAS,2001,8,WAS,-2.747,-1.76
2001_10_WAS_DEN,2001,10,WAS,-1.76,-0.274
2001_11_WAS_PHI,2001,11,WAS,-0.274,-0.391
2001_12_DAL_WAS,2001,12,WAS,-0.391,-0.041
2001_13_WAS_ARI,2001,13,WAS,-0.041,-0.719
2001_14_PHI_WAS,2001,14,WAS,-0.719,0.696
2001_15_CHI_WAS,2001,15,WAS,0.696,0.816
2001_16_WAS_NO,2001,16,WAS,0.816,3.424
2001_17_ARI_WAS,2001,17,WAS,3.424,5.061
2002_01_ARI_WAS,2002,1,WAS,3.244,3.451
2002_02_PHI_WAS,2002,2,WAS,3.451,0.569
2002_03_WAS_SF,2002,3,WAS,0.569,2.334
2002_05_WAS_TEN,2002,5,WAS,2.334,3.257
2002_06_NO_WAS,2002,6,WAS,3.257,3.074
2002_07_WAS_GB,2002,7,WAS,3.074,3.814
2002_08_IND_WAS,2002,8,WAS,3.814,4.029
2002_09_WAS_SEA,2002,9,WAS,4.029,3.313
2002_11_WAS_NYG,2002,11,WAS,3.313,4.389
2002_12_LAR_WAS,2002,12,WAS,4.389,3.312
2002_13_WAS_DAL,2002,13,WAS,3.312,2.775
2002_14_NYG_WAS,2002,14,WAS,2.775,1.808
2002_15_WAS_PHI,2002,15,WAS,1.808,0.762
2002_16_HOU_WAS,2002,16,WAS,0.762,1.799
2002_17_DAL_WAS,2002,17,WAS,1.799,1.805
2003_01_NYJ_WAS,2003,1,WAS,1.157,1.377
2003_02_WAS_ATL,2003,2,WAS,1.377,1.831
2003_03_NYG_WAS,2003,3,WAS,1.831,0.093
2003_04_NE_WAS,2003,4,WAS,0.093,-0.445
2003_05_WAS_PHI,2003,5,WAS,-0.445,1.351
2003_06_TB_WAS,2003,6,WAS,1.351,-1.121
2003_07_WAS_BUF,2003,7,WAS,-1.121,-2.08
2003_09_WAS_DAL,2003,9,WAS,-2.08,-1.641
2003_10_SEA_WAS,2003,10,WAS,-1.641,-1.4
2003_11_WAS_CAR,2003,11,WAS,-1.4,-2.694
2003_12_WAS_MIA,2003,12,WAS,-2.694,-1.731
2003_13_NO_WAS,2003,13,WAS,-1.731,-2.61
2003_14_WAS_NYG,2003,14,WAS,-2.61,-0.92
2003_15_DAL_WAS,2003,15,WAS,-0.92,-0.799
2003_16_WAS_CHI,2003,16,WAS,-0.799,-1.854
2003_17_PHI_WAS,2003,17,WAS,-1.854,-4.933
2004_01_TB_WAS,2004,1,WAS,-3.162,-1.589
2004_02_WAS_NYG,2004,2,WAS,-1.589,-2.441
2004_03_DAL_WAS,2004,3,WAS,-2.441,-2.26
2004_04_WAS_CLE,2004,4,WAS,-2.26,-1.919
2004_05_BAL_WAS,2004,5,WAS,-1.919,0.657
2004_06_WAS_CHI,2004,6,WAS,0.657,2.116
2004_08_GB_WAS,2004,8,WAS,2.116,3.079
2004_09_WAS_DET,2004,9,WAS,3.079,3.105
2004_10_CIN_WAS,2004,10,WAS,3.105,2.773
2004_11_WAS_PHI,2004,11,WAS,2.773,1.838
2004_12_WAS_PIT,2004,12,WAS,1.838,3.395
2004_13_NYG_WAS,2004,13,WAS,3.395,3.614
2004_14_PHI_WAS,2004,14,WAS,3.614,4.604
2004_15_WAS_SF,2004,15,WAS,4.604,5.127
2004_16_WAS_DAL,2004,16,WAS,5.127,5.386
2004_17_MIN_WAS,2004,17,WAS,5.386,5.146
2005_01_CHI_WAS,2005,1,WAS,3.299,4.086
2005_02_WAS_DAL,2005,2,WAS,4.086,2.574
2005_04_SEA_WAS,2005,4,WAS,2.574,1.319
2005_05_WAS_DEN,2005,5,WAS,1.319,2.29
2005_06_WAS_KC,2005,6,WAS,2.29,1.95
2005_07_SF_WAS,2005,7,WAS,1.95,3.997
2005_08_WAS_NYG,2005,8,WAS,3.997,5.208
2005_09_PHI_WAS,2005,9,WAS,5.208,4.64
2005_10_WAS_TB,2005,10,WAS,4.64,1.707
2005_11_OAK_WAS,2005,11,WAS,1.707,1.472
2005_12_LAC_WAS,2005,12,WAS,1.472,4.864
2005_13_WAS_LAR,2005,13,WAS,4.864,4.51
2005_14_WAS_ARI,2005,14,WAS,4.51,4.376
2005_15_DAL_WAS,2005,15,WAS,4.376,7.597
2005_16_NYG_WAS,2005,16,WAS,7.597,6.724
2005_17_WAS_PHI,2005,17,WAS,6.724,5.653
2005_18_WAS_TB,2005,18,WAS,5.653,5.403
2005_19_WAS_SEA,2005,19,WAS,5.403,4.062
2006_01_MIN_WAS,2006,1,WAS,2.604,2.245
2006_02_WAS_DAL,2006,2,WAS,2.245,1.045
2006_03_WAS_HOU,2006,3,WAS,1.045,0.117
2006_04_JAX_WAS,2006,4,WAS,0.117,-0.523
2006_05_WAS_NYG,2006,5,WAS,-0.523,-2.191
2006_06_TEN_WAS,2006,6,WAS,-2.191,-1.52
2006_07_WAS_IND,2006,7,WAS,-1.52,-3.965
2006_09_DAL_WAS,2006,9,WAS,-3.965,-6.151
2006_10_WAS_PHI,2006,10,WAS,-6.151,-5.473
2006_11_WAS_TB,2006,11,WAS,-5.473,-6.73
2006_12_CAR_WAS,2006,12,WAS,-6.73,-5.688
2006_13_ATL_WAS,2006,13,WAS,-5.688,-6.133
2006_14_PHI_WAS,2006,14,WAS,-6.133,-6.646
2006_15_WAS_NO,2006,15,WAS,-6.646,-4.127
2006_16_WAS_LAR,2006,16,WAS,-4.127,-7.793
2006_17_NYG_WAS,2006,17,WAS,-7.793,-6.814
2007_01_MIA_WAS,2007,1,WAS,-4.368,-4.67
2007_02_WAS_PHI,2007,2,WAS,-4.67,-4.107
2007_03_NYG_WAS,2007,3,WAS,-4.107,-3.178
2007_05_DET_WAS,2007,5,WAS,-3.178,0.248
2007_06_WAS_GB,2007,6,WAS,0.248,2.612
2007_07_ARI_WAS,2007,7,WAS,2.612,1.654
2007_08_WAS_NE,2007,8,WAS,1.654,-1.292
2007_09_WAS_NYJ,2007,9,WAS,-1.292,-2.434
2007_10_PHI_WAS,2007,10,WAS,-2.434,-4.853
2007_11_WAS_DAL,2007,11,WAS,-4.853,-6.151
2007_12_WAS_TB,2007,12,WAS,-6.151,-3.945
2007_13_BUF_WAS,2007,13,WAS,-3.945,-5.286
2007_14_CHI_WAS,2007,14,WAS,-5.286,-4.725
2007_15_WAS_NYG,2007,15,WAS,-4.725,-3.388
2007_16_WAS_MIN,2007,16,WAS,-3.388,-5.301
2007_17_DAL_WAS,2007,17,WAS,-5.301,-2.657
2007_18_WAS_SEA,2007,18,WAS,-2.657,-2.026
2008_01_WAS_NYG,2008,1,WAS,-1.299,-0.912
2008_02_NO_WAS,2008,2,WAS,-0.912,0.426
2008_03_ARI_WAS,2008,3,WAS,0.426,1.074
2008_04_WAS_DAL,2008,4,WAS,1.074,-0.337
2008_05_WAS_PHI,2008,5,WAS,-0.337,-0.016
2008_06_LAR_WAS,2008,6,WAS,-0.016,0.439
2008_07_CLE_WAS,2008,7,WAS,0.439,1.367
2008_08_WAS_DET,2008,8,WAS,1.367,-0.346
2008_09_PIT_WAS,2008,9,WAS,-0.346,1.804
2008_11_DAL_WAS,2008,11,WAS,1.804,2.496
2008_12_WAS_SEA,2008,12,WAS,2.496,3.449
2008_13_NYG_WAS,2008,13,WAS,3.449,3.091
2008_14_WAS_BAL,2008,14,WAS,3.091,3.167
2008_15_WAS_CIN,2008,15,WAS,3.167,1.25
2008_16_PHI_WAS,2008,16,WAS,1.25,1.771
2008_17_WAS_SF,2008,17,WAS,1.771,0.059
2009_01_WAS_NYG,2009,1,WAS,0.038,-0.497
2009_02_LAR_WAS,2009,2,WAS,-0.497,-0.79
2009_03_WAS_DET,2009,3,WAS,-0.79,-1.93
2009_04_TB_WAS,2009,4,WAS,-1.93,-1.749
2009_05_WAS_CAR,2009,5,WAS,-1.749,-1.297
2009_06_KC_WAS,2009,6,WAS,-1.297,0.211
2009_07_PHI_WAS,2009,7,WAS,0.211,1.531
2009_09_WAS_ATL,2009,9,WAS,1.531,2.428
2009_10_DEN_WAS,2009,10,WAS,2.428,1.279
2009_11_WAS_DAL,2009,11,WAS,1.279,2.286
2009_12_WAS_PHI,2009,12,WAS,2.286,2.728
2009_13_NO_WAS,2009,13,WAS,2.728,1.255
2009_14_WAS_OAK,2009,14,WAS,1.255,1.26
2009_15_NYG_WAS,2009,15,WAS,1.26,-0.404
2009_16_DAL_WAS,2009,16,WAS,-0.404,-0.369
2009_17_WAS_LAC,2009,17,WAS,-0.369,-0.495
2010_01_DAL_WAS,2010,1,WAS,-0.317,-1.19
2010_02_HOU_WAS,2010,2,WAS,-1.19,-3.324
2010_03_WAS_LAR,2010,3,WAS,-3.324,-3.738
2010_04_WAS_PHI,2010,4,WAS,-3.738,-2.984
2010_05_GB_WAS,2010,5,WAS,-2.984,-1.945
2010_06_IND_WAS,2010,6,WAS,-1.945,-2.425
2010_07_WAS_CHI,2010,7,WAS,-2.425,-0.799
2010_08_WAS_DET,2010,8,WAS,-0.799,-2.298
2010_10_PHI_WAS,2010,10,WAS,-2.298,-7.579
2010_11_WAS_TEN,2010,11,WAS,-7.579,-7.714
2010_12_MIN_WAS,2010,12,WAS,-7.714,-7.18
2010_13_WAS_NYG,2010,13,WAS,-7.18,-6.022
2010_14_TB_WAS,2010,14,WAS,-6.022,-6.539
2010_15_WAS_DAL,2010,15,WAS,-6.539,-7.826
2010_16_WAS_JAX,2010,16,WAS,-7.826,-7.806
2010_17_NYG_WAS,2010,17,WAS,-7.806,-7.648
2011_01_NYG_WAS,2011,1,WAS,-4.902,-3.899
2011_02_ARI_WAS,2011,2,WAS,-3.899,-3.701
2011_03_WAS_DAL,2011,3,WAS,-3.701,-2.61
2011_04_WAS_LAR,2011,4,WAS,-2.61,-0.39
2011_06_PHI_WAS,2011,6,WAS,-0.39,-0.006
2011_07_WAS_CAR,2011,7,WAS,-0.006,-1.578
2011_08_WAS_BUF,2011,8,WAS,-1.578,-2.185
2011_09_SF_WAS,2011,9,WAS,-2.185,-2.609
2011_10_WAS_MIA,2011,10,WAS,-2.609,-2.94
2011_11_DAL_WAS,2011,11,WAS,-2.94,-3.026
2011_12_WAS_SEA,2011,12,WAS,-3.026,-2.542
2011_13_NYJ_WAS,2011,13,WAS,-2.542,-2.77
2011_14_NE_WAS,2011,14,WAS,-2.77,-3.025
2011_15_WAS_NYG,2011,15,WAS,-3.025,-0.248
2011_16_MIN_WAS,2011,16,WAS,-0.248,-0.065
2011_17_WAS_PHI,2011,17,WAS,-0.065,-0.844
2012_01_WAS_NO,2012,1,WAS,-0.541,0.909
2012_02_WAS_LAR,2012,2,WAS,0.909,-1.622
2012_03_CIN_WAS,2012,3,WAS,-1.622,-3.53
2012_04_WAS_TB,2012,4,WAS,-3.53,-4.349
2012_05_ATL_WAS,2012,5,WAS,-4.349,-5.046
2012_06_MIN_WAS,2012,6,WAS,-5.046,-5.646
2012_07_WAS_NYG,2012,7,WAS,-5.646,-5.341
2012_08_WAS_PIT,2012,8,WAS,-5.341,-6.817
2012_09_CAR_WAS,2012,9,WAS,-6.817,-7.695
2012_11_PHI_WAS,2012,11,WAS,-7.695,-5.005
2012_12_WAS_DAL,2012,12,WAS,-5.005,-5.91
2012_13_NYG_WAS,2012,13,WAS,-5.91,-6.389
2012_14_BAL_WAS,2012,14,WAS,-6.389,-6.833
2012_15_WAS_CLE,2012,15,WAS,-6.833,-6.563
2012_16_WAS_PHI,2012,16,WAS,-6.563,-7.023
2012_17_DAL_WAS,2012,17,WAS,-7.023,-4.521
2012_18_SEA_WAS,2012,18,WAS,-4.521,-3.844
2013_01_PHI_WAS,2013,1,WAS,-2.464,-3.473
2013_02_WAS_GB,2013,2,WAS,-3.473,-6.009
2013_03_DET_WAS,2013,3,WAS,-6.009,-6.564
2013_04_WAS_OAK,2013,4,WAS,-6.564,-5.128
2013_06_WAS_DAL,2013,6,WAS,-5.128,-3.434
2013_07_CHI_WAS,2013,7,WAS,-3.434,-0.85
2013_08_WAS_DEN,2013,8,WAS,-0.85,-0.128
2013_09_LAC_WAS,2013,9,WAS,-0.128,-0.615
2013_10_WAS_MIN,2013,10,WAS,-0.615,-1.429
2013_11_WAS_PHI,2013,11,WAS,-1.429,-2.491
2013_12_SF_WAS,2013,12,WAS,-2.491,-3.55
2013_13_NYG_WAS,2013,13,WAS,-3.55,-3.717
2013_14_KC_WAS,2013,14,WAS,-3.717,-4.262
2013_15_WAS_ATL,2013,15,WAS,-4.262,-3.556
2013_16_DAL_WAS,2013,16,WAS,-3.556,-3.071
2013_17_WAS_NYG,2013,17,WAS,-3.071,-2.337
2014_01_WAS_HOU,2014,1,WAS,-1.498,-2.083
2014_02_JAX_WAS,2014,2,WAS,-2.083,0.923
2014_03_WAS_PHI,2014,3,WAS,0.923,-1.408
2014_04_NYG_WAS,2014,4,WAS,-1.408,-4.14
2014_05_SEA_WAS,2014,5,WAS,-4.14,-6.941
2014_06_WAS_ARI,2014,6,WAS,-6.941,-7.576
2014_07_TEN_WAS,2014,7,WAS,-7.576,-8.456
2014_08_WAS_DAL,2014,8,WAS,-8.456,-6.519
2014_09_WAS_MIN,2014,9,WAS,-6.519,-7.809
2014_11_TB_WAS,2014,11,WAS,-7.809,-8.663
2014_12_WAS_SF,2014,12,WAS,-8.663,-8.253
2014_13_WAS_IND,2014,13,WAS,-8.253,-10.113
2014_14_LAR_WAS,2014,14,WAS,-10.113,-9.984
2014_15_WAS_NYG,2014,15,WAS,-9.984,-11.204
2014_16_PHI_WAS,2014,16,WAS,-11.204,-13.366
2014_17_DAL_WAS,2014,17,WAS,-13.366,-13.344
2015_01_MIA_WAS,2015,1,WAS,-8.553,-7.992
2015_02_LAR_WAS,2015,2,WAS,-7.992,-6.752
2015_03_WAS_NYG,2015,3,WAS,-6.752,-8.26
2015_04_PHI_WAS,2015,4,WAS,-8.26,-8.455
2015_05_WAS_ATL,2015,5,WAS,-8.455,-6.063
2015_06_WAS_NYJ,2015,6,WAS,-6.063,-8.293
2015_07_TB_WAS,2015,7,WAS,-8.293,-10.08
2015_09_WAS_NE,2015,9,WAS,-10.08,-9.717
2015_10_NO_WAS,2015,10,WAS,-9.717,-7.649
2015_11_WAS_CAR,2015,11,WAS,-7.649,-9.059
2015_12_NYG_WAS,2015,12,WAS,-9.059,-6.836
2015_13_DAL_WAS,2015,13,WAS,-6.836,-6.671
2015_14_WAS_CHI,2015,14,WAS,-6.671,-7.11
2015_15_BUF_WAS,2015,15,WAS,-7.11,-7.63
2015_16_WAS_PHI,2015,16,WAS,-7.63,-8.086
2015_17_WAS_DAL,2015,17,WAS,-8.086,-9.882
2015_18_GB_WAS,2015,18,WAS,-9.882,-9.882
2016_01_PIT_WAS,2016,1,WAS,-6.335,-7.441
2016_02_DAL_WAS,2016,2,WAS,-7.441,-8.489
2016_03_WAS_NYG,2016,3,WAS,-8.489,-8.095
2016_04_CLE_WAS,2016,4,WAS,-8.095,-8.577
2016_05_WAS_BAL,2016,5,WAS,-8.577,-8.317
2016_06_PHI_WAS,2016,6,WAS,-8.317,-5.971
2016_07_WAS_DET,2016,7,WAS,-5.971,-5.835
2016_08_WAS_CIN,2016,8,WAS,-5.835,-5.825
2016_10_MIN_WAS,2016,10,WAS,-5.825,-6.619
2016_11_GB_WAS,2016,11,WAS,-6.619,-8.32
2016_12_WAS_DAL,2016,12,WAS,-8.32,-8.976
2016_13_WAS_ARI,2016,13,WAS,-8.976,-10.33
2016_14_WAS_PHI,2016,14,WAS,-10.33,-10.367
2016_15_CAR_WAS,2016,15,WAS,-10.367,-10.684
2016_16_WAS_CHI,2016,16,WAS,-10.684,-9.391
2016_17_NYG_WAS,2016,17,WAS,-9.391,-8.6
2017_01_PHI_WAS,2017,1,WAS,-5.512,-6.179
2017_02_WAS_LAR,2017,2,WAS,-6.179,-5.714
2017_03_OAK_WAS,2017,3,WAS,-5.714,-2.451
2017_04_WAS_KC,2017,4,WAS,-2.451,-4.241
2017_06_SF_WAS,2017,6,WAS,-4.241,-2.311
2017_07_WAS_PHI,2017,7,WAS,-2.311,-4.068
2017_08_DAL_WAS,2017,8,WAS,-4.068,-2.27
2017_09_WAS_SEA,2017,9,WAS,-2.27,-2.239
2017_10_MIN_WAS,2017,10,WAS,-2.239,-3.903
2017_11_WAS_NO,2017,11,WAS,-3.903,-4.311
2017_12_NYG_WAS,2017,12,WAS,-4.311,-0.875
2017_13_WAS_DAL,2017,13,WAS,-0.875,-0.452
2017_14_WAS_LAC,2017,14,WAS,-0.452,-0.716
2017_15_ARI_WAS,2017,15,WAS,-0.716,1.712
2017_16_DEN_WAS,2017,16,WAS,1.712,2.59
2017_17_WAS_NYG,2017,17,WAS,2.59,4.162
2018_01_WAS_ARI,2018,1,WAS,2.668,4.367
2018_02_IND_WAS,2018,2,WAS,4.367,5.308
2018_03_GB_WAS,2018,3,WAS,5.308,5.625
2018_05_WAS_NO,2018,5,WAS,5.625,3.888
2018_06_CAR_WAS,2018,6,WAS,3.888,2.653
2018_07_DAL_WAS,2018,7,WAS,2.653,1.572
2018_08_WAS_NYG,2018,8,WAS,1.572,3.176
2018_09_ATL_WAS,2018,9,WAS,3.176,2.09
2018_10_WAS_TB,2018,10,WAS,2.09,1.544
2018_11_HOU_WAS,2018,11,WAS,1.544,3.25
2018_12_WAS_DAL,2018,12,WAS,3.25,1.793
2018_13_WAS_PHI,2018,13,WAS,1.793,0.714
2018_14_NYG_WAS,2018,14,WAS,0.714,-0.104
2018_15_WAS_JAX,2018,15,WAS,-0.104,1.602
2018_16_WAS_TEN,2018,16,WAS,1.602,2.293
2018_17_PHI_WAS,2018,17,WAS,2.293,1.964
2019_01_WAS_PHI,2019,1,WAS,1.259,-0.557
2019_02_DAL_WAS,2019,2,WAS,-0.557,-3.103
2019_03_CHI_WAS,2019,3,WAS,-3.103,-3.716
2019_04_WAS_NYG,2019,4,WAS,-3.716,-4.151
2019_05_NE_WAS,2019,5,WAS,-4.151,-4.08
2019_06_WAS_MIA,2019,6,WAS,-4.08,-1.573
2019_07_SF_WAS,2019,7,WAS,-1.573,-0.24
2019_08_WAS_MIN,2019,8,WAS,-0.24,-0.195
2019_09_WAS_BUF,2019,9,WAS,-0.195,-0.701
2019_11_NYJ_WAS,2019,11,WAS,-0.701,-2.325
2019_12_DET_WAS,2019,12,WAS,-2.325,-0.975
2019_13_WAS_CAR,2019,13,WAS,-0.975,-1.449
2019_14_WAS_GB,2019,14,WAS,-1.449,-0.087
2019_15_PHI_WAS,2019,15,WAS,-0.087,-1.533
2019_16_NYG_WAS,2019,16,WAS,-1.533,-4.906
2019_17_WAS_DAL,2019,17,WAS,-4.906,-6.347
2020_01_PHI_WAS,2020,1,WAS,-4.068,-1.217
2020_02_WAS_ARI,2020,2,WAS,-1.217,-3.163
2020_03_WAS_CLE,2020,3,WAS,-3.163,-3.461
2020_04_BAL_WAS,2020,4,WAS,-3.461,-3.759
2020_05_LAR_WAS,2020,5,WAS,-3.759,-4.663
2020_06_WAS_NYG,2020,6,WAS,-4.663,-4.908
2020_07_DAL_WAS,2020,7,WAS,-4.908,-2.264
2020_09_NYG_WAS,2020,9,WAS,-2.264,-1.323
2020_10_WAS_DET,2020,10,WAS,-1.323,-3.099
2020_11_CIN_WAS,2020,11,WAS,-3.099,-3.539
2020_12_WAS_DAL,2020,12,WAS,-3.539,-3.434
2020_13_WAS_PIT,2020,13,WAS,-3.434,-3.678
2020_14_WAS_SF,2020,14,WAS,-3.678,-2.453
2020_15_SEA_WAS,2020,15,WAS,-2.453,-1.882
2020_16_CAR_WAS,2020,16,WAS,-1.882,0.024
2020_17_WAS_PHI,2020,17,WAS,0.024,0.756
2020_18_TB_WAS,2020,18,WAS,0.756,1.045
2021_01_LAC_WAS,2021,1,WAS,0.67,0.914
2021_02_NYG_WAS,2021,2,WAS,0.914,-1.255
2021_03_WAS_BUF,2021,3,WAS,-1.255,-4.608
2021_04_WAS_ATL,2021,4,WAS,-4.608,-6.126
2021_05_NO_WAS,2021,5,WAS,-6.126,-6.781
2021_06_KC_WAS,2021,6,WAS,-6.781,-6.491
2021_07_WAS_GB,2021,7,WAS,-6.491,-7.375
2021_08_WAS_DEN,2021,8,WAS,-7.375,-6.46
2021_10_TB_WAS,2021,10,WAS,-6.46,-4.99
2021_11_WAS_CAR,2021,11,WAS,-4.99,-6.723
2021_12_SEA_WAS,2021,12,WAS,-6.723,-7.188
2021_13_WAS_OAK,2021,13,WAS,-7.188,-7.139
2021_14_DAL_WAS,2021,14,WAS,-7.139,-4.14
2021_15_WAS_PHI,2021,15,WAS,-4.14,-5.564
2021_16_WAS_DAL,2021,16,WAS,-5.564,-7.241
2021_17_PHI_WAS,2021,17,WAS,-7.241,-7.088
2021_18_WAS_NYG,2021,18,WAS,-7.088,-5.767
2022_01_JAX_WAS,2022,1,WAS,-3.696,-3.334
2022_02_WAS_DET,2022,2,WAS,-3.334,-3.884
2022_03_PHI_WAS,2022,3,WAS,-3.884,-4.591
2022_04_WAS_DAL,2022,4,WAS,-4.591,-5.212
2022_05_TEN_WAS,2022,5,WAS,-5.212,-3.447
2022_06_WAS_CHI,2022,6,WAS,-3.447,-3.238
2022_07_GB_WAS,2022,7,WAS,-3.238,-3.467
2022_08_WAS_IND,2022,8,WAS,-3.467,-3.86
2022_09_MIN_WAS,2022,9,WAS,-3.86,-2.953
2022_10_WAS_PHI,2022,10,WAS,-2.953,-2.967
2022_11_WAS_HOU,2022,11,WAS,-2.967,-0.776
2022_12_ATL_WAS,2022,12,WAS,-0.776,-1.019
2022_13_WAS_NYG,2022,13,WAS,-1.019,-1.904
2022_15_NYG_WAS,2022,15,WAS,-1.904,-1.908
2022_16_WAS_SF,2022,16,WAS,-1.908,-2.122
2022_17_CLE_WAS,2022,17,WAS,-2.122,-0.999
2022_18_DAL_WAS,2022,18,WAS,-0.999,1.796
2023_01_ARI_WAS,2023,1,WAS,1.151,1.8
2023_02_WAS_DEN,2023,2,WAS,1.8,1.983
2023_03_BUF_WAS,2023,3,WAS,1.983,1.344
2023_04_WAS_PHI,2023,4,WAS,1.344,0.63
2023_05_CHI_WAS,2023,5,WAS,0.63,-1.104
2023_06_WAS_ATL,2023,6,WAS,-1.104,-0.791
2023_07_WAS_NYG,2023,7,WAS,-0.791,-1.787
2023_08_PHI_WAS,2023,8,WAS,-1.787,-3.408
2023_09_WAS_NE,2023,9,WAS,-3.408,-2.998
2023_10_WAS_SEA,2023,10,WAS,-2.998,-5.256
2023_11_NYG_WAS,2023,11,WAS,-5.256,-5.214
2023_12_WAS_DAL,2023,12,WAS,-5.214,-7.155
2023_13_MIA_WAS,2023,13,WAS,-7.155,-7.976
2023_15_WAS_LAR,2023,15,WAS,-7.976,-8.317
2023_16_WAS_NYJ,2023,16,WAS,-8.317,-8.348
2023_17_SF_WAS,2023,17,WAS,-8.348,-9.16
2023_18_DAL_WAS,2023,18,WAS,-9.16,-11.029
2024_01_WAS_TB,2024,1,WAS,-7.07,-9.954
2024_02_NYG_WAS,2024,2,WAS,-9.954,-10.791
2024_03_WAS_CIN,2024,3,WAS,-10.791,-12.379
2024_04_WAS_ARI,2024,4,WAS,-12.379,-10.294
2024_05_CLE_WAS,2024,5,WAS,-10.294,-7.631
2024_06_WAS_BAL,2024,6,WAS,-7.631,-7.127
2024_07_CAR_WAS,2024,7,WAS,-7.127,-4.491
2024_08_CHI_WAS,2024,8,WAS,-4.491,-2.973
2024_09_WAS_NYG,2024,9,WAS,-2.973,-5.327
2024_10_PIT_WAS,2024,10,WAS,-5.327,-3.868
2024_11_WAS_PHI,2024,11,WAS,-3.868,-3.564
2024_12_DAL_WAS,2024,12,WAS,-3.564,-5.233
2024_13_TEN_WAS,2024,13,WAS,-5.233,-5.288
2024_15_WAS_NO,2024,15,WAS,-5.288,-2.94
2024_16_PHI_WAS,2024,16,WAS,-2.94,-1.054
2024_17_ATL_WAS,2024,17,WAS,-1.054,-0.438
2024_18_WAS_DAL,2024,18,WAS,-0.438,-0.453
2024_19_WAS_TB,2024,19,WAS,-0.453,-0.533
2024_20_WAS_DET,2024,20,WAS,-0.533,1.598
2024_21_WAS_PHI,2024,21,WAS,1.598,-0.168
2025_01_NYG_WAS,2025,1,WAS,-0.107,1.318
2025_02_WAS_GB,2025,2,WAS,1.318,0.571
2025_03_OAK_WAS,2025,3,WAS,0.571,0.038
2025_04_WAS_ATL,2025,4,WAS,0.038,-1.512
2025_05_WAS_LAC,2025,5,WAS,-1.512,-1.326
2025_06_CHI_WAS,2025,6,WAS,-1.326,-1.492
2025_07_WAS_DAL,2025,7,WAS,-1.492,-2.04
2025_08_WAS_KC,2025,8,WAS,-2.04,-1.688
2025_09_SEA_WAS,2025,9,WAS,-1.688,-4.189
2025_10_DET_WAS,2025,10,WAS,-4.189,-6.165
2025_11_WAS_MIA,2025,11,WAS,-6.165,-4.811
2025_13_DEN_WAS,2025,13,WAS,-4.811,-5.227
2025_14_WAS_MIN,2025,14,WAS,-5.227,-5.994
2025_15_WAS_NYG,2025,15,WAS,-5.994,-6.878
2025_16_PHI_WAS,2025,16,WAS,-6.878,-7.147
2025_17_DAL_WAS,2025,17,WAS,-7.147,-5.604
2025_18_WAS_PHI,2025,18,WAS,-5.604,-4.753
2026_01_WAS_PHI,2026,1,WAS,-3.047,-3.306
