,name_id,gsis_id,display_name,football_name,first_name,last_name,short_name,status,dob,college,height,weight,entry_year,rookie_year,draft_number,draft_round,draft_team,headshot_url
0,A.J. Feeley,00-0020305,A.J. Feeley,,Adam,Feeley,,RET,1977-05-16,Oregon,75.0,216.0,2001.0,2001.0,155.0,5.0,PHI,"https://static.www.nfl.com/image/private/f_auto,q_auto/league/bszdpaemb7klxpgf2vkx"
1,AJ McCarron,00-0031288,AJ McCarron,AJ,Raymond,McCarron,A.McCarron,RET,1990-09-13,Alabama,75.0,220.0,2014.0,2014.0,164.0,5.0,CIN,"https://static.www.nfl.com/image/private/f_auto,q_auto/league/fvakqnmsg35llkcme11h"
2,Aaron Brooks,00-0001823,Aaron Brooks,,Aaron,Brooks,,RET,1976-03-24,Virginia,76.0,220.0,1999.0,1999.0,131.0,4.0,GB,"https://static.www.nfl.com/image/private/f_auto,q_auto/league/hmlvskmkxcrzwzxker5b"
3,Aaron Murray,00-0031287,Aaron Murray,Aaron,Aaron,Murray,A.Murray,RET,1990-11-10,Georgia,73.0,207.0,2014.0,2014.0,163.0,5.0,KC,"https://static.www.nfl.com/image/private/f_auto,q_auto/league/glgk8vkwils0eqg5038v"
4,Aaron Rodgers,00-0023459,Aaron Rodgers,Aaron,Aaron,Rodgers,A.Rodgers,ACT,1983-12-02,California; Butte College,74.0,223.0,2005.0,2005.0,24.0,1.0,GB,"https://static.www.nfl.com/image/upload/f_auto,q_auto/league/dypvakakxhccxs67tb0y"
5,Adam Weber,00-0028230,Adam Weber,,Adam,Weber,,RET,1987-08-03,Minnesota,75.0,210.0,,2011.0,,,,"https://static.www.nfl.com/image/private/f_auto,q_auto/league/ibukblrfbbgp1hrfvi1u"
6,Adrian Breen,BRE196713,Adrian Breen,,Adrian,Breen,,RET,1965-01-11,Morehead State University,76.0,183.0,,1987.0,,,,"https://static.www.nfl.com/image/private/f_auto,q_auto/league/rakh0e0fzyloymjeylwq"
7,Adrian Burk,,,,,,,,,,,,,,,,,
8,Adrian Martinez,00-0038658,Adrian Martinez,Adrian,Adrian,Martinez,A.Martinez,DEV,2000-01-07,Kansas State; Nebraska,74.0,220.0,,2024.0,,,,"https://static.www.nfl.com/image/upload/f_auto,q_auto/league/uxqlgiljk3wecurnynmg"
9,Adrian McPherson,00-0023585,Adrian McPherson,,Adrian,McPherson,,RET,1983-05-08,Florida State,75.0,218.0,,2005.0,,,,"https://static.www.nfl.com/image/private/f_auto,q_auto/league/xwgirrasebg7xyguswnf"
10,Aidan O'Connell,00-0038579,Aidan O'Connell,Aidan,Aidan,O'Connell,A.O'Connell,ACT,1998-09-01,Purdue,75.0,206.0,2023.0,2023.0,135.0,4.0,OAK,"https://static.www.nfl.com/image/upload/f_auto,q_auto/league/bcejxo7ofgk5pszhup12"
11,Akili Smith,00-0015082,Akili Smith,,Kabisa,Smith,,RET,1975-08-21,Oregon; Grossmont,75.0,220.0,1999.0,1999.0,3.0,1.0,CIN,"https://static.www.nfl.com/image/private/f_auto,q_auto/league/okkcnzpp0d6ztxc5lnsb"
12,Al Dorow,,,,,,,,,,,,,,,,,
13,Al Woodall,WOO189423,Al Woodall,,Frank,Woodall,,RET,1945-12-07,Duke,77.0,205.0,,1974.0,,,,"https://static.www.nfl.com/image/private/f_auto,q_auto/league/qojjko097aspqbawd1ib"
14,Alan Pastrana,,,,,,,,,,,,,,,,,
15,Alan Risher,RIS103822,Alan Risher,,Alan,Risher,,RET,1961-05-06,LSU,74.0,190.0,,1985.0,,,,"https://static.www.nfl.com/image/private/f_auto,q_auto/league/dchmat8o2ynub95kkpga"
16,Alek Torgersen,00-0033238,Alek Torgersen,Alek,Alek,Torgersen,A.Torgersen,RET,1995-01-13,Penn,74.0,229.0,,2017.0,,,,"https://static.www.nfl.com/image/private/f_auto,q_auto/league/zsotiodmile3qzrycoeh"
17,Alex Brink,00-0026363,Alex Brink,,Alex,Brink,,RET,1985-06-02,Washington State,74.0,208.0,2008.0,2008.0,223.0,7.0,HOU,"https://static.www.nfl.com/image/private/f_auto,q_auto/league/k1edaozrxejwiw8xnkna"
18,Alex Espinoza,ESP415290,Alex Espinoza,,Alexander,Espinoza,,RET,1964-05-31,Iowa State; California State-Fullerton,73.0,193.0,,1987.0,,,,"https://static.www.nfl.com/image/private/f_auto,q_auto/league/vo7vjmqhrbu8get3gg0c"
19,Alex McGough,00-0034732,Alex McGough,Alex,Alexander,McGough,A.McGough,RET,1995-11-19,Florida International,75.0,214.0,2018.0,2018.0,220.0,7.0,SEA,"https://static.www.nfl.com/image/private/f_auto,q_auto/league/i7h0p9xensgpcxwtyino"
20,Alex Smith,00-0023436,Alex Smith,Alex,Alexander,Smith,A.Smith,RET,1984-05-07,Utah,76.0,215.0,2005.0,2005.0,1.0,1.0,SF,"https://static.www.nfl.com/image/private/f_auto,q_auto/league/hinmlhyjffsmq6bwq6tk"
21,Alex Tanney,00-0029623,Alex Tanney,Alex,Alex,Tanney,A.Tanney,RET,1987-11-11,Monmouth College,76.0,220.0,,2012.0,,,,"https://static.www.nfl.com/image/private/f_auto,q_auto/league/tqipcy0hxt88hpkpbhoz"
22,Alex Van Pelt,00-0016838,Alex Van Pelt,,Gregory,Van Pelt,,RET,1970-05-01,Pittsburgh,73.0,220.0,1993.0,1993.0,216.0,8.0,PIT,"https://static.www.nfl.com/image/private/f_auto,q_auto/league/y2ft15ayxhlqlzhuc1w9"
23,Alfred Montez,00-0011496,Alfred Montez,,Alfred,Montez,,RET,1972-10-18,Western New Mexico University,74.0,225.0,,1996.0,,,,"https://static.www.nfl.com/image/private/f_auto,q_auto/league/t1utyz6b3ow3akh6thzd"
24,Andre Ware,00-0017178,Andre Ware,,Andre,Ware,,RET,1968-07-31,Houston; Alvin Community College,74.0,205.0,1990.0,1990.0,7.0,1.0,DET,"https://static.www.nfl.com/image/private/f_auto,q_auto/league/dpubmulllxfyspxvs9zu"
25,Andre Woodson,00-0026338,Andre Woodson,,Andre,Woodson,,RET,1984-04-25,Kentucky,76.0,230.0,2008.0,2008.0,198.0,6.0,NYG,"https://static.www.nfl.com/image/private/f_auto,q_auto/league/ke1eyugjuobs5lmriygh"
26,Andrew Luck,00-0029668,Andrew Luck,Andrew,Andrew,Luck,A.Luck,RET,1989-09-12,Stanford,76.0,240.0,2012.0,2012.0,1.0,1.0,IND,"https://static.www.nfl.com/image/private/f_auto,q_auto/league/ojix2ha2u58zqozaw756"
27,Andrew Walter,00-0023504,Andrew Walter,,Andrew,Walter,,RET,1982-05-11,Arizona State,78.0,230.0,2005.0,2005.0,69.0,3.0,OAK,"https://static.www.nfl.com/image/private/f_auto,q_auto/league/vehhkkfmq2hmqimcudii"
28,Andy Dalton,00-0027973,Andy Dalton,Andy,Andrew,Dalton,A.Dalton,ACT,1987-10-29,TCU,74.0,220.0,2011.0,2011.0,35.0,2.0,CIN,"https://static.www.nfl.com/image/upload/f_auto,q_auto/league/sfsneh0bn46e2kwve7sr"
29,Andy Hall,00-0022761,Andy Hall,,Andrew,Hall,,RET,1980-11-26,Delaware; Georgia Tech,73.0,218.0,2004.0,2005.0,185.0,6.0,PHI,"https://static.www.nfl.com/image/private/f_auto,q_auto/league/cbj3pskantqehdvbwf46"
30,Anthony Brown,00-0037175,Anthony Brown,Anthony,Anthony,Brown,A.Brown,RET,1998-07-27,Oregon; Boston College,73.0,223.0,,2022.0,,,,"https://static.www.nfl.com/image/private/f_auto,q_auto/league/wsbie1tqhz6uwtf49tmj"
31,Anthony Dilweg,DIL646009,Anthony Dilweg,,Anthony,Dilweg,,RET,1965-03-28,Duke,75.0,215.0,1989.0,1989.0,74.0,3.0,GB,"https://static.www.nfl.com/image/private/f_auto,q_auto/league/t2aosznuw3rvokoognxr"
32,Anthony Gordon,00-0035988,Anthony Gordon,Anthony,Anthony,Gordon,A.Gordon,RET,1997-08-28,Washington State,74.0,199.0,,2021.0,,,,"https://static.www.nfl.com/image/private/f_auto,q_auto/league/cyvleayi8iu7iq6adono"
33,Anthony Richardson,00-0039164,Anthony Richardson,Anthony,Anthony,Richardson,A.Richardson,RES,2002-05-22,Florida,76.0,244.0,2023.0,2023.0,4.0,1.0,IND,"https://static.www.nfl.com/image/upload/f_auto,q_auto/league/wrddeyklfcgk9qybgofq"
34,Anthony Wright,00-0018272,Anthony Wright,,Anthony,Wright,,RET,1976-02-14,South Carolina,73.0,211.0,,1999.0,,,,"https://static.www.nfl.com/image/private/f_auto,q_auto/league/tot1rumaduxp1ixjqmlp"
35,Archie Manning,MAN479160,Archie Manning,,Elisha,Manning,,RET,1949-05-19,Mississippi,75.0,212.0,,1974.0,,,,"https://static.www.nfl.com/image/private/f_auto,q_auto/league/g9vyzturkqi7oguzxqry"
36,Arnie Galiffa,,,,,,,,,,,,,,,,,
37,Art Schlichter,SCH223882,Art Schlichter,,Arthur,Schlichter,,RET,1960-04-25,Ohio State,75.0,210.0,1982.0,1982.0,4.0,1.0,BAL,"https://static.www.nfl.com/image/private/f_auto,q_auto/league/ajizynzp512ccmfvnyyt"
38,Athan Kaliakmanis,00-0041117,Athan Kaliakmanis,Athan,Athan,Kaliakmanis,A.Kaliakmanis,RET,2003-08-20,Rutgers; Minnesota,74.0,216.0,2026.0,2026.0,223.0,7.0,WAS,"https://static.www.nfl.com/image/upload/f_auto,q_auto/league/ahtbv63jyg8ampmyrxn9"
39,Austin Davis,00-0028957,Austin Davis,Austin,Austin,Davis,A.Davis,RET,1989-06-02,Southern Mississippi,74.0,221.0,,2012.0,,,,"https://static.www.nfl.com/image/private/f_auto,q_auto/league/wmquxjs1nuwferz7o9q2"
40,Austin Reed,00-0039464,Austin Reed,Austin,Austin,Reed,A.Reed,CUT,2000-02-22,Western Kentucky; University of West Florida; Southern Illinois,73.0,220.0,,2024.0,,,,"https://static.www.nfl.com/image/upload/f_auto,q_auto/league/as3ophwqsfgusvffepv1"
41,B.J. Coleman,00-0029219,B.J. Coleman,,Bryon,Coleman,,RET,1988-09-16,Tennessee-Chattanooga,75.0,231.0,2012.0,2012.0,243.0,7.0,GB,"https://static.www.nfl.com/image/private/f_auto,q_auto/league/shactx6bhuudinicm1q1"
42,B.J. Symons,00-0022720,B.J. Symons,,Brian,Symons,,RET,1980-11-19,Texas Tech,73.0,215.0,,2004.0,,,,"https://static.www.nfl.com/image/private/f_auto,q_auto/league/w1jdgladntnetpwuv5xq"
43,Babe Laufenberg,LAU276860,Babe Laufenberg,,Hugh,Laufenberg,,RET,1959-12-05,Indiana; Missouri; Stanford; Pierce College,74.0,195.0,1983.0,1983.0,168.0,6.0,WAS,"https://static.www.nfl.com/image/private/f_auto,q_auto/league/vqjkbtphevpzecmse0za"
44,Babe Parilli,,,,,,,,,,,,,,,,,
45,Bailey Zappe,00-0038108,Bailey Zappe,Bailey,Bailey,Zappe,B.Zappe,DEV,1999-04-26,Western Kentucky; Houston Christian University,73.0,215.0,2022.0,2022.0,137.0,4.0,NE,"https://static.www.nfl.com/image/upload/f_auto,q_auto/league/b6ntwwdcbjnzv2gml8tk"
46,Baker Mayfield,00-0034855,Baker Mayfield,Baker,Baker,Mayfield,B.Mayfield,ACT,1995-04-14,Oklahoma; Texas Tech,73.0,215.0,2018.0,2018.0,1.0,1.0,CLE,"https://static.www.nfl.com/image/upload/f_auto,q_auto/league/gjb8e69jtt1ffqf1afue"
47,Bart Starr,,,,,,,,,,,,,,,,,
48,Behren Morton,00-0041123,Behren Morton,Behren,Behren,Morton,B.Morton,RET,2002-01-17,Texas Tech,74.0,218.0,2026.0,2026.0,234.0,7.0,NE,"https://static.www.nfl.com/image/upload/f_auto,q_auto/league/st5s1urflg14hwvx8uzl"
49,Ben Bennett,BEN212831,Ben Bennett,,Allen,Bennett,,RET,1962-05-05,Duke,73.0,195.0,1984.0,1987.0,148.0,6.0,ATL,"https://static.www.nfl.com/image/private/f_auto,q_auto/league/xqpz8hxs3yma3olpy83z"
50,Ben DiNucci,00-0036384,Ben DiNucci,Ben,Benjamin,DiNucci,B.DiNucci,DEV,1996-11-24,James Madison,75.0,209.0,2020.0,2020.0,231.0,7.0,DAL,"https://static.www.nfl.com/image/private/f_auto,q_auto/league/o1gjqpevru8k8d98y2qn"
51,Ben Dougherty,DOU094821,Ben Dougherty,,Ben,Dougherty,,RET,1980-04-07,Florida A&M; North Iowa Area Community College; Iowa State,76.0,215.0,,2006.0,,,,"https://static.www.nfl.com/image/private/f_auto,q_auto/league/xwcun0eaqtszumtncuqd"
52,Ben Roethlisberger,00-0022924,Ben Roethlisberger,Ben,Benjamin,Roethlisberger,B.Roethlisberger,RET,1982-03-02,Miami (Ohio),77.0,240.0,2004.0,2004.0,11.0,1.0,PIT,"https://static.www.nfl.com/image/private/f_auto,q_auto/league/vziogpnyp9d0xtpiuqhr"
53,Bernard Quarles,QUA355962,Bernard Quarles,,Bernard,Quarles,,RET,1960-01-04,Hawaii; UCLA,74.0,215.0,,1987.0,,,,"https://static.www.nfl.com/image/private/f_auto,q_auto/league/s3bytgvwocqxzrzmfrm3"
54,Bernie Kosar,00-0009427,Bernie Kosar,,Bernie,Kosar,,RET,1963-11-25,Miami,77.0,214.0,1985.0,1985.0,1.0,1.0,CLE,"https://static.www.nfl.com/image/private/f_auto,q_auto/league/j5kwb9rb36prfdwyr71q"
55,Bert Jones,JON086372,Bert Jones,,Bertram,Jones,,RET,1951-09-07,LSU,75.0,210.0,,1974.0,,,,"https://static.www.nfl.com/image/private/f_auto,q_auto/league/yxv9nbawmjlhmsudaobo"
56,Bill Demory,DEM498348,Bill Demory,,John,Demory,,RET,1950-12-01,Arizona,74.0,195.0,,1974.0,,,,"https://static.www.nfl.com/image/private/f_auto,q_auto/league/xpfe421uzybkugrpzchc"
57,Bill Kenney,KEN697683,Bill Kenney,,William,Kenney,,RET,1955-01-20,Northern Colorado; Arizona State; Saddleback Community College,76.0,211.0,1978.0,1979.0,333.0,12.0,MIA,"https://static.www.nfl.com/image/private/f_auto,q_auto/league/p4hyyptwqvmfmor75d7m"
58,Bill Mackrides,,,,,,,,,,,,,,,,,
59,Bill Munson,MUN755070,Bill Munson,,William,Munson,,RET,1941-08-11,Utah State; Foothill College,74.0,210.0,,1974.0,,,,"https://static.www.nfl.com/image/private/f_auto,q_auto/league/cougml4dr9a5i5tlts1g"
60,Bill Musgrave,00-0011873,Bill Musgrave,,William,Musgrave,,RET,1967-11-11,Oregon,74.0,215.0,1991.0,1991.0,106.0,4.0,DAL,"https://static.www.nfl.com/image/private/f_auto,q_auto/league/fqbtac0ds5rq4s6lmk5q"
61,Bill Nelsen,,,,,,,,,,,,,,,,,
62,Bill Ransdell,RAN706336,Bill Ransdell,,Bill,Ransdell,,RET,1963-04-15,Kentucky,74.0,212.0,,1988.0,,,,"https://static.www.nfl.com/image/private/f_auto,q_auto/league/mhz6a9lwj013eqmazyyg"
63,Bill Troup,TRO519110,Bill Troup,,Paul,Troup,,RET,1951-04-02,South Carolina; Virginia,77.0,220.0,,1974.0,,,,"https://static.www.nfl.com/image/private/f_auto,q_auto/league/mq6qhwiizj3m5bfxlhhb"
64,Billy Donckers,DON319450,Billy Donckers,,William,Donckers,,RET,1951-01-08,San Diego State; Columbia Basin College,73.0,205.0,,1976.0,,,,"https://static.www.nfl.com/image/private/f_auto,q_auto/league/yi3fussayifbxivhvwyv"
65,Billy Joe Hobert,00-0007530,Billy Joe Hobert,,Billy Joe,Hobert,,RET,1971-01-08,Washington,75.0,230.0,1993.0,1993.0,58.0,3.0,OAK,"https://static.www.nfl.com/image/private/f_auto,q_auto/league/rlmdajsgucn5bednqaiw"
66,Billy Joe Tolliver,00-0016534,Billy Joe Tolliver,,Billy,Tolliver,,RET,1966-02-07,Texas Tech,73.0,217.0,1989.0,1989.0,51.0,2.0,LAC,"https://static.www.nfl.com/image/private/f_auto,q_auto/league/gicrwvf1hnole5b41azb"
67,Billy Kilmer,KIL638910,Billy Kilmer,,William,Kilmer,,RET,1939-09-05,UCLA,72.0,204.0,,1974.0,,,,"https://static.www.nfl.com/image/private/f_auto,q_auto/league/zjtagkdyapup1acwzywp"
68,Billy Volek,00-0019041,Billy Volek,,John,Volek,,RET,1976-04-28,Fresno State,74.0,214.0,,2000.0,,,,"https://static.www.nfl.com/image/private/f_auto,q_auto/league/jei3uos0woj4u7exp8ih"
69,Billy Wade,,,,,,,,,,,,,,,,,
70,Blaine Gabbert,00-0027948,Blaine Gabbert,Blaine,Blaine,Gabbert,B.Gabbert,RET,1989-10-15,Missouri,77.0,235.0,2011.0,2011.0,10.0,1.0,JAX,"https://static.www.nfl.com/image/private/f_auto,q_auto/league/fphhd3wedamgkps6e0dl"
71,Blair Kiel,00-0009209,Blair Kiel,,Blair,Kiel,,RET,1961-11-29,Notre Dame,72.0,200.0,1984.0,1984.0,281.0,11.0,TB,"https://static.www.nfl.com/image/private/f_auto,q_auto/league/eignwoh0c1ywbbkd20pz"
72,Blake Bortles,00-0031407,Blake Bortles,Blake,Robby,Bortles,B.Bortles,RET,1992-04-28,UCF,77.0,236.0,2014.0,2014.0,3.0,1.0,JAX,"https://static.www.nfl.com/image/private/f_auto,q_auto/league/jvoui3bptgsfvgkz5e1b"
73,Bo Nix,00-0039732,Bo Nix,Bo,Bo,Nix,B.Nix,RES,2000-02-25,Oregon; Auburn,74.0,217.0,2024.0,2024.0,12.0,1.0,DEN,"https://static.www.nfl.com/image/upload/f_auto,q_auto/league/zvo9xatffmqn9lnukpgk"
74,Bob Avellini,AVE215950,Bob Avellini,,Robert,Avellini,,RET,1953-08-28,Maryland,74.0,208.0,1975.0,1975.0,135.0,6.0,CHI,"https://static.www.nfl.com/image/private/f_auto,q_auto/league/tgl1g39ujpswzxt64yci"
75,Bob Berry,BER649343,Bob Berry,,Robert,Berry,,RET,1942-03-10,Oregon,71.0,185.0,,1974.0,,,,"https://static.www.nfl.com/image/private/f_auto,q_auto/league/bddbcr3vmrqbsowwgtq8"
76,Bob Bleier,BLE553722,Bob Bleier,,John,Bleier,,RET,1964-06-01,Richmond,75.0,210.0,,1987.0,,,,"https://static.www.nfl.com/image/private/f_auto,q_auto/league/x2zxf7wdlilwxuwq8j4x"
77,Bob Brodhead,,,,,,,,,,,,,,,,,
78,Bob Celeri,,,,,,,,,,,,,,,,,
79,Bob Clatterbuck,,,,,,,,,,,,,,,,,
80,Bob Davis,,,,,,,,,,,,,,,,,
81,Bob Gage,,,,,,,,,,,,,,,,,
82,Bob Gagliano,00-0005676,Bob Gagliano,,Robert,Gagliano,,RET,1958-09-05,Utah State; Alliant International University; Glendale Community College,75.0,205.0,1981.0,1981.0,319.0,12.0,KC,"https://static.www.nfl.com/image/private/f_auto,q_auto/league/ggbwrkjsbtezz4mmnnwt"
83,Bob Griese,GRI037752,Bob Griese,,Robert,Griese,,RET,1945-02-03,Purdue,73.0,190.0,,1974.0,,,,"https://static.www.nfl.com/image/private/f_auto,q_auto/league/ganvnmltnuhgmnmdhed5"
84,Bob Hewko,HEW415290,Bob Hewko,,Robert,Hewko,,RET,1960-06-08,Florida,75.0,195.0,,1983.0,,,,"https://static.www.nfl.com/image/private/f_auto,q_auto/league/bljjqiuud94obk66bkx7"
85,Bob Holly,HOL421464,Bob Holly,,Robert,Holly,,RET,1960-06-01,Princeton,74.0,197.0,1982.0,1982.0,291.0,11.0,WAS,"https://static.www.nfl.com/image/private/f_auto,q_auto/league/iyn6arywmtzoakrpyrbp"
86,Bob Lee,LEE590139,Bob Lee,,Robert,Lee,,RET,1945-08-07,University of U. of Pacific; Arizona State; City College (SF),74.0,195.0,,1974.0,,,,"https://static.www.nfl.com/image/private/f_auto,q_auto/league/unrg2tx8kapf7ctnqpra"
87,Bob Waterfield,,,,,,,,,,,,,,,,,
88,Bob Waters,,,,,,,,,,,,,,,,,
89,Bob Williams,,,,,,,,,,,,,,,,,
90,Bobby Douglass,DOU761354,Bobby Douglass,,Robert,Douglass,,RET,1947-06-22,Kansas,76.0,225.0,,1974.0,,,,"https://static.www.nfl.com/image/private/f_auto,q_auto/league/txqy2dejziysmk3wsvu2"
91,Bobby Hebert,00-0007190,Bobby Hebert,,Bobby,Hebert,,RET,1960-08-19,Northwestern State (LA),76.0,215.0,,1985.0,,,,"https://static.www.nfl.com/image/private/f_auto,q_auto/league/ivn7okbglfqcc8lbyhkz"
92,Bobby Hoying,00-0007832,Bobby Hoying,,Robert,Hoying,,RET,1972-09-20,Ohio State,75.0,220.0,1996.0,1996.0,85.0,3.0,PHI,"https://static.www.nfl.com/image/private/f_auto,q_auto/league/ffg9s34rxb3vz2hbdmow"
93,Bobby Layne,,,,,,,,,,,,,,,,,
94,Bobby Scott,SCO627538,Bobby Scott,,Robert,Scott,,RET,1949-04-02,Tennessee,73.0,201.0,,1974.0,,,,"https://static.www.nfl.com/image/private/f_auto,q_auto/league/lfydxufv5kftwagogh8c"
95,Bobby Thomason,,,,,,,,,,,,,,,,,
96,Boomer Esiason,00-0004937,Boomer Esiason,,Norman,Esiason,,RET,1961-04-17,Maryland,77.0,224.0,1984.0,1984.0,38.0,2.0,CIN,"https://static.www.nfl.com/image/private/f_auto,q_auto/league/afg59qxfnusj3ebuqwyv"
97,Brad Goebel,00-0006065,Brad Goebel,,Bradley,Goebel,,RET,1967-10-13,Baylor,75.0,214.0,,1991.0,,,,"https://static.www.nfl.com/image/private/f_auto,q_auto/league/guzpdc7y5nkfxomnhqpi"
98,Brad Johnson,00-0008442,Brad Johnson,,James,Johnson,,RET,1968-09-13,Florida State,77.0,235.0,1992.0,1992.0,227.0,9.0,MIN,"https://static.www.nfl.com/image/private/f_auto,q_auto/league/rnzt7iobyak7at4wf6uf"
99,Brad Kaaya,00-0033585,Brad Kaaya,Brad,Bradley,Kaaya,B.Kaaya,RET,1995-09-03,Miami,76.0,215.0,2017.0,2017.0,215.0,6.0,DET,"https://static.www.nfl.com/image/private/f_auto,q_auto/league/ugpwmxgf1r3ggsxbia61"
100,Brad Sorensen,00-0030292,Brad Sorensen,Brad,Brad,Sorensen,B.Sorensen,RET,1988-03-13,Southern Utah State; San Bernardino Valley,77.0,230.0,2013.0,2013.0,221.0,7.0,LAC,"https://static.www.nfl.com/image/private/f_auto,q_auto/league/ogmnga3ptx7icuuwvp4b"
101,Brad Wright,WRI113260,Brad Wright,,Bradley,Wright,,RET,1959-05-15,New Mexico,74.0,209.0,,1982.0,,,,"https://static.www.nfl.com/image/private/f_auto,q_auto/league/cctkcho3rpnpqtla3wk2"
102,Bradlee Van Pelt,00-0022774,Bradlee Van Pelt,,Bradlee,Van Pelt,,RET,1980-07-03,Colorado State; Michigan State,74.0,220.0,2004.0,2005.0,250.0,7.0,DEN,"https://static.www.nfl.com/image/private/f_auto,q_auto/league/fyudhqgmbqgadcdvql1o"
103,Brady Cook,00-0040398,Brady Cook,Brady,Brady,Cook,B.Cook,ACT,2001-10-12,Missouri,74.0,215.0,,2025.0,,,,"https://static.www.nfl.com/image/upload/f_auto,q_auto/league/sk8u7zzg7e3t4vu7xesg"
104,Brady Quinn,00-0025409,Brady Quinn,,Brayden,Quinn,,RET,1984-10-27,Notre Dame,75.0,235.0,2007.0,2007.0,22.0,1.0,CLE,"https://static.www.nfl.com/image/private/f_auto,q_auto/league/ezqavugaagjzhsqhoicz"
105,Brandon Allen,00-0032434,Brandon Allen,Brandon,Brandon,Allen,B.Allen,ACT,1992-09-05,Arkansas,74.0,209.0,2016.0,2016.0,201.0,6.0,JAX,"https://static.www.nfl.com/image/upload/f_auto,q_auto/league/cz7oluypd7ahkdrr8net"
106,Brandon Doman,00-0021276,Brandon Doman,,Brandon,Doman,,RET,1976-12-29,BYU,73.0,210.0,,2002.0,,,,"https://static.www.nfl.com/image/private/f_auto,q_auto/league/a7dj1fp7wpnuloy6nay9"
107,Brandon Doughty,00-0032446,Brandon Doughty,Brandon,Brandon,Doughty,B.Doughty,RET,1991-10-06,Western Kentucky,75.0,212.0,2016.0,2016.0,223.0,7.0,MIA,"https://static.www.nfl.com/image/private/f_auto,q_auto/league/mi5u3it8slmdwrndjswe"
108,Brandon Weeden,00-0029677,Brandon Weeden,Brandon,Brandon,Weeden,B.Weeden,RET,1983-10-14,Oklahoma State,75.0,230.0,2012.0,2012.0,22.0,1.0,CLE,"https://static.www.nfl.com/image/private/f_auto,q_auto/league/m8oocp4p9nskilnakgnw"
109,Brendan Folmar,FOL575019,Brendan Folmar,,Brendan,Folmar,,RET,1964-04-02,California (PA),73.0,200.0,,1987.0,,,,"https://static.www.nfl.com/image/private/f_auto,q_auto/league/wmp7rqj4malpgo2ku8w4"
110,Brent Pease,PEA657533,Brent Pease,,Brent,Pease,,RET,1964-10-08,Montana; Walla Walla Community College,74.0,201.0,1987.0,1987.0,295.0,11.0,MIN,"https://static.www.nfl.com/image/private/f_auto,q_auto/league/xjcai92wba5np8xljymu"
111,Brett Basanez,00-0023859,Brett Basanez,,Brett,Basanez,,RET,1983-05-11,Northwestern,73.0,208.0,,2006.0,,,,"https://static.www.nfl.com/image/private/f_auto,q_auto/league/osljtnrsfhkfcksem8vo"
112,Brett Elliott,00-0024074,Brett Elliott,,Brett,Elliott,,RET,1982-06-11,Linfield College,75.0,210.0,,2006.0,,,,"https://static.www.nfl.com/image/private/f_auto,q_auto/league/n6nhpatvrcr6bpqqadew"
113,Brett Favre,00-0005106,Brett Favre,,Brett,Favre,,RET,1969-10-10,Southern Mississippi,74.0,222.0,1991.0,1991.0,33.0,2.0,ATL,"https://static.www.nfl.com/image/private/f_auto,q_auto/league/m3sggjgdqlp4jqpxktvr"
114,Brett Hundley,00-0031589,Brett Hundley,Brett,Brett,Hundley,B.Hundley,RET,1993-06-15,UCLA,75.0,226.0,2015.0,2015.0,147.0,5.0,GB,"https://static.www.nfl.com/image/private/f_auto,q_auto/league/lgplktjykzjrnjsn9x8y"
115,Brett Ratliff,00-0025694,Brett Ratliff,,Brett,Ratliff,,RET,1985-08-08,Utah,76.0,224.0,,2007.0,,,,"https://static.www.nfl.com/image/private/f_auto,q_auto/league/obh30jlrbt56746hhk4a"
116,Brett Rypien,00-0034955,Brett Rypien,Brett,Brett,Rypien,B.Rypien,INA,1996-07-09,Boise State,74.0,210.0,,2019.0,,,,"https://static.www.nfl.com/image/upload/f_auto,q_auto/league/aagqym9xmd5rligbbacq"
117,Brian Brohm,00-0026196,Brian Brohm,,Brian,Brohm,,RET,1985-09-23,Louisville,75.0,223.0,2008.0,2008.0,56.0,2.0,GB,"https://static.www.nfl.com/image/private/f_auto,q_auto/league/higwz87n2wlxhnud6jsb"
118,Brian Dowling,DOW507573,Brian Dowling,,Brian,Dowling,,RET,1947-04-01,Yale,74.0,210.0,,1977.0,,,,"https://static.www.nfl.com/image/private/f_auto,q_auto/league/ryygxniuqnxuwjrx8c3v"
119,Brian Griese,00-0006423,Brian Griese,,Brian,Griese,,RET,1975-03-18,Michigan,75.0,214.0,1998.0,1998.0,91.0,3.0,DEN,"https://static.www.nfl.com/image/private/f_auto,q_auto/league/h4yl6l8aqzgdqcjrckvk"
120,Brian Hoyer,00-0026625,Brian Hoyer,Brian,Brian,Hoyer,B.Hoyer,RET,1985-10-13,Michigan State,74.0,216.0,,2009.0,,,,"https://static.www.nfl.com/image/private/f_auto,q_auto/league/japt3mj2xctm7saqndxn"
121,Brian Lewerke,00-0036092,Brian Lewerke,Brian,Brian,Lewerke,B.Lewerke,RET,1996-10-24,Michigan State,75.0,216.0,,2021.0,,,,"https://static.www.nfl.com/image/private/f_auto,q_auto/league/gp12el16qbz9rmkcqe5i"
122,Brian McClure,MCC440165,Brian McClure,,Brian,McClure,,RET,1963-12-28,Bowling Green,78.0,222.0,1986.0,1987.0,313.0,12.0,BUF,"https://static.www.nfl.com/image/private/f_auto,q_auto/league/tring4b3bgkhfuuupzjg"
123,Brian Ransom,RAN719836,Brian Ransom,,Brian,Ransom,,RET,1960-07-09,Tennessee State,75.0,205.0,,1983.0,,,,"https://static.www.nfl.com/image/private/f_auto,q_auto/league/abw7masrargmwztksygw"
124,Brian Sipe,SIP415291,Brian Sipe,,Brian,Sipe,,RET,1949-08-08,San Diego State; Grossmont,73.0,195.0,,1974.0,,,,"https://static.www.nfl.com/image/private/f_auto,q_auto/league/jhbdhtvt0rltvbzlgzlx"
125,Brian St. Pierre,00-0022101,Brian St. Pierre,,Brian,St. Pierre,,RET,1979-11-28,Boston College,75.0,224.0,2003.0,2003.0,163.0,5.0,PIT,"https://static.www.nfl.com/image/private/f_auto,q_auto/league/zusihxxqq20yclhzcijf"
126,Brock Berlin,00-0023158,Brock Berlin,,Brock,Berlin,,RET,1981-07-04,Miami; Florida,73.0,215.0,,2007.0,,,,"https://static.www.nfl.com/image/private/f_auto,q_auto/league/oxkpflmrqjh6mb5h7fzw"
127,Brock Huard,00-0007834,Brock Huard,,Brock,Huard,,RET,1976-04-15,Washington,76.0,232.0,1999.0,1999.0,77.0,3.0,SEA,"https://static.www.nfl.com/image/private/f_auto,q_auto/league/emvt28h4jcox0ve35nhq"
128,Brock Osweiler,00-0029682,Brock Osweiler,Brock,Brock,Osweiler,B.Osweiler,RET,1990-11-22,Arizona State,79.0,240.0,2012.0,2012.0,57.0,2.0,DEN,"https://static.www.nfl.com/image/private/f_auto,q_auto/league/pwkmtgeitdi79qtumb2x"
129,Brock Purdy,00-0037834,Brock Purdy,Brock,Brock,Purdy,B.Purdy,ACT,1999-12-27,Iowa State,73.0,220.0,2022.0,2022.0,262.0,7.0,SF,"https://static.www.nfl.com/image/upload/f_auto,q_auto/league/xs2fyj1sqdgwvt9ihbri"
130,Brodie Croyle,00-0024300,Brodie Croyle,,John,Croyle,,RET,1983-02-06,Alabama,74.0,206.0,2006.0,2006.0,85.0,3.0,KC,"https://static.www.nfl.com/image/private/f_auto,q_auto/league/ypraex2eb8whvtwzfgr9"
131,Brooks Bollinger,00-0022026,Brooks Bollinger,,Brooks,Bollinger,,RET,1979-11-15,Wisconsin,73.0,205.0,2003.0,2003.0,200.0,6.0,NYJ,"https://static.www.nfl.com/image/private/f_auto,q_auto/league/r2jiwdsifzzmcjfhwyou"
132,Browning Nagle,00-0011907,Browning Nagle,,Browning,Nagle,,RET,1968-04-29,Louisville; West Virginia,75.0,220.0,1991.0,1991.0,34.0,2.0,NYJ,"https://static.www.nfl.com/image/private/f_auto,q_auto/league/lk5zappcpcjpzrvftohz"
133,Bruce Eugene,00-0023769,Bruce Eugene,,Bruce,Eugene,,RET,1982-06-20,Grambling State,72.0,283.0,,2007.0,,,,"https://static.www.nfl.com/image/private/f_auto,q_auto/league/papdxgeam93qbuxmojdr"
134,Bruce Gradkowski,00-0024408,Bruce Gradkowski,,Bruce,Gradkowski,,RET,1983-01-27,Toledo,73.0,217.0,2006.0,2006.0,194.0,6.0,TB,"https://static.www.nfl.com/image/private/f_auto,q_auto/league/mihpjxwfsrgjyqwikwsa"
135,Bruce Lemmerman,,,,,,,,,,,,,,,,,
136,Bruce Mathison,MAT266407,Bruce Mathison,,Bruce,Mathison,,RET,1959-04-25,Nebraska,75.0,205.0,1983.0,1983.0,272.0,10.0,LAC,"https://static.www.nfl.com/image/private/f_auto,q_auto/league/mfh4naoydptvc7d80oy9"
137,Bryan Clark,CLA487491,Bryan Clark,,Monte,Clark,,RET,1960-07-27,Michigan State,74.0,198.0,1982.0,1982.0,251.0,9.0,SF,"https://static.www.nfl.com/image/private/f_auto,q_auto/league/eqb1o6o2oyug61ncgzwi"
138,Bryan Randall,00-0023237,Bryan Randall,,Bryan,Randall,,RET,1983-08-16,Virginia Tech,72.0,228.0,,2006.0,,,,"https://static.www.nfl.com/image/private/f_auto,q_auto/league/qim9z6fsvwynot3nhspf"
139,Bryce Perkins,00-0035939,Bryce Perkins,Bryce,Bryce,Perkins,B.Perkins,CUT,1996-12-20,Virginia,75.0,215.0,,2020.0,,,,"https://static.www.nfl.com/image/private/f_auto,q_auto/league/mouuxpmyg8wgcrtfc0tr"
140,Bryce Petty,00-0031568,Bryce Petty,Bryce,Bryce,Petty,B.Petty,RET,1991-05-31,Baylor,75.0,226.0,2015.0,2015.0,103.0,4.0,NYJ,"https://static.www.nfl.com/image/private/f_auto,q_auto/league/ptb0vcf2vqqittc5qown"
141,Bryce Young,00-0039150,Bryce Young,Bryce,Bryce,Young,B.Young,ACT,2001-07-25,Alabama,70.0,204.0,2023.0,2023.0,1.0,1.0,CAR,"https://static.www.nfl.com/image/upload/f_auto,q_auto/league/vcvhmxvxw2a3armle0af"
142,Bryn Renner,00-0030673,Bryn Renner,,Bryn,Renner,,RET,1990-01-22,North Carolina,75.0,225.0,,2015.0,,,,"https://static.www.nfl.com/image/private/f_auto,q_auto/league/findy9vivohpsfrkkdqy"
143,Bryson Spinner,00-0022649,Bryson Spinner,,Bryson,Spinner,,RET,1980-11-07,Richmond,75.0,235.0,,2006.0,,,,"https://static.www.nfl.com/image/private/f_auto,q_auto/league/ijobdvq8uwxsiagzyyay"
144,Bubby Brister,00-0001785,Bubby Brister,,Walter,Brister,,RET,1962-08-15,Louisiana-Monroe; Tulane,75.0,212.0,1986.0,1986.0,67.0,3.0,PIT,"https://static.www.nfl.com/image/private/f_auto,q_auto/league/lzu8o971sntflaerjakm"
145,Bucky Richardson,00-0013671,Bucky Richardson,,John,Richardson,,RET,1969-02-07,Texas A&M,73.0,228.0,1992.0,1992.0,220.0,8.0,HOU,"https://static.www.nfl.com/image/private/f_auto,q_auto/league/vzgiabpu5orbfyperlhy"
146,Buddy Humphrey,,,,,,,,,,,,,,,,,
147,Butch Songin,,,,,,,,,,,,,,,,,
148,Byron Leftwich,00-0022177,Byron Leftwich,,Byron,Leftwich,,RET,1980-01-14,Marshall,77.0,250.0,2003.0,2003.0,7.0,1.0,JAX,"https://static.www.nfl.com/image/private/f_auto,q_auto/league/zmv2cxypb5s0nhtpq3nq"
149,C.J. Beathard,00-0033936,C.J. Beathard,C.J.,Casey,Beathard,C.Beathard,DEV,1993-11-16,Iowa,74.0,215.0,2017.0,2017.0,104.0,3.0,SF,"https://static.www.nfl.com/image/private/f_auto,q_auto/league/yw8euaevcvwswbx5w27w"
150,C.J. Stroud,00-0039163,C.J. Stroud,C.J.,Coleridge,Stroud,C.Stroud,ACT,2001-10-03,Ohio State,75.0,218.0,2023.0,2023.0,2.0,1.0,HOU,"https://static.www.nfl.com/image/upload/f_auto,q_auto/league/tt4zrtxlhifaljhj0rn7"
151,Cade Klubnik,00-0041056,Cade Klubnik,Cade,Cade,Klubnik,C.Klubnik,RET,2003-10-10,Clemson,74.0,207.0,2026.0,2026.0,110.0,4.0,NYJ,"https://static.www.nfl.com/image/upload/f_auto,q_auto/league/sqsxavkryojbysy4kq85"
152,Cade McNown,00-0011044,Cade McNown,,Cade,McNown,,RET,1977-01-12,UCLA,73.0,210.0,1999.0,1999.0,12.0,1.0,CHI,"https://static.www.nfl.com/image/private/f_auto,q_auto/league/m8v7lbfvronpjqfr7k3e"
153,Caleb Hanie,00-0025970,Caleb Hanie,,Caleb,Hanie,,RET,1985-09-11,Colorado State,74.0,222.0,,2008.0,,,,"https://static.www.nfl.com/image/private/f_auto,q_auto/league/tndlddsxf4ounmnjc6xm"
154,Caleb Williams,00-0039918,Caleb Williams,Caleb,Caleb,Williams,C.Williams,ACT,2001-11-18,USC; Oklahoma,73.0,226.0,2024.0,2024.0,1.0,1.0,CHI,"https://static.www.nfl.com/image/upload/f_auto,q_auto/league/h4qs11kutwiw7whekmyt"
155,Cam Miller,00-0040222,Cam Miller,Cam,Cam,Miller,C.Miller,INA,2001-06-18,North Dakota State,72.0,211.0,2025.0,2025.0,215.0,6.0,OAK,"https://static.www.nfl.com/image/upload/f_auto,q_auto/league/kzi3uhytwrzsdjgi8vel"
156,Cam Newton,00-0027939,Cam Newton,Cam,Cameron,Newton,C.Newton,RET,1989-05-11,Auburn; Blinn College; Florida,77.0,245.0,2011.0,2011.0,1.0,1.0,CAR,"https://static.www.nfl.com/image/private/f_auto,q_auto/league/zwmgw2gmnn2kch4nquft"
157,Cam Ward,00-0040676,Cam Ward,Cameron,Cameron,Ward,C.Ward,ACT,2002-05-25,Miami; Washington State; Incarnate Word,74.0,219.0,2025.0,2025.0,1.0,1.0,TEN,"https://static.www.nfl.com/image/upload/f_auto,q_auto/league/l7switu6stlwd2irm8yo"
158,Cardale Jones,00-0033098,Cardale Jones,Cardale,Cardale,Jones,C.Jones,RET,1992-09-29,Ohio State,77.0,250.0,2016.0,2016.0,139.0,4.0,BUF,"https://static.www.nfl.com/image/private/f_auto,q_auto/league/we5tadbw4htpyierf8qv"
159,Carl Summerell,SUM255564,Carl Summerell,,Carl,Summerell,,RET,1951-12-06,East Carolina,76.0,208.0,1974.0,1974.0,80.0,4.0,NYG,"https://static.www.nfl.com/image/private/f_auto,q_auto/league/kunvi1lsjunwrf7xg0eu"
160,Carlos Brown,BRO290904,Carlos Brown,,Carlos,Brown,,RET,1952-07-31,University of U. of Pacific,75.0,210.0,1975.0,1975.0,296.0,12.0,GB,"https://static.www.nfl.com/image/private/f_auto,q_auto/league/wnqelm69jeuneensj8zv"
161,Carson Beck,00-0041561,Carson Beck,Carson,Carson,Beck,C.Beck,RET,2001-11-19,Miami; Georgia,76.0,233.0,2026.0,2026.0,65.0,3.0,ARI,"https://static.www.nfl.com/image/upload/f_auto,q_auto/league/yvybqpgnezk75h9rpobv"
162,Carson Palmer,00-0021429,Carson Palmer,Carson,Carson,Palmer,C.Palmer,RET,1979-12-27,USC,77.0,235.0,2003.0,2003.0,1.0,1.0,CIN,"https://static.www.nfl.com/image/private/f_auto,q_auto/league/belgna3tokxga0gjjmwk"
163,Carson Strong,00-0037139,Carson Strong,Carson,Carson,Strong,C.Strong,RET,1999-09-14,Nevada,76.0,215.0,,2022.0,,,,
164,Carson Wentz,00-0032950,Carson Wentz,Carson,Carson,Wentz,C.Wentz,RES,1992-12-30,North Dakota State,77.0,237.0,2016.0,2016.0,2.0,1.0,PHI,"https://static.www.nfl.com/image/upload/f_auto,q_auto/league/vuolixdvigc8axelug66"
165,Carter Bradley,00-0039534,Carter Bradley,Carter,Carter,Bradley,C.Bradley,DEV,2000-03-09,South Alabama; Toledo,75.0,213.0,,2024.0,,,,"https://static.www.nfl.com/image/upload/f_auto,q_auto/league/kw2ogega4ojum3hyecya"
166,Cary Conklin,00-0003367,Cary Conklin,,Cary,Conklin,,RET,1968-02-29,Washington,76.0,225.0,1990.0,1991.0,86.0,4.0,WAS,"https://static.www.nfl.com/image/private/f_auto,q_auto/league/qvbq9eydwu2oul0bry23"
167,Case Cookus,00-0035812,Case Cookus,Case,Stephen,Cookus,C.Cookus,RET,1995-10-06,Northern Arizona,76.0,205.0,,2022.0,,,,
168,Case Keenum,00-0028986,Case Keenum,Case,Casey,Keenum,C.Keenum,INA,1988-02-17,Houston,73.0,220.0,,2012.0,,,,"https://static.www.nfl.com/image/upload/f_auto,q_auto/league/weixhyzal4ntsyszyepu"
169,Casey Bramlet,00-0022829,Casey Bramlet,,Casey,Bramlet,,RET,1981-04-02,Wyoming,76.0,225.0,,2004.0,,,,"https://static.www.nfl.com/image/private/f_auto,q_auto/league/rcl0uipuwtiir1o1cazq"
170,Casey Printers,00-0023739,Casey Printers,,Casey,Printers,,RET,1981-05-16,Florida A&M; TCU,74.0,222.0,,2006.0,,,,"https://static.www.nfl.com/image/private/f_auto,q_auto/league/ahkzn64s67uuxtz5bhnq"
171,Casey Weldon,00-0017415,Casey Weldon,,William,Weldon,,RET,1969-02-03,Florida State,73.0,206.0,1992.0,1992.0,102.0,4.0,PHI,"https://static.www.nfl.com/image/private/f_auto,q_auto/league/tvwz7qljivozzmydzmu5"
172,Chad Henne,00-0026197,Chad Henne,Chad,Chad,Henne,C.Henne,RET,1985-07-02,Michigan,75.0,230.0,2008.0,2008.0,57.0,2.0,MIA,"https://static.www.nfl.com/image/private/f_auto,q_auto/league/ornr9pcnzveqlntqc7jx"
173,Chad Hutchinson,00-0020562,Chad Hutchinson,,Chad,Hutchinson,,RET,1977-02-21,Stanford,77.0,237.0,,2002.0,,,,"https://static.www.nfl.com/image/private/f_auto,q_auto/league/owr2ulkwnwna0dp7yi3x"
174,Chad Kanoff,00-0034478,Chad Kanoff,Chad,Charles,Kanoff,C.Kanoff,RET,1994-10-06,Princeton,76.0,227.0,,2018.0,,,,"https://static.www.nfl.com/image/private/f_auto,q_auto/league/sf0sippgf2y82qkmrna6"
175,Chad Kelly,00-0033597,Chad Kelly,Chad,Chad,Kelly,C.Kelly,RET,1994-03-26,Mississippi; East Mississippi JC; Clemson,74.0,216.0,2017.0,2017.0,253.0,7.0,DEN,"https://static.www.nfl.com/image/private/f_auto,q_auto/league/vm3zbbbmm13xuipdkids"
176,Chad May,00-0010587,Chad May,,Chad,May,,RET,1971-09-28,Kansas State; California State-Fullerton,73.0,219.0,,1995.0,,,,"https://static.www.nfl.com/image/private/f_auto,q_auto/league/nkkd4hhg78nywceekjig"
177,Chad Pennington,00-0019559,Chad Pennington,,James,Pennington,,RET,1976-06-26,Marshall,75.0,225.0,2000.0,2000.0,18.0,1.0,NYJ,"https://static.www.nfl.com/image/private/f_auto,q_auto/league/jnzw6ssk5byxcwugbr6x"
178,Chandler Harnish,00-0029554,Chandler Harnish,,Chandler,Harnish,,RET,1988-07-28,Northern Illinois,74.0,222.0,2012.0,2012.0,253.0,7.0,IND,"https://static.www.nfl.com/image/private/f_auto,q_auto/league/bsnydlgd1hw3lmt7lepk"
179,Charley Johnson,JOH121425,Charley Johnson,,Charles,Johnson,,RET,1938-11-22,New Mexico State; Schreiner Junior College,73.0,200.0,,1974.0,,,,"https://static.www.nfl.com/image/private/f_auto,q_auto/league/yg2xwz7tamnbhcxjhdny"
180,Charley Trippi,,,,,,,,,,,,,,,,,
181,Charlie Batch,00-0000865,Charlie Batch,,Charles,Batch,,RET,1974-12-05,Eastern Michigan,74.0,216.0,1998.0,1998.0,60.0,2.0,DET,"https://static.www.nfl.com/image/private/f_auto,q_auto/league/isysgvqm3qaxybeyhece"
182,Charlie Conerly,,,,,,,,,,,,,,,,,
183,Charlie Frye,00-0023502,Charlie Frye,,Charles,Frye,,RET,1981-08-28,Akron,76.0,220.0,2005.0,2005.0,67.0,3.0,CLE,"https://static.www.nfl.com/image/private/f_auto,q_auto/league/tzagnaxc5mk9gsgdfzch"
184,Charlie Whitehurst,00-0024296,Charlie Whitehurst,,Charlie,Whitehurst,,RET,1982-08-06,Clemson,77.0,226.0,2006.0,2006.0,81.0,3.0,LAC,"https://static.www.nfl.com/image/private/f_auto,q_auto/league/taj8zdymlqd9vscjitk0"
185,Chase Daniel,00-0026544,Chase Daniel,Chase,William,Daniel,C.Daniel,RET,1986-10-07,Missouri,72.0,229.0,,2009.0,,,,"https://static.www.nfl.com/image/private/f_auto,q_auto/league/jt8fvgeyuhsbpo9m9t4x"
186,Chase Garbers,00-0037507,Chase Garbers,Chase,Chase,Garbers,C.Garbers,RET,1999-06-06,California,74.0,215.0,,2022.0,,,,"https://static.www.nfl.com/image/private/f_auto,q_auto/league/vkujx75f2sv9qvir7myn"
187,Chase Litton,00-0034291,Chase Litton,Chase,Chase,Litton,C.Litton,RET,1995-10-05,Marshall,77.0,230.0,,2018.0,,,,"https://static.www.nfl.com/image/private/f_auto,q_auto/league/ntxhtal75arhvsh0sy9y"
188,Chris Chandler,00-0002876,Chris Chandler,,Christopher,Chandler,,RET,1965-10-12,Washington,76.0,224.0,1988.0,1988.0,76.0,3.0,IND,"https://static.www.nfl.com/image/private/f_auto,q_auto/league/yrkv7xnpwcfljbhpgz6w"
189,Chris Dittoe,00-0004341,Chris Dittoe,,Chris,Dittoe,,RET,1973-08-01,Indiana,77.0,232.0,,1998.0,,,,"https://static.www.nfl.com/image/private/f_auto,q_auto/league/yq4cwzvzzmzyux3egg2a"
190,Chris Greisen,00-0006410,Chris Greisen,,Christopher,Greisen,,RET,1976-07-02,NW Missouri State University,75.0,219.0,1999.0,1999.0,239.0,7.0,ARI,"https://static.www.nfl.com/image/private/f_auto,q_auto/league/tmjmwlhacslgjsest3mt"
191,Chris Hakel,00-0006626,Chris Hakel,,Chris,Hakel,,RET,1969-08-09,William & Mary,74.0,230.0,,1992.0,,,,"https://static.www.nfl.com/image/private/f_auto,q_auto/league/gbaevd12pgg2mupabxxz"
192,Chris Miller,00-0011244,Chris Miller,,Christopher,Miller,,RET,1965-08-09,Oregon,74.0,212.0,1987.0,1987.0,13.0,1.0,ATL,"https://static.www.nfl.com/image/private/f_auto,q_auto/league/eiw2i7hukjtbs8doow2b"
193,Chris Oladokun,00-0037324,Chris Oladokun,Chris,Chris,Oladokun,C.Oladokun,ACT,1997-09-03,South Dakota State,73.0,213.0,2022.0,2022.0,241.0,7.0,PIT,"https://static.www.nfl.com/image/upload/f_auto,q_auto/league/qnyw1gqkqfll2lxppzlv"
194,Chris Pizzotti,00-0026657,Chris Pizzotti,,Chris,Pizzotti,,RET,1986-06-29,Harvard,77.0,225.0,,2009.0,,,,"https://static.www.nfl.com/image/private/f_auto,q_auto/league/z7nzqijwdvnysjcujm8q"
195,Chris Redman,00-0019709,Chris Redman,,Chris,Redman,,RET,1977-07-07,Louisville,75.0,225.0,2000.0,2000.0,75.0,3.0,BAL,"https://static.www.nfl.com/image/private/f_auto,q_auto/league/slil2r5ubipg0eu3l3ae"
196,Chris Simms,00-0022005,Chris Simms,,Christopher,Simms,,RET,1980-08-29,Texas,76.0,230.0,2003.0,2003.0,97.0,3.0,TB,"https://static.www.nfl.com/image/private/f_auto,q_auto/league/w518cn63vg4detgszuzp"
197,Chris Streveler,00-0035752,Chris Streveler,Chris,Christopher,Streveler,C.Streveler,RET,1995-01-06,South Dakota; Minnesota,73.0,216.0,,2020.0,,,,"https://static.www.nfl.com/image/private/f_auto,q_auto/league/epyvfplm9neqqvzsj2q8"
198,Chris Swartz,00-0015956,Chris Swartz,,Chris,Swartz,,RET,1968-03-24,Morehead State University,75.0,195.0,,1994.0,,,,"https://static.www.nfl.com/image/private/f_auto,q_auto/league/e0cr9rll8u3flcp5vjlo"
199,Chris Weinke,00-0020434,Chris Weinke,,Christopher,Weinke,,RET,1972-07-31,Florida State,76.0,232.0,2001.0,2001.0,106.0,4.0,CAR,"https://static.www.nfl.com/image/private/f_auto,q_auto/league/vxvuxyebud8nijct31u3"
200,Christian Hackenberg,00-0032953,Christian Hackenberg,Christian,Christian,Hackenberg,C.Hackenberg,RET,1995-02-14,Penn State,76.0,228.0,2016.0,2016.0,51.0,2.0,NYJ,"https://static.www.nfl.com/image/private/f_auto,q_auto/league/lpq0emntudfmgycvqyu9"
201,Christian Ponder,00-0027950,Christian Ponder,Christian,Christian,Ponder,,RET,1988-02-25,Florida State,74.0,230.0,2011.0,2011.0,12.0,1.0,MIN,"https://static.www.nfl.com/image/private/f_auto,q_auto/league/zbs6aql0ucbsqdrclqrs"
202,Chuck Clements,00-0003108,Chuck Clements,,Chad,Clements,,RET,1973-09-29,Houston,75.0,214.0,1997.0,1997.0,191.0,6.0,NYJ,"https://static.www.nfl.com/image/private/f_auto,q_auto/league/hg39xatz1vouhpylamzf"
203,Chuck Fusina,FUS276861,Chuck Fusina,,Charles,Fusina,,RET,1957-05-31,Penn State,73.0,197.0,1979.0,1979.0,133.0,5.0,TB,"https://static.www.nfl.com/image/private/f_auto,q_auto/league/orae1kznn5sm43irzrnp"
204,Chuck Long,00-0010054,Chuck Long,,Charles,Long,,RET,1963-02-18,Iowa,76.0,217.0,1986.0,1986.0,12.0,1.0,DET,"https://static.www.nfl.com/image/private/f_auto,q_auto/league/v0dburnmc8qsown5ylbc"
205,Chuck Ortmann,,,,,,,,,,,,,,,,,
206,Clayton Thorson,00-0035283,Clayton Thorson,Clayton,Clayton,Thorson,C.Thorson,RET,1995-06-15,Northwestern,76.0,222.0,2019.0,2019.0,167.0,5.0,PHI,"https://static.www.nfl.com/image/private/f_auto,q_auto/league/j4eji9bgr03bgovsa7kz"
207,Clayton Tune,00-0038582,Clayton Tune,Clayton,Clayton,Tune,C.Tune,CUT,1999-03-23,Houston,75.0,220.0,2023.0,2023.0,139.0,5.0,ARI,"https://static.www.nfl.com/image/upload/f_auto,q_auto/league/qf8khbyllgjzfyqd3yuz"
208,Cleo Lemon,00-0020565,Cleo Lemon,,Cleotha,Lemon,,RET,1979-08-16,Arkansas State,74.0,215.0,,2004.0,,,,"https://static.www.nfl.com/image/private/f_auto,q_auto/league/aod0obzhjjdrvqpqgsum"
209,Cliff Olander,OLA415291,Cliff Olander,,Clifford,Olander,,RET,1955-05-15,New Mexico State,77.0,191.0,1977.0,1977.0,128.0,5.0,LAC,"https://static.www.nfl.com/image/private/f_auto,q_auto/league/yg2adbkvexc1jr0xe7vv"
210,Cliff Stoudt,00-0015777,Cliff Stoudt,,Clifford,Stoudt,,RET,1955-03-27,Youngstown State,76.0,215.0,1977.0,1977.0,121.0,5.0,PIT,"https://static.www.nfl.com/image/private/f_auto,q_auto/league/lhkeihzoy2tletzrlfn9"
211,Clint Longley,LON695888,Clint Longley,,Howard,Longley,,RET,1952-07-28,Abilene Christian,73.0,193.0,1974.0,1974.0,1.0,1.0,CIN,"https://static.www.nfl.com/image/private/f_auto,q_auto/league/qpt2zsa70sfljwqdlavl"
212,Clint Stoerner,00-0019442,Clint Stoerner,,Clinton,Stoerner,,RET,1977-12-29,Arkansas,74.0,225.0,,2000.0,,,,"https://static.www.nfl.com/image/private/f_auto,q_auto/league/ltypnq9otpteo5qqwg4i"
213,Cody Carlson,00-0002642,Cody Carlson,,Matthew,Carlson,,RET,1963-11-05,Baylor,75.0,202.0,1987.0,1987.0,64.0,3.0,HOU,"https://static.www.nfl.com/image/private/f_auto,q_auto/league/zqe8bpj3sz3gj7xmlurz"
214,Cody Kessler,00-0033104,Cody Kessler,Cody,Cody,Kessler,C.Kessler,RET,1993-05-11,USC,73.0,215.0,2016.0,2016.0,93.0,3.0,CLE,"https://static.www.nfl.com/image/private/f_auto,q_auto/league/gkvutiyutml2atftmu09"
215,Cody Pickett,00-0022731,Cody Pickett,,Cody,Pickett,,RET,1980-06-30,Washington,75.0,227.0,2004.0,2004.0,217.0,7.0,SF,"https://static.www.nfl.com/image/private/f_auto,q_auto/league/wxgg1ppgzum8llkt9fad"
216,Cole Payton,00-0040891,Cole Payton,Cole,Cole,Payton,C.Payton,RET,2002-10-26,North Dakota State,74.0,233.0,2026.0,2026.0,178.0,5.0,PHI,"https://static.www.nfl.com/image/upload/f_auto,q_auto/league/qt8hajjwkvpynr8nwepz"
217,Colin Kaepernick,00-0027974,Colin Kaepernick,Colin,Colin,Kaepernick,,RET,1987-11-03,Nevada,76.0,230.0,2011.0,2011.0,36.0,2.0,SF,"https://static.www.nfl.com/image/private/f_auto,q_auto/league/qgwfhbsrryni5fcxbl6a"
218,Colt Brennan,00-0026326,Colt Brennan,,Colt,Brennan,,RET,1983-08-16,Hawaii; Saddleback Community College; Colorado,75.0,206.0,2008.0,2008.0,186.0,6.0,WAS,"https://static.www.nfl.com/image/private/f_auto,q_auto/league/opablck1nsh7coan5jjk"
219,Colt McCoy,00-0027688,Colt McCoy,Colt,Daniel,McCoy,C.McCoy,RET,1986-09-05,Texas,73.0,212.0,2010.0,2010.0,85.0,3.0,CLE,"https://static.www.nfl.com/image/private/f_auto,q_auto/league/jqdwuhtcovhdnqno0mhg"
220,Connor Bazelak,00-0040415,Connor Bazelak,Connor,Connor,Bazelak,C.Bazelak,INA,2000-09-22,Bowling Green; Indiana; Missouri,75.0,225.0,,2025.0,,,,"https://static.www.nfl.com/image/upload/f_auto,q_auto/league/bac9zwjhpy5rbcr6zrug"
221,Connor Cook,00-0032893,Connor Cook,Connor,Connor,Cook,C.Cook,RET,1993-01-29,Michigan State,76.0,215.0,2016.0,2016.0,100.0,4.0,OAK,"https://static.www.nfl.com/image/private/f_auto,q_auto/league/j2v4kefi8je2l5q4tmxe"
222,Connor Shaw,00-0030661,Connor Shaw,Connor,Connor,Shaw,C.Shaw,RET,1991-09-19,South Carolina,73.0,210.0,,2014.0,,,,"https://static.www.nfl.com/image/private/f_auto,q_auto/league/wni9fjikvlbolbnhmcbw"
223,Cooper Rush,00-0033662,Cooper Rush,Cooper,Cooper,Rush,C.Rush,INA,1993-11-21,Central Michigan; Tarrant County JC,75.0,225.0,,2017.0,,,,"https://static.www.nfl.com/image/upload/f_auto,q_auto/league/mwrtykpswz7nbfisqlmj"
224,Cory Sauter,00-0014384,Cory Sauter,,Cory,Sauter,,RET,1974-11-21,Minnesota,76.0,216.0,,1999.0,,,,"https://static.www.nfl.com/image/private/f_auto,q_auto/league/nh16y9ssyil8o6ohhpxs"
225,Cotton Davidson,,,,,,,,,,,,,,,,,
226,Craig Bradshaw,BRA321842,Craig Bradshaw,,William,Bradshaw,,RET,1957-08-14,Utah State; Louisiana Tech,77.0,215.0,1980.0,1980.0,182.0,7.0,HOU,"https://static.www.nfl.com/image/private/f_auto,q_auto/league/k6nt6rtegn8sc36cxxri"
227,Craig Erickson,00-0004925,Craig Erickson,,Craig,Erickson,,RET,1969-05-17,Miami,74.0,213.0,1992.0,1992.0,86.0,4.0,TB,"https://static.www.nfl.com/image/private/f_auto,q_auto/league/im5vivd8jjrofw9iwswn"
228,Craig Krenzel,00-0022818,Craig Krenzel,,Craig,Krenzel,,RET,1981-07-01,Ohio State,76.0,228.0,2004.0,2004.0,148.0,5.0,CHI,"https://static.www.nfl.com/image/private/f_auto,q_auto/league/qhzxwubnl7x0yts6d5no"
229,Craig Kupp,KUP540972,Craig Kupp,,Craig,Kupp,,RET,1967-04-14,Pacific Lutheran University; Montana College of Technology,76.0,215.0,1990.0,1991.0,135.0,5.0,NYG,"https://static.www.nfl.com/image/private/f_auto,q_auto/league/kcvneihmknoqng0guhsg"
230,Craig Morton,MOR805125,Craig Morton,,Larry,Morton,,RET,1943-02-05,California,76.0,214.0,,1974.0,,,,"https://static.www.nfl.com/image/private/f_auto,q_auto/league/l6oeiikjiactlghgkf6o"
231,Craig Nall,00-0021277,Craig Nall,,Craig,Nall,,RET,1979-04-21,Northwestern State (LA); LSU,75.0,245.0,2002.0,2002.0,164.0,5.0,GB,"https://static.www.nfl.com/image/private/f_auto,q_auto/league/jdnc4zi1r6b0r9ksd0kq"
232,Craig Ochs,00-0023373,Craig Ochs,,Craig,Ochs,,RET,1981-08-20,Montana,74.0,210.0,,2006.0,,,,"https://static.www.nfl.com/image/private/f_auto,q_auto/league/itvo1xewtkyv8aalqkmr"
233,Craig Penrose,PEN638910,Craig Penrose,,Craig,Penrose,,RET,1953-07-25,San Diego State; Colorado,75.0,211.0,1976.0,1976.0,107.0,4.0,DEN,"https://static.www.nfl.com/image/private/f_auto,q_auto/league/vmpeojoc8ejd0lhxv4oh"
234,Craig Whelihan,00-0017497,Craig Whelihan,,Craig,Whelihan,,RET,1971-04-15,University of U. of Pacific; Oregon State,77.0,220.0,1995.0,1995.0,197.0,6.0,LAC,"https://static.www.nfl.com/image/private/f_auto,q_auto/league/no123axcwoni3gmbxa4d"
235,Cullen Finnerty,00-0025759,Cullen Finnerty,,Cullen,Finnerty,,RET,1982-08-18,Grand Valley,74.0,223.0,,2007.0,,,,"https://static.www.nfl.com/image/private/f_auto,q_auto/league/jbkscqwl7u0msqed8xwi"
236,Curtis Painter,00-0027134,Curtis Painter,,Curtis,Painter,,RET,1985-06-24,Purdue,76.0,230.0,2009.0,2009.0,201.0,6.0,IND,"https://static.www.nfl.com/image/private/f_auto,q_auto/league/c4ukkuonh3ol8o7dc25y"
237,D'Eriq King,00-0037201,D'Eriq King,D'Eriq,D'Eriq,King,D.King,RET,1997-08-24,Miami; Houston,71.0,202.0,,2022.0,,,,
238,D.J. Shockley,00-0024437,D.J. Shockley,,Donald,Shockley,,RET,1983-03-23,Georgia,72.0,218.0,,2006.0,,,,"https://static.www.nfl.com/image/private/f_auto,q_auto/league/tofeerw7ojma3kih2cpm"
239,DJ Uiagalelei,00-0040464,DJ Uiagalelei,D.J.,DJ,Uiagalelei,D.Uiagalelei,DEV,2001-04-17,Florida State; Oregon State; Clemson,76.0,252.0,,2025.0,,,,"https://static.www.nfl.com/image/upload/f_auto,q_auto/league/uxkbvrw5eu41udzsesnu"
240,Dak Prescott,00-0033077,Dak Prescott,Dak,Rayne,Prescott,D.Prescott,ACT,1993-07-29,Mississippi State,74.0,230.0,2016.0,2016.0,135.0,4.0,DAL,"https://static.www.nfl.com/image/upload/f_auto,q_auto/league/yvscmqq1qki8zfsemmcd"
241,Dalton Bell,00-0024652,Dalton Bell,,Dalton,Bell,,RET,1983-03-09,West Texas State,74.0,206.0,,2007.0,,,,"https://static.www.nfl.com/image/private/f_auto,q_auto/league/cdymeemwaolvlssvwowr"
242,Dameyune Craig,00-0003600,Dameyune Craig,,Dameyune,Craig,,RET,1974-04-19,Auburn,73.0,200.0,,1998.0,,,,"https://static.www.nfl.com/image/private/f_auto,q_auto/league/px34d4jf9tw1e32fkw4l"
243,Damon Huard,00-0007835,Damon Huard,,Damon,Huard,,RET,1973-07-09,Washington,75.0,218.0,,1997.0,,,,"https://static.www.nfl.com/image/private/f_auto,q_auto/league/xertseiinipmodedwo4b"
244,Dan Darragh,,,,,,,,,,,,,,,,,
245,Dan Fouts,FOU692150,Dan Fouts,,Daniel,Fouts,,RET,1951-06-10,Oregon,75.0,204.0,,1974.0,,,,"https://static.www.nfl.com/image/private/f_auto,q_auto/league/jubsyezxh2cl5gzo4dow"
246,Dan Gonzalez,00-0006096,Dan Gonzalez,,Dan,Gonzalez,,RET,1974-09-20,East Carolina,75.0,214.0,,1998.0,,,,"https://static.www.nfl.com/image/private/f_auto,q_auto/league/vq6rzjbtt2cnrqtpyzpm"
247,Dan LeFevour,00-0027605,Dan LeFevour,Dan,Daniel,LeFevour,,RET,1987-03-19,Central Michigan,75.0,230.0,2010.0,2010.0,181.0,6.0,CHI,"https://static.www.nfl.com/image/private/f_auto,q_auto/league/g16iihdpcrfuvcah8wik"
248,Dan Manucci,MAN734712,Dan Manucci,,Daniel,Manucci,,RET,1957-09-03,Kansas State; Mesa CC,74.0,196.0,1979.0,1979.0,116.0,5.0,BUF,"https://static.www.nfl.com/image/private/f_auto,q_auto/league/jot949cryyg8md5op1d9"
249,Dan Marino,00-0010379,Dan Marino,,Daniel,Marino,,RET,1961-09-15,Pittsburgh,76.0,228.0,1983.0,1983.0,27.0,1.0,MIA,"https://static.www.nfl.com/image/private/f_auto,q_auto/league/jk97vzadmthvdyu8mbr2"
250,Dan McGwire,00-0010904,Dan McGwire,,Daniel,McGwire,,RET,1967-12-18,San Diego State; Iowa,80.0,240.0,1991.0,1991.0,16.0,1.0,SEA,"https://static.www.nfl.com/image/private/f_auto,q_auto/league/kuculoenhcm9ytzfa6g9"
251,Dan Orlovsky,00-0023578,Dan Orlovsky,Dan,Daniel,Orlovsky,D.Orlovsky,RET,1983-08-18,Connecticut,77.0,215.0,2005.0,2005.0,145.0,5.0,DET,"https://static.www.nfl.com/image/private/f_auto,q_auto/league/vr8juuraecwssjnviglf"
252,Dan Pastorini,PAS719836,Dan Pastorini,,Dante,Pastorini,,RET,1949-05-26,Santa Clara University,74.0,208.0,,1974.0,,,,"https://static.www.nfl.com/image/private/f_auto,q_auto/league/mu1zq5rtlvvdlaeb4sfa"
253,Daniel Jones,00-0035710,Daniel Jones,Daniel,Daniel,Jones,D.Jones,RES,1997-05-27,Duke,77.0,230.0,2019.0,2019.0,6.0,1.0,NYG,"https://static.www.nfl.com/image/upload/f_auto,q_auto/league/ohvvctuykzwrpqer7xgl"
254,Danny Etling,00-0034423,Danny Etling,Danny,Daniel,Etling,D.Etling,RET,1994-07-22,LSU; Purdue,75.0,220.0,2018.0,2018.0,219.0,7.0,NE,"https://static.www.nfl.com/image/private/f_auto,q_auto/league/hwnnjviruogxkjiuzwwu"
255,Danny Kanell,00-0009007,Danny Kanell,,Daniel,Kanell,,RET,1973-11-21,Florida State,75.0,218.0,1996.0,1996.0,130.0,4.0,NYG,"https://static.www.nfl.com/image/private/f_auto,q_auto/league/xfagnwy90alhzdypsnn4"
256,Danny McManus,MCM232561,Danny McManus,,Daniel,McManus,,RET,1965-06-17,Florida State,72.0,200.0,,1988.0,,,,"https://static.www.nfl.com/image/private/f_auto,q_auto/league/ofknejuf8jzavt1nfrx2"
257,Danny White,WHI578584,Danny White,,Wilford,White,,RET,1952-02-09,Arizona State,74.0,193.0,1974.0,1976.0,53.0,3.0,DAL,"https://static.www.nfl.com/image/private/f_auto,q_auto/league/z0qceljtywyvmj2z0jis"
258,Danny Wuerffel,00-0018333,Danny Wuerffel,,Daniel,Wuerffel,,RET,1974-05-27,Florida,73.0,212.0,1997.0,1997.0,99.0,4.0,NO,"https://static.www.nfl.com/image/private/f_auto,q_auto/league/uitgt9ptnhl2c0bxmwow"
259,Darrell Hackney,00-0023943,Darrell Hackney,,Darrell,Hackney,,RET,1983-08-07,UAB,72.0,248.0,,2007.0,,,,"https://static.www.nfl.com/image/private/f_auto,q_auto/league/jo8mbqus1xygcnu1d1sd"
260,Daryle Lamonica,LAM732855,Daryle Lamonica,,Daryle,Lamonica,,RET,1941-07-17,Notre Dame,75.0,215.0,,1974.0,,,,"https://static.www.nfl.com/image/private/f_auto,q_auto/league/hwx2mzehcjxjxtpwzba1"
261,Daunte Culpepper,00-0003739,Daunte Culpepper,,Daunte,Culpepper,,RET,1977-01-28,UCF,76.0,260.0,1999.0,1999.0,11.0,1.0,MIN,"https://static.www.nfl.com/image/private/f_auto,q_auto/league/vmvl5xojgtwm6jadhy7l"
262,Dave Barr,00-0000819,Dave Barr,,David,Barr,,RET,1972-05-09,California,75.0,210.0,1995.0,1995.0,119.0,4.0,PHI,"https://static.www.nfl.com/image/private/f_auto,q_auto/league/ovdl4tx6bxojrprazuml"
263,Dave Brown,00-0001907,Dave Brown,,David,Brown,,RET,1970-02-25,Duke,78.0,230.0,1992.0,1992.0,1.0,1.0,NYG,"https://static.www.nfl.com/image/private/f_auto,q_auto/league/dufnybaaskdsr6ax2sps"
264,Dave Dickenson,00-0019765,Dave Dickenson,,Dave,Dickenson,,RET,1973-01-11,Montana,71.0,185.0,,2001.0,,,,"https://static.www.nfl.com/image/private/f_auto,q_auto/league/mokrrxnqpofe5aiqtqdo"
265,Dave Krieg,00-0009475,Dave Krieg,,David,Krieg,,RET,1958-10-20,Milton College,73.0,200.0,,1980.0,,,,"https://static.www.nfl.com/image/private/f_auto,q_auto/league/srx5ku7mit9cvbapch11"
266,Dave Mays,MAY729901,Dave Mays,,David,Mays,,RET,1949-06-20,Texas Southern,73.0,204.0,,1976.0,,,,"https://static.www.nfl.com/image/private/f_auto,q_auto/league/ivnrbfnfzblngqsiuvlw"
267,Dave Rader,RAD310135,Dave Rader,,James,Rader,,RET,1957-03-09,Tulsa,75.0,215.0,,1979.0,,,,"https://static.www.nfl.com/image/private/f_auto,q_auto/league/xjnzvazyfzj1ydcjvemu"
268,Dave Ragone,00-0022091,Dave Ragone,,David,Ragone,,RET,1979-10-03,Louisville,75.0,225.0,2003.0,2003.0,88.0,3.0,HOU,"https://static.www.nfl.com/image/private/f_auto,q_auto/league/ao5q2tsim1s1l97bxarq"
269,Dave Walter,WAL638880,Dave Walter,,David,Walter,,RET,1964-12-09,Michigan Tech University,75.0,230.0,1987.0,1987.0,307.0,11.0,NYG,"https://static.www.nfl.com/image/private/f_auto,q_auto/league/llxrbqgnrila6pmw4s9p"
270,Dave Wilson,WIL672048,Dave Wilson,,David,Wilson,,RET,1959-04-27,Illinois; Fullerton,75.0,206.0,1981.0,1981.0,1.0,1.0,NO,"https://static.www.nfl.com/image/private/f_auto,q_auto/league/lxppdhwvuubfppm4uuzd"
271,David Archer,00-0000406,David Archer,,David,Archer,,RET,1962-02-15,Iowa State; Snow,74.0,200.0,,1984.0,,,,"https://static.www.nfl.com/image/private/f_auto,q_auto/league/evvc9571w3sqipjkkxl0"
272,David Blough,00-0035040,David Blough,David,David,Blough,D.Blough,RET,1995-07-31,Purdue,73.0,207.0,,2019.0,,,,"https://static.www.nfl.com/image/private/f_auto,q_auto/league/enumsdgbnfykd6znzeck"
273,David Carr,00-0020608,David Carr,,David,Carr,,RET,1979-07-21,Fresno State,75.0,212.0,2002.0,2002.0,1.0,1.0,HOU,"https://static.www.nfl.com/image/private/f_auto,q_auto/league/raoec7zczzr8ooz0vutw"
274,David Fales,00-0031076,David Fales,David,David,Fales,D.Fales,RET,1990-10-04,San Jose State; Monterey Peninsula; Nevada,74.0,213.0,2014.0,2014.0,183.0,6.0,CHI,"https://static.www.nfl.com/image/private/f_auto,q_auto/league/ia2suxqu26medpwikspy"
275,David Garrard,00-0021231,David Garrard,,David,Garrard,,RET,1978-02-14,East Carolina,73.0,236.0,2002.0,2002.0,108.0,4.0,JAX,"https://static.www.nfl.com/image/private/f_auto,q_auto/league/ogcdepv291fwwguy3zho"
276,David Greene,00-0023520,David Greene,,David,Greene,,RET,1982-06-22,Georgia,75.0,226.0,,2005.0,,,,"https://static.www.nfl.com/image/private/f_auto,q_auto/league/z2qdnrmezutcko3ikfae"
277,David Humm,HUM166116,David Humm,,David,Humm,,RET,1952-04-02,Nebraska,74.0,188.0,1975.0,1975.0,128.0,5.0,OAK,"https://static.www.nfl.com/image/private/f_auto,q_auto/league/jmsabgyygnp8aig2qpfr"
278,David Jaynes,JAY553722,David Jaynes,,David,Jaynes,,RET,1952-12-12,Kansas,74.0,212.0,1974.0,1974.0,66.0,3.0,KC,"https://static.www.nfl.com/image/private/f_auto,q_auto/league/ver88bze6qpxh9jjrb0n"
279,David Klingler,00-0009331,David Klingler,,David,Klingler,,RET,1969-02-17,Houston,75.0,215.0,1992.0,1992.0,6.0,1.0,CIN,"https://static.www.nfl.com/image/private/f_auto,q_auto/league/awileyiayqolyddhirtg"
280,David Lindley,LIN200480,David Lindley,,David,Lindley,,RET,1964-12-21,Linfield College,72.0,190.0,,1987.0,,,,"https://static.www.nfl.com/image/private/f_auto,q_auto/league/mkvclks2ffyajyzxbgpu"
281,David Norrie,NOR397232,David Norrie,,David,Norrie,,RET,1963-11-30,UCLA,76.0,220.0,1986.0,1987.0,291.0,11.0,SEA,"https://static.www.nfl.com/image/private/f_auto,q_auto/league/jpsjleiemkqynj7l5jbs"
282,David Rivers,00-0019957,David Rivers,,David,Rivers,,RET,1977-09-01,Western Carolina,74.0,221.0,,2004.0,,,,"https://static.www.nfl.com/image/private/f_auto,q_auto/league/emfddhy1lqmkj1s2hwpo"
283,David Whitehurst,WHI643908,David Whitehurst,,Charles,Whitehurst,,RET,1955-04-27,Furman,74.0,204.0,1977.0,1977.0,206.0,8.0,GB,"https://static.www.nfl.com/image/private/f_auto,q_auto/league/llgg5esqg5yxw961lonq"
284,David Woodley,WOO320562,David Woodley,,David,Woodley,,RET,1958-10-25,LSU,74.0,204.0,1980.0,1980.0,214.0,8.0,MIA,"https://static.www.nfl.com/image/private/f_auto,q_auto/league/oopqirpipkq1coe9z8dg"
285,Davis Cheek,00-0037360,Davis Cheek,Davis,Davis,Cheek,D.Cheek,RET,1999-02-26,Elon,75.0,217.0,,2022.0,,,,"https://static.www.nfl.com/image/private/f_auto,q_auto/league/rdzkgmreas3pyeknexv8"
286,Davis Mills,00-0036898,Davis Mills,Davis,Davis,Mills,D.Mills,ACT,1998-10-21,Stanford,76.0,225.0,2021.0,2021.0,67.0,3.0,HOU,"https://static.www.nfl.com/image/upload/f_auto,q_auto/league/jh9e97vjzmeafx8jz0sn"
287,Davis Webb,00-0033550,Davis Webb,Davis,Davis,Webb,D.Webb,RET,1995-01-22,California; Texas Tech,77.0,225.0,2017.0,2017.0,87.0,3.0,NYG,"https://static.www.nfl.com/image/private/f_auto,q_auto/league/rxvilxbyuvwvorzzxhxf"
288,DeShone Kizer,00-0033899,DeShone Kizer,DeShone,DeShone,Kizer,D.Kizer,RET,1996-01-03,Notre Dame,76.0,235.0,2017.0,2017.0,52.0,2.0,CLE,"https://static.www.nfl.com/image/private/f_auto,q_auto/league/ajaqaaxoogjnfgxduv4u"
289,Dean Carlson,CAR118638,Dean Carlson,,Dean,Carlson,,RET,1950-08-01,Iowa State,75.0,210.0,,1974.0,,,,"https://static.www.nfl.com/image/private/f_auto,q_auto/league/vai0a3eorfkejx9ccprc"
290,Dean May,MAY050338,Dean May,,Dean,May,,RET,1962-05-26,Louisville,77.0,220.0,1984.0,1984.0,138.0,5.0,MIA,"https://static.www.nfl.com/image/private/f_auto,q_auto/league/opocyqawuhowo5lbeont"
291,Dennis Claridge,,,,,,,,,,,,,,,,,
292,Dennis Dixon,00-0026296,Dennis Dixon,,Dennis,Dixon,,RET,1985-01-11,Oregon,75.0,215.0,2008.0,2008.0,156.0,5.0,PIT,"https://static.www.nfl.com/image/private/f_auto,q_auto/league/cqwnypjswvhf5t13e3o8"
293,Dennis Morrison,MOR576300,Dennis Morrison,,Dennis,Morrison,,RET,1951-05-18,Kansas State,75.0,211.0,,1974.0,,,,"https://static.www.nfl.com/image/private/f_auto,q_auto/league/mdjabxky0rkyzecfsgmv"
294,Dennis Shaw,SHA553722,Dennis Shaw,,Dennis,Shaw,,RET,1947-03-03,San Diego State; USC; Mt. San Antonio,75.0,217.0,,1974.0,,,,"https://static.www.nfl.com/image/private/f_auto,q_auto/league/cznmmo3vt0uur6pbabwg"
295,Dennis Sproul,SPR738296,Dennis Sproul,,Dennis,Sproul,,RET,1956-07-17,Arizona State,74.0,210.0,1978.0,1978.0,200.0,8.0,GB,"https://static.www.nfl.com/image/private/f_auto,q_auto/league/dzzcdcapqcupo1jx0vr2"
296,Derek Anderson,00-0023645,Derek Anderson,Derek,Derek,Anderson,D.Anderson,RET,1983-06-15,Oregon State,78.0,235.0,2005.0,2005.0,213.0,6.0,BAL,"https://static.www.nfl.com/image/private/f_auto,q_auto/league/w191gsxivnqgdwgydka6"
297,Derek Carr,00-0031280,Derek Carr,Derek,Derek,Carr,D.Carr,RET,1991-03-28,Fresno State,75.0,215.0,2014.0,2014.0,36.0,2.0,OAK,"https://static.www.nfl.com/image/upload/f_auto,q_auto/league/qsz1pyrlu6bmvby6maaf"
298,Deshaun Watson,00-0033537,Deshaun Watson,Deshaun,Derrick,Watson,D.Watson,RES,1995-09-14,Clemson,75.0,223.0,2017.0,2017.0,12.0,1.0,HOU,"https://static.www.nfl.com/image/private/f_auto,q_auto/league/otfs2docj6eahaebo5xn"
299,Desmond Ridder,00-0038122,Desmond Ridder,Desmond,Desmond,Ridder,D.Ridder,INA,1999-08-31,Cincinnati,75.0,207.0,2022.0,2022.0,74.0,3.0,ATL,"https://static.www.nfl.com/image/upload/f_auto,q_auto/league/rhpusa7pfgd82d9ui6y7"
300,Devin Leary,00-0039801,Devin Leary,Devin,Devin,Leary,D.Leary,CUT,1999-09-10,Kentucky; N.C. State,73.0,215.0,2024.0,2024.0,218.0,6.0,BAL,"https://static.www.nfl.com/image/upload/f_auto,q_auto/league/srbaw0itijtfo40uzsdt"
301,Devlin Hodges,00-0035577,Devlin Hodges,Devlin,Devlin,Hodges,D.Hodges,RET,1996-04-12,Samford,73.0,210.0,,2019.0,,,,"https://static.www.nfl.com/image/private/f_auto,q_auto/league/z5c3pa2yd7uefaexblem"
302,Dewey Warren,,,,,,,,,,,,,,,,,
303,Dick Jamieson,,,,,,,,,,,,,,,,,
304,Dick Shiner,SHI264271,Dick Shiner,,Richard,Shiner,,RET,1942-07-18,Maryland,72.0,201.0,,1974.0,,,,"https://static.www.nfl.com/image/private/f_auto,q_auto/league/tvk6pwyhn74ivikopjw6"
305,Dick Wood,,,,,,,,,,,,,,,,,
306,Dieter Brock,BRO046920,Dieter Brock,,Ralph,Brock,,RET,1951-02-12,Auburn; Jacksonville State,72.0,195.0,,1985.0,,,,"https://static.www.nfl.com/image/private/f_auto,q_auto/league/jyooeq5f4yj9d4vwj9mc"
307,Dillon Gabriel,00-0040704,Dillon Gabriel,Dillon,Dillon,Gabriel,D.Gabriel,ACT,2000-12-28,Oregon; Oklahoma; UCF,71.0,205.0,2025.0,2025.0,94.0,3.0,CLE,"https://static.www.nfl.com/image/upload/f_auto,q_auto/league/szpyvusef9jvoctbnkbk"
308,Dominique Davis,00-0028863,Dominique Davis,,Dominique,Davis,,RET,1989-07-17,East Carolina; Boston College; Fort Scott CC,75.0,210.0,,2012.0,,,,"https://static.www.nfl.com/image/private/f_auto,q_auto/league/gdsdeixrmlrdstbxmhcb"
309,Don Breaux,,,,,,,,,,,,,,,,,
310,Don Gault,,,,,,,,,,,,,,,,,
311,Don Heinrich,,,,,,,,,,,,,,,,,
312,Don Horn,HOR118652,Don Horn,,Donald,Horn,,RET,1945-03-09,San Diego State; Washington State; LAHC,74.0,195.0,,1974.0,,,,"https://static.www.nfl.com/image/private/f_auto,q_auto/league/yntiir9ap1u3p9yzvsi0"
313,Don Majkowski,00-0010284,Don Majkowski,,Donald,Majkowski,,RET,1964-02-25,Virginia,74.0,208.0,1987.0,1987.0,255.0,10.0,GB,"https://static.www.nfl.com/image/private/f_auto,q_auto/league/hfp8aw90oamg2v3qvjcj"
314,Don McPherson,MCP519110,Don McPherson,,Donald,McPherson,,RET,1965-04-02,Syracuse,73.0,183.0,,1988.0,,,,"https://static.www.nfl.com/image/private/f_auto,q_auto/league/yssb0iswonaxfelioeqc"
315,Don Meredith,,,,,,,,,,,,,,,,,
316,Don Milan,MIL016446,Don Milan,,Donald,Milan,,RET,1949-01-12,Cal Poly (San Luis Obispo),75.0,200.0,,1974.0,,,,"https://static.www.nfl.com/image/private/f_auto,q_auto/league/gnlij5ad2pkmzkggxlhc"
317,Don Panciera,,,,,,,,,,,,,,,,,
318,Don Strock,STR534926,Don Strock,,Donald,Strock,,RET,1950-11-27,Virginia Tech,77.0,220.0,,1974.0,,,,"https://static.www.nfl.com/image/private/f_auto,q_auto/league/n9pjpwjn4d3xda0llwzi"
319,Don Trull,,,,,,,,,,,,,,,,,
320,Donald Hollas,00-0007601,Donald Hollas,,Donald,Hollas,,RET,1967-11-22,Rice,75.0,205.0,1991.0,1991.0,99.0,4.0,CIN,"https://static.www.nfl.com/image/private/f_auto,q_auto/league/j0dpbo21b8tmkllbhxq3"
321,Donovan McNabb,00-0011022,Donovan McNabb,,Donovan,McNabb,,RET,1976-11-25,Syracuse,74.0,240.0,1999.0,1999.0,2.0,1.0,PHI,"https://static.www.nfl.com/image/private/f_auto,q_auto/league/wd6jjtwdweq7v3ya2pet"
322,Dorian Thompson-Robinson,00-0038583,Dorian Thompson-Robinson,Dorian,Dorian,Thompson-Robinson,D.Thompson-Robinson,CUT,1999-11-14,UCLA,74.0,203.0,2023.0,2023.0,140.0,5.0,CLE,"https://static.www.nfl.com/image/upload/f_auto,q_auto/league/ujuyt3hpswlin3aahmhu"
323,Doug Flutie,00-0005363,Doug Flutie,,Douglas,Flutie,,RET,1962-10-23,Boston College,70.0,180.0,1985.0,1986.0,285.0,11.0,LAR,"https://static.www.nfl.com/image/private/f_auto,q_auto/league/unmsud4qh5emea93d31q"
324,Doug Gaynor,GAY747522,Doug Gaynor,,Ralph,Gaynor,,RET,1963-07-05,California State - Long Beach; Fresno City College,74.0,205.0,1986.0,1986.0,99.0,4.0,CIN,"https://static.www.nfl.com/image/private/f_auto,q_auto/league/bqjn93ez7cdmgydx4h22"
325,Doug Hudson,HUD237805,Doug Hudson,,Benjamin,Hudson,,RET,1964-09-11,Nicholls State,74.0,201.0,1987.0,1987.0,186.0,7.0,KC,"https://static.www.nfl.com/image/private/f_auto,q_auto/league/acl67z9kn65eejpi8hhg"
326,Doug Johnson,00-0019087,Doug Johnson,,Douglas,Johnson,,RET,1977-10-27,Florida,74.0,218.0,,2000.0,,,,"https://static.www.nfl.com/image/private/f_auto,q_auto/league/qmruhueityco0jsiyfjq"
327,Doug Nussmeier,00-0012226,Doug Nussmeier,,Douglas,Nussmeier,,RET,1970-12-11,Idaho,75.0,211.0,1994.0,1994.0,116.0,4.0,NO,"https://static.www.nfl.com/image/private/f_auto,q_auto/league/aqwmbbqibmmsbxjmmquu"
328,Doug Pederson,00-0012726,Doug Pederson,,Douglas,Pederson,,RET,1968-01-31,Louisiana-Monroe,75.0,222.0,,1993.0,,,,"https://static.www.nfl.com/image/private/f_auto,q_auto/league/qe4j7iaaaq0iz8dma3ev"
329,Doug Williams,WIL247171,Doug Williams,,Douglas,Williams,,RET,1955-08-09,Grambling State,76.0,220.0,1978.0,1978.0,17.0,1.0,TB,"https://static.www.nfl.com/image/private/f_auto,q_auto/league/bfbjfeajryl0w71u5rwk"
330,Drake Maye,00-0039851,Drake Maye,Drake,Drake,Maye,D.Maye,ACT,2002-08-30,North Carolina,76.0,225.0,2024.0,2024.0,3.0,1.0,NE,"https://static.www.nfl.com/image/upload/f_auto,q_auto/league/s1nmoon2xnrc3bnyulv4"
331,Dresser Winn,00-0038385,Dresser Winn,Dresser,Dresser,Winn,D.Winn,CUT,1998-11-11,Tennessee-Martin,75.0,215.0,,2023.0,,,,"https://static.www.nfl.com/image/upload/f_auto,q_auto/league/bebtktnxlirbg8fs8fcy"
332,Drew Allar,00-0041565,Drew Allar,Drew,Drew,Allar,D.Allar,RET,2004-03-08,Penn State,77.0,228.0,2026.0,2026.0,76.0,3.0,PIT,"https://static.www.nfl.com/image/upload/f_auto,q_auto/league/sphuqnfrtzwsgeugeycz"
333,Drew Anderson,00-0035483,Drew Anderson,Drew,Drew,Anderson,D.Anderson,RET,1995-10-18,Murray State,76.0,221.0,,2019.0,,,,"https://static.www.nfl.com/image/private/f_auto,q_auto/league/dyrcn10kc4f4ff5a3b1v"
334,Drew Bledsoe,00-0001361,Drew Bledsoe,,Drew,Bledsoe,,RET,1972-02-14,Washington State,77.0,238.0,1993.0,1993.0,1.0,1.0,NE,"https://static.www.nfl.com/image/private/f_auto,q_auto/league/asbipakyrn90khbmi7xo"
335,Drew Brees,00-0020531,Drew Brees,Drew,Drew,Brees,D.Brees,RET,1979-01-15,Purdue,72.0,209.0,2001.0,2001.0,32.0,2.0,LAC,"https://static.www.nfl.com/image/private/f_auto,q_auto/league/bt6nv11jgsirnuymookt"
336,Drew Henson,00-0022181,Drew Henson,,Drew,Henson,,RET,1980-02-13,Michigan,76.0,235.0,2003.0,2004.0,192.0,6.0,HOU,"https://static.www.nfl.com/image/private/f_auto,q_auto/league/rsamlgtvqzsysysdas49"
337,Drew Lock,00-0035704,Drew Lock,Drew,Paul,Lock,D.Lock,ACT,1996-11-10,Missouri,76.0,228.0,2019.0,2019.0,42.0,2.0,DEN,"https://static.www.nfl.com/image/upload/f_auto,q_auto/league/vdixnkk1uglfpwowalf8"
338,Drew Olson,00-0024149,Drew Olson,,Drew,Olson,,RET,1983-04-06,UCLA,74.0,222.0,,2006.0,,,,"https://static.www.nfl.com/image/private/f_auto,q_auto/league/cldhz2lyfp1uo6qe0omm"
339,Drew Plitt,00-0038137,Drew Plitt,Drew,Steven,Plitt,D.Plitt,RET,1998-01-09,Ball State,74.0,217.0,,2023.0,,,,"https://static.www.nfl.com/image/private/f_auto,q_auto/league/vyjxnbi0aw3eozooxp2y"
340,Drew Stanton,00-0025430,Drew Stanton,Drew,Drew,Stanton,D.Stanton,RET,1984-05-07,Michigan State,75.0,226.0,2007.0,2007.0,43.0,2.0,DET,"https://static.www.nfl.com/image/private/f_auto,q_auto/league/di5hc0mwbomreqx7ojbu"
341,Drew Willy,00-0026865,Drew Willy,,Drew,Willy,,RET,1986-11-13,Buffalo,75.0,217.0,,2009.0,,,,"https://static.www.nfl.com/image/private/f_auto,q_auto/league/yenkmaizegsgrsr0jhd6"
342,Dustin Vaughan,00-0030970,Dustin Vaughan,Dustin,Dustin,Vaughan,,RET,1991-01-27,West Texas State,77.0,240.0,,2014.0,,,,"https://static.www.nfl.com/image/private/f_auto,q_auto/league/i1bru9pufhfd12qcoedo"
343,Dwayne Haskins,00-0035232,Dwayne Haskins,Dwayne,Dwayne,Haskins,D.Haskins,RET,1997-05-03,Ohio State,76.0,230.0,2019.0,2019.0,15.0,1.0,WAS,"https://static.www.nfl.com/image/private/f_auto,q_auto/league/cctguuvjeglkuo1o6yvx"
344,Dylan Thompson,00-0031510,Dylan Thompson,Dylan,Dylan,Thompson,,RET,1991-10-25,South Carolina,75.0,218.0,,2015.0,,,,"https://static.www.nfl.com/image/private/f_auto,q_auto/league/m8yok4jvclvc53c6u8oa"
345,E.J. Perry,00-0037068,E.J. Perry,E.J.,Ernest,Perry,E.Perry,RET,1998-08-16,Brown,74.0,210.0,,2022.0,,,,"https://static.www.nfl.com/image/private/f_auto,q_auto/league/yfyq8swc5hv8odqlvl6n"
346,EJ Manuel,00-0030526,EJ Manuel,EJ,Erik,Manuel,E.Manuel,RET,1990-03-19,Florida State,76.0,237.0,2013.0,2013.0,16.0,1.0,BUF,"https://static.www.nfl.com/image/private/f_auto,q_auto/league/day0kzescuwievdhlacd"
347,Eagle Day,,,,,,,,,,,,,,,,,
348,Earl Morrall,MOR305100,Earl Morrall,,Earl,Morrall,,RET,1934-05-17,Michigan State,73.0,205.0,,1974.0,,,,"https://static.www.nfl.com/image/private/f_auto,q_auto/league/tu0czgfywu5r5ybfgwzo"
349,Easton Stick,00-0035282,Easton Stick,Easton,Easton,Stick,E.Stick,ACT,1995-09-09,North Dakota State,73.0,224.0,2019.0,2019.0,166.0,5.0,LAC,"https://static.www.nfl.com/image/upload/f_auto,q_auto/league/rspxeh6kxzfr7ftkcywh"
350,Ed Blount,BLO498348,Ed Blount,,Edward,Blount,,RET,1964-02-26,Washington State,72.0,195.0,,1987.0,,,,"https://static.www.nfl.com/image/private/f_auto,q_auto/league/b7p53trmsvlzzsyzyk9d"
351,Ed Brown,,,,,,,,,,,,,,,,,
352,Ed Burns,BUR514124,Ed Burns,,Edward,Burns,,RET,1954-12-07,Nebraska,75.0,210.0,,1978.0,,,,"https://static.www.nfl.com/image/private/f_auto,q_auto/league/plc29jfrbxtgb4ak0ndw"
353,Ed Luther,LUT276861,Ed Luther,,Edward,Luther,,RET,1957-01-02,San Jose State,75.0,206.0,1980.0,1980.0,101.0,4.0,LAC,"https://static.www.nfl.com/image/private/f_auto,q_auto/league/p8bumbsjftk9d56tszhc"
354,Ed Mioduszewski,,,,,,,,,,,,,,,,,
355,Ed Rubbert,RUB118654,Ed Rubbert,,Edward,Rubbert,,RET,1964-05-28,Louisville,77.0,225.0,,1987.0,,,,"https://static.www.nfl.com/image/private/f_auto,q_auto/league/uldcyc0byofg5gboiboh"
356,Ed Rutkowski,,,,,,,,,,,,,,,,,
357,Edd Hargett,,,,,,,,,,,,,,,,,
358,Eddie LeBaron,,,,,,,,,,,,,,,,,
359,Eddie Wilson,,,,,,,,,,,,,,,,,
360,Eli Manning,00-0022803,Eli Manning,Eli,Elisha,Manning,E.Manning,RET,1981-01-03,Mississippi,77.0,218.0,2004.0,2004.0,1.0,1.0,LAC,"https://static.www.nfl.com/image/private/f_auto,q_auto/league/w51tf8uedjftbr4qpaex"
361,Elvis Grbac,00-0006300,Elvis Grbac,,Elvis,Grbac,,RET,1970-08-13,Michigan,77.0,240.0,1993.0,1993.0,219.0,8.0,SF,"https://static.www.nfl.com/image/private/f_auto,q_auto/league/s4ry52iclpzzgg1aave6"
362,Emory Jones,00-0039331,Emory Jones,Emory,Emory,Jones,E.Jones,RES,2000-04-29,Cincinnati; Arizona State; Florida,74.0,210.0,,2024.0,,,,"https://static.www.nfl.com/image/upload/f_auto,q_auto/league/sylrkvmucf7jauqhpcr6"
363,Eric Dungey,00-0035010,Eric Dungey,Eric,Eric,Dungey,E.Dungey,RET,1996-06-12,Syracuse,76.0,226.0,,2019.0,,,,"https://static.www.nfl.com/image/private/f_auto,q_auto/league/tbbeccvha9yuxwvir9xu"
364,Eric Hipple,HIP498348,Eric Hipple,,Eric,Hipple,,RET,1957-09-16,Utah State,74.0,196.0,1980.0,1980.0,85.0,4.0,DET,"https://static.www.nfl.com/image/private/f_auto,q_auto/league/bmbixu0mxxrxmdsc3grb"
365,Eric Kresser,00-0009471,Eric Kresser,,Eric,Kresser,,RET,1973-02-06,Marshall; Florida,74.0,223.0,,1997.0,,,,"https://static.www.nfl.com/image/private/f_auto,q_auto/league/cgt2gboo2imwv2nwxad6"
366,Eric Zeier,00-0018483,Eric Zeier,,Eric,Zeier,,RET,1972-09-06,Georgia,73.0,214.0,1995.0,1995.0,84.0,3.0,CLE,"https://static.www.nfl.com/image/private/f_auto,q_auto/league/qnheqzrnmuupnxcblqak"
367,Erik Ainge,00-0026302,Erik Ainge,,Erik,Ainge,,RET,1986-06-12,Tennessee,77.0,221.0,2008.0,2008.0,162.0,5.0,NYJ,"https://static.www.nfl.com/image/private/f_auto,q_auto/league/fxv8ozrp13i9st1qwok9"
368,Erik Kramer,00-0009451,Erik Kramer,,William,Kramer,,RET,1964-11-06,N.C. State; Pierce College,73.0,204.0,,1987.0,,,,"https://static.www.nfl.com/image/private/f_auto,q_auto/league/ki0klfaycq3bhbcrjddx"
369,Erik Wilhelm,00-0017673,Erik Wilhelm,,Erik,Wilhelm,,RET,1965-11-19,Oregon State,75.0,217.0,1989.0,1989.0,83.0,3.0,CIN,"https://static.www.nfl.com/image/private/f_auto,q_auto/league/wxr77gux79rgylz8aw8f"
370,Fernando Mendoza,00-0041562,Fernando Mendoza,Fernando,Fernando,Mendoza,F.Mendoza,RET,2003-10-01,Indiana; California,77.0,225.0,2026.0,2026.0,1.0,1.0,OAK,"https://static.www.nfl.com/image/upload/f_auto,q_auto/league/umygvel2pumkyvxt3jm9"
371,Fran Tarkenton,TAR369148,Fran Tarkenton,,Francis,Tarkenton,,RET,1940-02-03,Georgia,72.0,190.0,,1974.0,,,,"https://static.www.nfl.com/image/private/f_auto,q_auto/league/ihf6rynix853sp4e3sjp"
372,Frank Reich,00-0013558,Frank Reich,,Frank,Reich,,RET,1961-12-04,Maryland,76.0,210.0,1985.0,1985.0,57.0,3.0,BUF,"https://static.www.nfl.com/image/private/f_auto,q_auto/league/nkpm0bxnw4rcborbzelx"
373,Frank Ryan,,,,,,,,,,,,,,,,,
374,Frank Seurer,SEU415291,Frank Seurer,,Frank,Seurer,,RET,1962-08-16,Kansas,73.0,195.0,1984.0,1986.0,76.0,3.0,SEA,"https://static.www.nfl.com/image/private/f_auto,q_auto/league/mu1zsjfcosqvw5t603eg"
375,Frank Tripucka,,,,,,,,,,,,,,,,,
376,Frankie Albert,,,,,,,,,,,,,,,,,
377,Fred Besana,BES011864,Fred Besana,,Fred,Besana,,RET,1954-03-09,California,76.0,200.0,,1977.0,,,,"https://static.www.nfl.com/image/private/f_auto,q_auto/league/bjksybl8s2bxxnm4qdly"
378,Fred Enke,,,,,,,,,,,,,,,,,
379,Fred Mortensen,MOR766987,Fred Mortensen,,Fred,Mortensen,,RET,1954-03-24,Arizona State,74.0,195.0,,1979.0,,,,"https://static.www.nfl.com/image/private/f_auto,q_auto/league/lamv0xjckw3da5nnxgsl"
380,G.J. Kinne,00-0029041,G.J. Kinne,,Gary,Kinne,,RET,1988-12-01,Tulsa,74.0,218.0,,2013.0,,,,"https://static.www.nfl.com/image/private/f_auto,q_auto/league/q9itnknr47sdpgyytkkq"
381,Gale Gilbert,00-0005953,Gale Gilbert,,Gale,Gilbert,,RET,1961-12-20,California,75.0,209.0,,1985.0,,,,"https://static.www.nfl.com/image/private/f_auto,q_auto/league/qxjcyumzw5h3hody2l7i"
382,Galen Hall,,,,,,,,,,,,,,,,,
383,Gardner Minshew,00-0035289,Gardner Minshew,Gardner,Gardner,Minshew,G.Minshew,RES,1996-05-16,Washington State,73.0,225.0,2019.0,2019.0,178.0,6.0,JAX,"https://static.www.nfl.com/image/upload/f_auto,q_auto/league/knlacyr7rqfkcxiriudj"
384,Garrett Gilbert,00-0031395,Garrett Gilbert,Garrett,Garrett,Gilbert,G.Gilbert,RET,1991-07-01,SMU; Texas,76.0,221.0,2014.0,2014.0,214.0,6.0,LAR,"https://static.www.nfl.com/image/private/f_auto,q_auto/league/tqn0pjemxn7hoze93kwa"
385,Garrett Grayson,00-0032148,Garrett Grayson,Garrett,Garrett,Grayson,G.Grayson,RET,1991-05-29,Colorado State,74.0,220.0,2015.0,2015.0,75.0,3.0,NO,"https://static.www.nfl.com/image/private/f_auto,q_auto/league/z61wwuev8vtlodc1ph3t"
386,Garrett Nussmeier,00-0040906,Garrett Nussmeier,Garrett,Garrett,Nussmeier,G.Nussmeier,RET,2002-02-06,LSU,73.0,205.0,2026.0,2026.0,249.0,7.0,KC,"https://static.www.nfl.com/image/upload/f_auto,q_auto/league/uyidfkzfhuqaks3pmdeo"
387,Gary Cuozzo,,,,,,,,,,,,,,,,,
388,Gary Danielson,DAN622935,Gary Danielson,,Gary,Danielson,,RET,1951-09-10,Purdue,74.0,195.0,,1976.0,,,,"https://static.www.nfl.com/image/private/f_auto,q_auto/league/vag08i1oekw4yvjxphto"
389,Gary Hogeboom,HOG484505,Gary Hogeboom,,Gary,Hogeboom,,RET,1958-08-21,Central Michigan,76.0,200.0,1980.0,1980.0,133.0,5.0,DAL,"https://static.www.nfl.com/image/private/f_auto,q_auto/league/w9inwhfdml5yn7rxn8au"
390,Gary Huff,HUF155733,Gary Huff,,Gary,Huff,,RET,1951-04-27,Florida State,73.0,195.0,,1974.0,,,,"https://static.www.nfl.com/image/private/f_auto,q_auto/league/cv8ivflpgd6ojol8b4lc"
391,Gary Keithley,KEI415291,Gary Keithley,,Gary,Keithley,,RET,1951-01-11,Texas-El Paso; Texas; Alvin Community College,75.0,210.0,,1974.0,,,,"https://static.www.nfl.com/image/private/f_auto,q_auto/league/ympsuh0p6tcs9ijtwepy"
392,Gary Kerkorian,,,,,,,,,,,,,,,,,
393,Gary Kubiak,00-0009490,Gary Kubiak,,Gary,Kubiak,,RET,1961-08-15,Texas A&M,72.0,192.0,1983.0,1983.0,197.0,8.0,DEN,"https://static.www.nfl.com/image/private/f_auto,q_auto/league/e9tkipvmkvz3zoopendk"
394,Gary Lane,,,,,,,,,,,,,,,,,
395,Gary Marangi,MAR007099,Gary Marangi,,Gary,Marangi,,RET,1952-07-29,Boston College,73.0,201.0,1974.0,1974.0,70.0,3.0,BUF,"https://static.www.nfl.com/image/private/f_auto,q_auto/league/fezvxpo0eooxebxvfewr"
396,Gary Wood,,,,,,,,,,,,,,,,,
397,Gene Benhart,BEN062292,Gene Benhart,,Eugene,Benhart,,RET,1967-01-04,Western Illinois,76.0,216.0,,1990.0,,,,"https://static.www.nfl.com/image/private/f_auto,q_auto/league/uxj5gfxjxvkcs8tlchkr"
398,Geno Smith,00-0030565,Geno Smith,Geno,Eugene,Smith,G.Smith,INA,1990-10-10,West Virginia,75.0,221.0,2013.0,2013.0,39.0,2.0,NYJ,"https://static.www.nfl.com/image/upload/f_auto,q_auto/league/zppfqqcyjfma14jjif3a"
399,George Blanda,BLA674817,George Blanda,,George,Blanda,,RET,1927-09-17,Kentucky,74.0,215.0,,1974.0,,,,"https://static.www.nfl.com/image/private/f_auto,q_auto/league/aofp1gfh2uwiundjxs4h"
400,George Herring,,,,,,,,,,,,,,,,,
401,George Izo,,,,,,,,,,,,,,,,,
402,George Mira,,,,,,,,,,,,,,,,,
403,George Ratterman,,,,,,,,,,,,,,,,,
404,George Shaw,,,,,,,,,,,,,,,,,
405,George Taliaferro,,,,,,,,,,,,,,,,,
406,George Wilson,,,,,,,,,,,,,,,,,
407,Gibran Hamdan,00-0022112,Gibran Hamdan,,Gibran,Hamdan,,RET,1981-02-08,Indiana,76.0,220.0,2003.0,2003.0,232.0,7.0,WAS,"https://static.www.nfl.com/image/private/f_auto,q_auto/league/l1zemgrr4vkxemrpasoc"
408,Gifford Nielsen,NIE376848,Gifford Nielsen,,Stanley,Nielsen,,RET,1954-10-25,BYU,76.0,205.0,1978.0,1978.0,73.0,3.0,HOU,"https://static.www.nfl.com/image/private/f_auto,q_auto/league/gqcxmm0f00h6ezzth6qg"
409,Gilbert Renfroe,REN341999,Gilbert Renfroe,,Gilbert,Renfroe,,RET,1963-02-18,Tennessee State,73.0,195.0,,1990.0,,,,"https://static.www.nfl.com/image/private/f_auto,q_auto/league/viwfuym9wvnmizslmhud"
410,Gino Torretta,00-0016560,Gino Torretta,,Gino,Torretta,,RET,1970-08-10,Miami,75.0,215.0,1993.0,1993.0,192.0,7.0,MIN,"https://static.www.nfl.com/image/private/f_auto,q_auto/league/yxce6b3hlrvhjd66qvuv"
411,Giovanni Carmazzi,00-0019658,Giovanni Carmazzi,,Giovanni,Carmazzi,,RET,1977-04-14,Hofstra,75.0,224.0,,2000.0,,,,"https://static.www.nfl.com/image/private/f_auto,q_auto/league/xu9z1gdtjp6zy4dmziav"
412,Glenn Carano,CAR019773,Glenn Carano,,Glenn,Carano,,RET,1955-11-18,UNLV,75.0,201.0,1977.0,1977.0,54.0,2.0,DAL,"https://static.www.nfl.com/image/private/f_auto,q_auto/league/tpsrhddvz1jlvekntyu5"
413,Glenn Foley,00-0005379,Glenn Foley,,Glenn,Foley,,RET,1970-10-10,Boston College,74.0,220.0,1994.0,1994.0,208.0,7.0,NYJ,"https://static.www.nfl.com/image/private/f_auto,q_auto/league/mmg3wmyt52x7nvtkdbvy"
414,Glenn Inverso,INV415291,Glenn Inverso,,Glenn,Inverso,,RET,1958-06-24,Liberty,73.0,199.0,,1984.0,,,,"https://static.www.nfl.com/image/private/f_auto,q_auto/league/xenxio3ffdc82hczc2ke"
415,Graham Harrell,00-0027602,Graham Harrell,,Graham,Harrell,,RET,1985-05-22,Texas Tech,74.0,215.0,,2010.0,,,,"https://static.www.nfl.com/image/private/f_auto,q_auto/league/nsm0shfxfsazckrfmfki"
416,Graham Mertz,00-0040211,Graham Mertz,Graham,Graham,Mertz,G.Mertz,INA,2000-12-06,Florida; Wisconsin,74.0,216.0,2025.0,2025.0,197.0,6.0,HOU,"https://static.www.nfl.com/image/upload/f_auto,q_auto/league/v5l7nuj0z669orqxga16"
417,Greg Cook,,,,,,,,,,,,,,,,,
418,Greg Knafelc,KNA355962,Greg Knafelc,,Gregory,Knafelc,,RET,1959-02-20,Notre Dame,76.0,220.0,,1983.0,,,,"https://static.www.nfl.com/image/private/f_auto,q_auto/league/txbpzacord6x8y5aaxld"
419,Greg Landry,LAN159039,Greg Landry,,Gregory,Landry,,RET,1946-12-18,UMass Amherst,76.0,210.0,,1974.0,,,,"https://static.www.nfl.com/image/private/f_auto,q_auto/league/z4iewz102t4jrdsayiz0"
420,Greg McElroy,00-0028146,Greg McElroy,,Gregory,McElroy,,RET,1988-05-10,Alabama,74.0,225.0,2011.0,2011.0,208.0,7.0,NYJ,"https://static.www.nfl.com/image/private/f_auto,q_auto/league/jt2vd2zz8ob8cpwmkgpj"
421,Gregg Tipton,TIP519110,Gregg Tipton,,Gregg,Tipton,,RET,1964-06-12,Hawaii,75.0,191.0,,1987.0,,,,"https://static.www.nfl.com/image/private/f_auto,q_auto/league/ka8jigwmloogrpchtkmf"
422,Guido Merkens,,,,,,,,,,,,,,,,,
423,Gus Frerotte,00-0005589,Gus Frerotte,,Gustave,Frerotte,,RET,1971-07-31,Tulsa,75.0,233.0,1994.0,1994.0,197.0,7.0,WAS,"https://static.www.nfl.com/image/private/f_auto,q_auto/league/arjzgtjgdzfjcsvwqkej"
424,Guy Benjamin,BEN145348,Guy Benjamin,,Guy,Benjamin,,RET,1955-06-27,Stanford,76.0,210.0,1978.0,1978.0,51.0,2.0,MIA,"https://static.www.nfl.com/image/private/f_auto,q_auto/league/mdwqy3is7wjppfpp0zd6"
425,Hal Chealander,CHE016163,Hal Chealander,,Hal,Chealander,,RET,,Mississippi State,76.0,218.0,,1974.0,,,,"https://static.www.nfl.com/image/private/f_auto,q_auto/league/cmh8kf9xjclwxflgs2kd"
426,Harry Gilmer,,,,,,,,,,,,,,,,,
427,Haynes King,00-0041149,Haynes King,Haynes,Haynes,King,H.King,RET,2001-01-09,Georgia Tech; Texas A&M,74.0,212.0,,2026.0,,,,"https://static.www.nfl.com/image/upload/f_auto,q_auto/league/qcloyq4ahyh0hfzo6i0i"
428,Heath Shuler,00-0014843,Heath Shuler,,Joseph,Shuler,,RET,1971-12-31,Tennessee,74.0,216.0,1994.0,1994.0,3.0,1.0,WAS,"https://static.www.nfl.com/image/private/f_auto,q_auto/league/ungw2296v8wmr3xbq5dd"
429,Hendon Hooker,00-0038550,Hendon Hooker,Hendon,Alan,Hooker,H.Hooker,ACT,1998-01-13,Tennessee; Virginia Tech,75.0,221.0,2023.0,2023.0,68.0,3.0,DET,"https://static.www.nfl.com/image/upload/f_auto,q_auto/league/jq92ol8hm5n7byqhpcps"
430,Henry Burris,00-0019764,Henry Burris,,Henry,Burris,,RET,1975-06-04,Temple,72.0,195.0,,2001.0,,,,"https://static.www.nfl.com/image/private/f_auto,q_auto/league/mxcf3sq2030efhwxbiwq"
431,Holton Ahlers,00-0038749,Holton Ahlers,Holton,Holton,Ahlers,H.Ahlers,RET,1999-11-10,East Carolina,75.0,227.0,,2023.0,,,,"https://static.www.nfl.com/image/private/f_auto,q_auto/league/gztkbv4ndditd20dggdp"
432,Homer Jordan,JOR252784,Homer Jordan,,Homer,Jordan,,RET,1960-03-21,Clemson,72.0,183.0,,1987.0,,,,"https://static.www.nfl.com/image/private/f_auto,q_auto/league/qofa4gylxgysm59nvj2c"
433,Hugh Millen,00-0011230,Hugh Millen,,Hugh,Millen,,RET,1963-11-22,Washington; Santa Rosa,77.0,216.0,1986.0,1987.0,71.0,3.0,LAR,"https://static.www.nfl.com/image/private/f_auto,q_auto/league/zcr70xwyisnp7nmkinam"
434,Hunter Cantwell,00-0026702,Hunter Cantwell,,Thomas,Cantwell,,RET,1985-12-30,Louisville,76.0,236.0,,2009.0,,,,"https://static.www.nfl.com/image/private/f_auto,q_auto/league/jrocbdido9vvhcmtdvst"
435,Hunter Dekkers,00-0040656,Hunter Dekkers,Hunter,Hunter,Dekkers,H.Dekkers,DEV,2001-07-04,Iowa Western CC; Iowa State,74.0,212.0,,2025.0,,,,"https://static.www.nfl.com/image/upload/f_auto,q_auto/league/fcuzrfcbmtqlxksgmg7i"
436,Hunter Enis,,,,,,,,,,,,,,,,,
437,Ian Book,00-0036929,Ian Book,Ian,Ian,Book,I.Book,RET,1998-03-30,Notre Dame,72.0,206.0,2021.0,2021.0,133.0,4.0,NO,"https://static.www.nfl.com/image/upload/f_auto,q_auto/league/gfizehze3lahkqm40vk4"
438,Ingle Martin,00-0024362,Ingle Martin,,Harry,Martin,,RET,1982-08-15,Furman; Florida,74.0,220.0,2006.0,2006.0,148.0,5.0,GB,"https://static.www.nfl.com/image/private/f_auto,q_auto/league/ffwrrianpht79dic1exm"
439,J.J. Jones,,,,,,,,,,,,,,,,,
440,J.J. McCarthy,00-0039923,J.J. McCarthy,J.J.,Jonathan,McCarthy,J.McCarthy,ACT,2003-01-20,Michigan,75.0,219.0,2024.0,2024.0,10.0,1.0,MIN,"https://static.www.nfl.com/image/upload/f_auto,q_auto/league/omybnfokapjw6jwb5dd3"
441,J.P. Losman,00-0022912,J.P. Losman,,Jonathan,Losman,,RET,1981-03-12,Tulane; UCLA,74.0,217.0,2004.0,2004.0,22.0,1.0,BUF,"https://static.www.nfl.com/image/private/f_auto,q_auto/league/emv1dgq9b8wwqiow0xk4"
442,J.T. Barrett,00-0034126,J.T. Barrett,J.T.,Joe,Barrett,J.Barrett,RET,1995-01-23,Ohio State,74.0,225.0,,2018.0,,,,"https://static.www.nfl.com/image/private/f_auto,q_auto/league/z4h2ru1yzcxjgoapokb6"
443,J.T. O'Sullivan,00-0021296,J.T. O'Sullivan,,John,O'Sullivan,,RET,1979-08-25,UC Davis,74.0,232.0,2002.0,2002.0,186.0,6.0,NO,"https://static.www.nfl.com/image/private/f_auto,q_auto/league/jzmdiwnczp3heq92f9cy"
444,JaMarcus Russell,00-0025388,JaMarcus Russell,,JaMarcus,Russell,,RET,1985-08-09,LSU,78.0,260.0,2007.0,2007.0,1.0,1.0,OAK,"https://static.www.nfl.com/image/private/f_auto,q_auto/league/j9utxwp9846osapesksk"
445,Jack Concannon,CON041528,Jack Concannon,,John,Concannon,,RET,1943-02-25,Boston College,75.0,205.0,,1974.0,,,,"https://static.www.nfl.com/image/private/f_auto,q_auto/league/h4r5afr2dzz3qetlweoi"
446,Jack Kemp,,,,,,,,,,,,,,,,,
447,Jack Plummer,00-0039501,Jack Plummer,Jack,Jack,Plummer,J.Plummer,CUT,1999-10-21,Louisville; California; Purdue,77.0,215.0,,2024.0,,,,"https://static.www.nfl.com/image/upload/f_auto,q_auto/league/dg49og3tpz8gzkiisdt9"
448,Jack Scarbath,,,,,,,,,,,,,,,,,
449,Jack Stanley,STA449328,Jack Stanley,,John,Stanley,,RET,1964-04-26,Oregon State,75.0,207.0,,1987.0,,,,"https://static.www.nfl.com/image/private/f_auto,q_auto/league/bknaakxvgtjfkmbubaeb"
450,Jack Strand,00-0041194,Jack Strand,Jack,Jack,Strand,J.Strand,RET,2004-06-23,Minnesota State,77.0,240.0,,2026.0,,,,"https://static.www.nfl.com/image/upload/f_auto,q_auto/league/oadw9h9otuauaiv1vxvz"
451,Jack Thompson,THO575890,Jack Thompson,,Jack,Thompson,,RET,1956-05-19,Washington State,75.0,217.0,1979.0,1979.0,3.0,1.0,CIN,"https://static.www.nfl.com/image/private/f_auto,q_auto/league/bhudzwjqrqr6xkl6ljvp"
452,Jack Trudeau,00-0016628,Jack Trudeau,,Jack,Trudeau,,RET,1962-09-09,Illinois,75.0,220.0,1986.0,1986.0,47.0,2.0,IND,"https://static.www.nfl.com/image/private/f_auto,q_auto/league/cpmngogfqqenwtzc6ojk"
453,Jacky Lee,,,,,,,,,,,,,,,,,
454,Jacob Eason,00-0036226,Jacob Eason,Jacob,Jacob,Eason,J.Eason,RET,1997-11-17,Washington,78.0,231.0,2020.0,2020.0,122.0,4.0,IND,"https://static.www.nfl.com/image/private/f_auto,q_auto/league/e2qgyhtngjk0llvaswxe"
455,Jacoby Brissett,00-0033119,Jacoby Brissett,Jacoby,Jacoby,Brissett,J.Brissett,ACT,1992-12-11,N.C. State; Florida,76.0,235.0,2016.0,2016.0,91.0,3.0,NE,"https://static.www.nfl.com/image/upload/f_auto,q_auto/league/qjswiunczrn5xmdiqhlz"
456,Jake Browning,00-0035100,Jake Browning,Jake,Jake,Browning,J.Browning,INA,1996-04-11,Washington,74.0,210.0,,2019.0,,,,"https://static.www.nfl.com/image/upload/f_auto,q_auto/league/kzyh6yum2w3c6xrkndla"
457,Jake Delhomme,00-0004161,Jake Delhomme,,Jake,Delhomme,,RET,1975-01-10,Louisiana-Lafayette,74.0,215.0,,1998.0,,,,"https://static.www.nfl.com/image/private/f_auto,q_auto/league/k5ovzylfya7c86x91067"
458,Jake Dolegala,00-0035394,Jake Dolegala,Jacob,Jake,Dolegala,J.Dolegala,RET,1996-10-07,CCSU,79.0,242.0,,2019.0,,,,"https://static.www.nfl.com/image/private/f_auto,q_auto/league/gsmnsog5mltia36gir43"
459,Jake Fromm,00-0036197,Jake Fromm,Jake,William,Fromm,J.Fromm,RET,1998-07-30,Georgia,74.0,215.0,2020.0,2020.0,167.0,5.0,BUF,"https://static.www.nfl.com/image/upload/f_auto,q_auto/league/i1dr9fc5smv3zpvygqil"
460,Jake Haener,00-0038998,Jake Haener,Jake,Jake,Haener,J.Haener,ACT,1999-03-10,Fresno State; Washington,73.0,200.0,2023.0,2023.0,127.0,4.0,NO,"https://static.www.nfl.com/image/upload/f_auto,q_auto/league/jfxyp1qkekty7jwh5kcr"
461,Jake Heaps,00-0032073,Jake Heaps,,Jake,Heaps,,RET,1991-06-19,Miami; Kansas; BYU,73.0,217.0,,2016.0,,,,"https://static.www.nfl.com/image/private/f_auto,q_auto/league/pmveybodjxjln99vyk5c"
462,Jake Locker,00-0027946,Jake Locker,,Jacob,Locker,,RET,1988-06-15,Washington,75.0,223.0,2011.0,2011.0,8.0,1.0,TEN,"https://static.www.nfl.com/image/private/f_auto,q_auto/league/d4nnolehy6budyk8xqom"
463,Jake Luton,00-0036312,Jake Luton,Jake,Jake,Luton,J.Luton,RET,1996-04-11,Oregon State; Ventura,78.0,224.0,2020.0,2020.0,189.0,6.0,JAX,"https://static.www.nfl.com/image/private/f_auto,q_auto/league/krvobstakocdgp3puv0g"
464,Jake Plummer,00-0013042,Jake Plummer,,Jason,Plummer,,RET,1974-12-19,Arizona State,74.0,212.0,1997.0,1997.0,42.0,2.0,ARI,"https://static.www.nfl.com/image/private/f_auto,q_auto/league/iurwxdpuwvijm50vhwt9"
465,Jake Rudock,00-0032431,Jake Rudock,Jake,Jacob,Rudock,J.Rudock,RET,1993-01-21,Michigan; Iowa,75.0,212.0,2016.0,2016.0,191.0,6.0,DET,"https://static.www.nfl.com/image/private/f_auto,q_auto/league/lb8pxfnrvchcoy8y3c1h"
466,Jalen Hurts,00-0036389,Jalen Hurts,Jalen,Jalen,Hurts,J.Hurts,ACT,1998-08-07,Oklahoma; Alabama,73.0,223.0,2020.0,2020.0,53.0,2.0,PHI,"https://static.www.nfl.com/image/upload/f_auto,q_auto/league/xow5yvxjeqa6witmofmp"
467,Jalen Milroe,00-0040673,Jalen Milroe,Jalen,Jalen,Milroe,J.Milroe,INA,2002-12-13,Alabama,74.0,216.0,2025.0,2025.0,92.0,3.0,SEA,"https://static.www.nfl.com/image/upload/f_auto,q_auto/league/hohqoqpdyquxn1sr1fm2"
468,Jalon Daniels,00-0041251,Jalon Daniels,Jalon,Jalon,Daniels,J.Daniels,RET,2002-10-29,Kansas,72.0,220.0,,2026.0,,,,"https://static.www.nfl.com/image/upload/f_auto,q_auto/league/hwhfl6i5drktwjvslfpn"
469,Jameis Winston,00-0031503,Jameis Winston,Jameis,Jameis,Winston,J.Winston,ACT,1994-01-06,Florida State,76.0,231.0,2015.0,2015.0,1.0,1.0,TB,"https://static.www.nfl.com/image/upload/f_auto,q_auto/league/e5qyxnibbyawi0pvfpjl"
470,James Foote,FOO427291,James Foote,,James,Foote,,RET,1951-09-10,Delaware Valley College,74.0,210.0,,1974.0,,,,"https://static.www.nfl.com/image/private/f_auto,q_auto/league/ypoqdaffuce8mrkgilf5"
471,James Harris,HAR434603,James Harris,,James,Harris,,RET,1947-07-20,Grambling State,76.0,210.0,,1974.0,,,,"https://static.www.nfl.com/image/private/f_auto,q_auto/league/xsldgx7helbpshqaiule"
472,James Morgan,00-0036301,James Morgan,James,James,Morgan,J.Morgan,RET,1997-02-28,Florida International,76.0,229.0,2020.0,2020.0,125.0,4.0,NYJ,"https://static.www.nfl.com/image/private/f_auto,q_auto/league/rp3euc21iwidtifjb08z"
473,James Ritchey,00-0013772,James Ritchey,,James,Ritchey,,RET,1973-07-10,Stephen F. Austin State,74.0,220.0,,1996.0,,,,"https://static.www.nfl.com/image/private/f_auto,q_auto/league/rbzlcuapzatcvausmssq"
474,Jamie Martin,00-0010455,Jamie Martin,,Jamie,Martin,,RET,1970-02-08,Weber State,74.0,205.0,,1993.0,,,,"https://static.www.nfl.com/image/private/f_auto,q_auto/league/k2ysdmfo5k8fbfsvzswq"
475,Jared Goff,00-0033106,Jared Goff,Jared,Jared,Goff,J.Goff,ACT,1994-10-14,California,76.0,217.0,2016.0,2016.0,1.0,1.0,LAR,"https://static.www.nfl.com/image/upload/f_auto,q_auto/league/kaicbot8qhzrvddilbtp"
476,Jared Lorenzen,00-0022590,Jared Lorenzen,,Jared,Lorenzen,,RET,1981-02-14,Kentucky,76.0,285.0,,2005.0,,,,"https://static.www.nfl.com/image/private/f_auto,q_auto/league/uy5i9yieg0pwmhdaglg4"
477,Jared Zabransky,00-0024836,Jared Zabransky,,Jared,Zabransky,,RET,1983-12-04,Boise State,74.0,219.0,,2007.0,,,,"https://static.www.nfl.com/image/private/f_auto,q_auto/league/tgn2xts2qucpfhhrrfmh"
478,Jaren Hall,00-0038598,Jaren Hall,Jaren,Jaren,Hall,J.Hall,RET,1998-03-24,BYU,72.0,207.0,2023.0,2023.0,164.0,5.0,MIN,"https://static.www.nfl.com/image/upload/f_auto,q_auto/league/ki7jq97gzu1dv16hi4jq"
479,Jarious Jackson,00-0019682,Jarious Jackson,,Jarious,Jackson,,RET,1977-05-03,Notre Dame,72.0,228.0,2000.0,2000.0,214.0,7.0,DEN,"https://static.www.nfl.com/image/private/f_auto,q_auto/league/wv5zrkdyt90qtfbmuamt"
480,Jarrett Brown,00-0027376,Jarrett Brown,,Jarrett,Brown,,RET,1987-09-21,West Virginia,75.0,225.0,,2011.0,,,,"https://static.www.nfl.com/image/private/f_auto,q_auto/league/i7ykpvoyet1rzchduu2z"
481,Jarrett Guarantano,00-0037650,Jarrett Guarantano,Jarrett,Jarrett,Guarantano,J.Guarantano,RET,1997-11-14,Washington State,76.0,220.0,,2022.0,,,,"https://static.www.nfl.com/image/private/f_auto,q_auto/league/xlit1g4sqlwomvkuecfr"
482,Jarrett Stidham,00-0035264,Jarrett Stidham,Jarrett,Jarrett,Stidham,J.Stidham,ACT,1996-08-08,Auburn; McLennan CC; Baylor,75.0,215.0,2019.0,2019.0,133.0,4.0,NE,"https://static.www.nfl.com/image/upload/f_auto,q_auto/league/uzdn86skeienyyqxyiuw"
483,Jason Bean,00-0039575,Jason Bean,Jason,Jason,Bean,J.Bean,CUT,1999-12-03,Kansas; North Texas,74.0,196.0,,2024.0,,,,"https://static.www.nfl.com/image/upload/f_auto,q_auto/league/zxxuqmmnjevwu2vmzwez"
484,Jason Campbell,00-0023460,Jason Campbell,,Jason,Campbell,,RET,1981-12-31,Auburn,77.0,235.0,2005.0,2005.0,25.0,1.0,WAS,"https://static.www.nfl.com/image/private/f_auto,q_auto/league/z8bqudw5oqygrc6wumbh"
485,Jason Fife,00-0022330,Jason Fife,,Bradley,Fife,,RET,1981-01-23,Oregon,76.0,226.0,,2006.0,,,,"https://static.www.nfl.com/image/private/f_auto,q_auto/league/a6crf9l4wzpittrivde3"
486,Jason Garrett,00-0005794,Jason Garrett,,Jason,Garrett,,RET,1966-03-28,Princeton; Columbia,74.0,200.0,,1993.0,,,,"https://static.www.nfl.com/image/private/f_auto,q_auto/league/dgrr8txfkt9xv2fjte8g"
487,Jason Gesser,00-0021759,Jason Gesser,,Jason,Gesser,,RET,1979-05-31,Washington State,73.0,204.0,,2003.0,,,,"https://static.www.nfl.com/image/private/f_auto,q_auto/league/rf1cxupry9ii4lw79dqz"
488,Jaxson Dart,00-0040691,Jaxson Dart,Jaxson,Jaxson,Dart,J.Dart,ACT,2003-05-13,Mississippi; USC,74.0,223.0,2025.0,2025.0,25.0,1.0,NYG,"https://static.www.nfl.com/image/upload/f_auto,q_auto/league/n6uymxssgiicjmxkzxoc"
489,Jay Barker,00-0000755,Jay Barker,,Jay,Barker,,RET,1972-04-20,Alabama,75.0,220.0,,1995.0,,,,"https://static.www.nfl.com/image/private/f_auto,q_auto/league/hrlr06y9uahcij0ym90i"
490,Jay Cutler,00-0024226,Jay Cutler,Jay,Jay,Cutler,J.Cutler,RET,1983-04-29,Vanderbilt,75.0,231.0,2006.0,2006.0,11.0,1.0,DEN,"https://static.www.nfl.com/image/private/f_auto,q_auto/league/ks6n7gvw4vccihlse6bn"
491,Jay Fiedler,00-0005180,Jay Fiedler,,Jay,Fiedler,,RET,1971-12-29,Dartmouth,74.0,225.0,,1994.0,,,,"https://static.www.nfl.com/image/private/f_auto,q_auto/league/fplaj9oxvmgrampjqywq"
492,Jay Schroeder,00-0014490,Jay Schroeder,,Jay,Schroeder,,RET,1961-06-28,UCLA,76.0,215.0,1984.0,1984.0,83.0,3.0,WAS,"https://static.www.nfl.com/image/private/f_auto,q_auto/league/s7029osiaxseohwol3la"
493,Jay Venuto,VEN542472,Jay Venuto,,Jason,Venuto,,RET,1958-02-05,Wake Forest,73.0,197.0,,1981.0,,,,"https://static.www.nfl.com/image/private/f_auto,q_auto/league/qycjn8ue4qi71cccfqk9"
494,Jay Walker,WAL223608,Jay Walker,,Jewell,Walker,,RET,1972-01-24,Howard; California State - Long Beach; Pasadena College,75.0,229.0,1994.0,1994.0,198.0,7.0,NE,"https://static.www.nfl.com/image/private/f_auto,q_auto/league/sr7jv7plq6l8ntrvahw8"
495,Jayden Daniels,00-0039910,Jayden Daniels,Jayden,Jayden,Daniels,J.Daniels,INA,2000-12-18,LSU; Arizona State,76.0,210.0,2024.0,2024.0,2.0,1.0,WAS,"https://static.www.nfl.com/image/upload/f_auto,q_auto/league/gfz8k5onuqjrche9ogqc"
496,Jeb Blount,BLO581406,Jeb Blount,,John,Blount,,RET,1954-07-12,Tulsa,75.0,200.0,1976.0,1977.0,50.0,2.0,OAK,"https://static.www.nfl.com/image/private/f_auto,q_auto/league/qagvucvnwqzmoj8ae4ut"
497,Jeff Baker,00-0000630,Jeff Baker,,Jeff,Baker,,RET,1975-03-02,Wisconsin La Crosse,75.0,215.0,,1998.0,,,,"https://static.www.nfl.com/image/private/f_auto,q_auto/league/yiune9qgzuzd2pckyeze"
498,Jeff Blake,00-0001335,Jeff Blake,,Jeffery,Blake,,RET,1970-12-04,East Carolina,73.0,223.0,1992.0,1992.0,166.0,6.0,NYJ,"https://static.www.nfl.com/image/private/f_auto,q_auto/league/pigpwarvjuixfgxbigc8"
499,Jeff Brohm,00-0001810,Jeff Brohm,,Jeffery,Brohm,,RET,1971-04-24,Louisville,73.0,205.0,,1994.0,,,,"https://static.www.nfl.com/image/private/f_auto,q_auto/league/fkz9zihmlkcazibdc3z5"
500,Jeff Carlson,00-0002644,Jeff Carlson,,Jeffrey,Carlson,,RET,1966-05-23,Weber State,75.0,215.0,1989.0,1990.0,102.0,4.0,LAR,"https://static.www.nfl.com/image/private/f_auto,q_auto/league/nxog62wmlymt2cmxlcjp"
501,Jeff Christensen,CHR207645,Jeff Christensen,,Jeffrey,Christensen,,RET,1960-01-08,Eastern Illinois,75.0,202.0,1983.0,1983.0,137.0,5.0,CIN,"https://static.www.nfl.com/image/private/f_auto,q_auto/league/lnzyki5dleptgteqihsu"
502,Jeff Driskel,00-0032436,Jeff Driskel,Jeff,Jeffrey,Driskel,J.Driskel,ACT,1993-04-23,Louisiana Tech; Florida,76.0,231.0,2016.0,2016.0,207.0,6.0,SF,"https://static.www.nfl.com/image/upload/f_auto,q_auto/league/qvyjv4da7ya6erhqx67m"
503,Jeff Fox,FOX201711,Jeff Fox,,Jeff,Fox,,RET,,Grand Valley,74.0,215.0,,1999.0,,,,"https://static.www.nfl.com/image/private/f_auto,q_auto/league/su2kl56de8l4rvxmbtpu"
504,Jeff Francis,00-0005505,Jeff Francis,,Jeffrey,Francis,,RET,1966-07-07,Tennessee,76.0,215.0,1989.0,1990.0,140.0,6.0,OAK,"https://static.www.nfl.com/image/private/f_auto,q_auto/league/dqltisihm4c3qm671hig"
505,Jeff Garcia,00-0005755,Jeff Garcia,,Jeff,Garcia,,RET,1970-02-24,San Jose State; Gavilan College,73.0,205.0,,1999.0,,,,"https://static.www.nfl.com/image/private/f_auto,q_auto/league/bysr1fkpqdhljtvlkcrm"
506,Jeff George,00-0005885,Jeff George,,Jeffrey,George,,RET,1967-12-08,Illinois; Purdue,76.0,214.0,1990.0,1990.0,1.0,1.0,IND,"https://static.www.nfl.com/image/private/f_auto,q_auto/league/uabmi177yp8gxi5rjgsz"
507,Jeff Graham,00-0006209,Jeff Graham,,Jeff,Graham,,RET,1966-02-05,California State - Long Beach,77.0,220.0,,1991.0,,,,"https://static.www.nfl.com/image/private/f_auto,q_auto/league/ubsn0l1lbjhphpxlc9mc"
508,Jeff Hostetler,00-0007765,Jeff Hostetler,,William,Hostetler,,RET,1961-04-22,West Virginia; Penn State,75.0,215.0,1984.0,1984.0,59.0,3.0,NYG,"https://static.www.nfl.com/image/private/f_auto,q_auto/league/apjisc45plyskzivcfqe"
509,Jeff Kelly,00-0021334,Jeff Kelly,,Jeff,Kelly,,RET,1979-09-07,Southern Mississippi,73.0,212.0,2002.0,2002.0,232.0,7.0,SEA,"https://static.www.nfl.com/image/private/f_auto,q_auto/league/etcnpvmkgpz7ojbfkhia"
510,Jeff Kemp,00-0009131,Jeff Kemp,,Jeffrey,Kemp,,RET,1959-07-11,Dartmouth,72.0,201.0,,1981.0,,,,"https://static.www.nfl.com/image/private/f_auto,q_auto/league/xg0jissqub74w1kdp8kz"
511,Jeff Knapple,KNA711924,Jeff Knapple,,Jeffrey,Knapple,,RET,1956-08-27,Northern Colorado; Colorado; UCLA,74.0,200.0,,1980.0,,,,"https://static.www.nfl.com/image/private/f_auto,q_auto/league/qk4w8cs6bzfutsfwpolc"
512,Jeff Komlo,KOM415290,Jeff Komlo,,William,Komlo,,RET,1956-07-30,Delaware,74.0,200.0,1979.0,1979.0,231.0,9.0,DET,"https://static.www.nfl.com/image/private/f_auto,q_auto/league/sbc8bc62mord5wpah2nv"
513,Jeff Lewis,00-0009868,Jeff Lewis,,Jeffrey,Lewis,,RET,1973-04-17,Northern Arizona,74.0,211.0,1996.0,1996.0,100.0,4.0,DEN,"https://static.www.nfl.com/image/private/f_auto,q_auto/league/rrhgrdhqtrrvsjevlgsu"
514,Jeff Mathews,00-0030738,Jeff Mathews,,Jeff,Mathews,,RET,1991-08-25,Cornell,76.0,229.0,,2014.0,,,,"https://static.www.nfl.com/image/private/f_auto,q_auto/league/y2jg0hltk1iufyrefgh3"
515,Jeff Otis,00-0024210,Jeff Otis,,Jeffrey,Otis,,RET,1983-01-30,Columbia,74.0,208.0,,2007.0,,,,"https://static.www.nfl.com/image/private/f_auto,q_auto/league/f3jnsk3fpei8bkzxs4au"
516,Jeff Quinn,QUI581406,Jeff Quinn,,Jeffrey,Quinn,,RET,1958-02-16,Nebraska,75.0,205.0,,1982.0,,,,"https://static.www.nfl.com/image/private/f_auto,q_auto/league/l2flxl1r9azsiqriqpam"
517,Jeff Rowe,00-0025538,Jeff Rowe,,Jeff,Rowe,,RET,1984-03-21,Nevada,77.0,221.0,2007.0,2007.0,151.0,5.0,CIN,"https://static.www.nfl.com/image/private/f_auto,q_auto/league/nyxhmjxunruqemmlmatk"
518,Jeff Rutledge,00-0014208,Jeff Rutledge,,Jeffrey,Rutledge,,RET,1957-01-22,Alabama,73.0,195.0,1979.0,1979.0,246.0,9.0,LAR,"https://static.www.nfl.com/image/private/f_auto,q_auto/league/fzvky5tblnydphnxfgsd"
519,Jeff Smoker,00-0022765,Jeff Smoker,,Jeffrey,Smoker,,RET,1981-06-13,Michigan State,75.0,223.0,,2004.0,,,,"https://static.www.nfl.com/image/private/f_auto,q_auto/league/zl8qmzatenp7zy1tjtx8"
520,Jeff Tuel,00-0030024,Jeff Tuel,,Jeffrey,Tuel,,RET,1991-02-12,Washington State,75.0,221.0,,2013.0,,,,"https://static.www.nfl.com/image/private/f_auto,q_auto/league/t05ufc1eay7yevnnld0q"
521,Jeff Van Raaphorst,VAN718336,Jeff Van Raaphorst,,Jeffrey,Van Raaphorst,,RET,1963-12-07,Arizona State,73.0,210.0,,1987.0,,,,"https://static.www.nfl.com/image/private/f_auto,q_auto/league/hhzaxlm6gcmtb5z18kj2"
522,Jerod Evans,EVA297676,Jerod Evans,,Jerod,Evans,,RET,1994-01-16,Virginia Tech; Trinity Valley CC,75.0,232.0,,2017.0,,,,"https://static.www.nfl.com/image/private/f_auto,q_auto/league/dnl6aw4ela7hcbgqha54"
523,Jerrod Johnson,00-0028370,Jerrod Johnson,,Jerrod,Johnson,,RET,1988-07-27,Texas A&M,77.0,251.0,,2013.0,,,,"https://static.www.nfl.com/image/private/f_auto,q_auto/league/rpjqx0dkevfl6xhilemu"
524,Jerry Golsteyn,GOL693054,Jerry Golsteyn,,Jerry,Golsteyn,,RET,1954-08-06,Northern Illinois,76.0,207.0,1976.0,1977.0,333.0,12.0,NYG,"https://static.www.nfl.com/image/private/f_auto,q_auto/league/aftjg1ig2ubhm54nv5gq"
525,Jerry Rhome,,,,,,,,,,,,,,,,,
526,Jerry Tagge,TAG276861,Jerry Tagge,,Jerry,Tagge,,RET,1950-04-12,Nebraska,74.0,220.0,,1974.0,,,,"https://static.www.nfl.com/image/private/f_auto,q_auto/league/q8o8mzwev9b7nxspccnw"
527,Jesse Freitas,FRE461430,Jesse Freitas,,Jesse,Freitas,,RET,1951-09-10,San Diego State; Stanford,73.0,203.0,1974.0,1974.0,133.0,6.0,LAC,"https://static.www.nfl.com/image/private/f_auto,q_auto/league/d3kf3kb3zdcu0mlgbuom"
528,Jesse Palmer,00-0020483,Jesse Palmer,,Jesse,Palmer,,RET,1978-10-05,Florida,74.0,225.0,2001.0,2001.0,125.0,4.0,NYG,"https://static.www.nfl.com/image/private/f_auto,q_auto/league/zcdyevv8dygtd0gumfo3"
529,Jim Ballard,00-0000683,Jim Ballard,,James,Ballard,,RET,1972-04-16,Mount Union College,75.0,223.0,,1994.0,,,,"https://static.www.nfl.com/image/private/f_auto,q_auto/league/lj9je9ca6a9jxfnithl0"
530,Jim Bob Taylor,TAY328800,Jim Bob Taylor,,James,Taylor,,RET,1959-09-09,Georgia Tech; SMU,74.0,205.0,1983.0,1983.0,280.0,11.0,BAL,"https://static.www.nfl.com/image/private/f_auto,q_auto/league/laiczz9acsr5uw0g59rh"
531,Jim Cason,,,,,,,,,,,,,,,,,
532,Jim Crocicchia,CRO014320,Jim Crocicchia,,James,Crocicchia,,RET,1964-02-19,Penn,74.0,209.0,,1987.0,,,,"https://static.www.nfl.com/image/private/f_auto,q_auto/league/rwrulztycignzntsrwzb"
533,Jim Del Gaizo,DEL319450,Jim Del Gaizo,,James,Del Gaizo,,RET,1947-05-31,University of Tampa; Syracuse,73.0,198.0,,1974.0,,,,"https://static.www.nfl.com/image/private/f_auto,q_auto/league/yni0h7gtlewiyenvmbuo"
534,Jim Druckenmiller,00-0004546,Jim Druckenmiller,,James,Druckenmiller,,RET,1972-09-19,Virginia Tech,77.0,234.0,1997.0,1997.0,26.0,1.0,SF,"https://static.www.nfl.com/image/private/f_auto,q_auto/league/bjmdhahfc3qcv7v9slat"
535,Jim Everett,00-0005015,Jim Everett,,James,Everett,,RET,1963-01-03,Purdue,77.0,212.0,1986.0,1986.0,3.0,1.0,HOU,"https://static.www.nfl.com/image/private/f_auto,q_auto/league/rxrnntjfowvwavdlfhrq"
536,Jim Finks,,,,,,,,,,,,,,,,,
537,Jim Harbaugh,00-0006808,Jim Harbaugh,,James,Harbaugh,,RET,1963-12-23,Michigan,75.0,215.0,1987.0,1987.0,26.0,1.0,CHI,"https://static.www.nfl.com/image/private/f_auto,q_auto/league/twafi9vpvkbhnzzlgfij"
538,Jim Hardy,,,,,,,,,,,,,,,,,
539,Jim Hart,HAR679874,Jim Hart,,James,Hart,,RET,1944-04-29,Southern Illinois,73.0,215.0,,1974.0,,,,"https://static.www.nfl.com/image/private/f_auto,q_auto/league/wk8ttd1noffeqk9sy9qt"
540,Jim Kelly,00-0009111,Jim Kelly,,James,Kelly,,RET,1960-02-14,Miami,75.0,226.0,1983.0,1986.0,14.0,1.0,BUF,"https://static.www.nfl.com/image/private/f_auto,q_auto/league/ezhzfqgz0wubbwdmyxlt"
541,Jim LeClair,,,,,,,,,,,,,,,,,
542,Jim McMahon,00-0010997,Jim McMahon,,James,McMahon,,RET,1959-08-21,BYU,73.0,195.0,1982.0,1982.0,5.0,1.0,CHI,"https://static.www.nfl.com/image/private/f_auto,q_auto/league/lebvefpsnyrrseabqo3i"
543,Jim Miller,00-0011276,Jim Miller,,James,Miller,,RET,1971-02-09,Michigan State,74.0,225.0,1994.0,1994.0,178.0,,,"https://static.www.nfl.com/image/private/f_auto,q_auto/league/p61l8tusatojk5gicpkp"
544,Jim Murphy,00-0011843,Jim Murphy,,Jim,Murphy,,RET,1975-02-23,"Northeastern University, Mass",75.0,230.0,,1998.0,,,,"https://static.www.nfl.com/image/private/f_auto,q_auto/league/dktbmrs2aakxohtwigmu"
545,Jim Ninowski,,,,,,,,,,,,,,,,,
546,Jim Plunkett,PLU604056,Jim Plunkett,,James,Plunkett,,RET,1947-12-05,Stanford,75.0,220.0,,1974.0,,,,"https://static.www.nfl.com/image/private/f_auto,q_auto/league/gnumm8kvsrqnvcs9ql6u"
547,Jim Powers,,,,,,,,,,,,,,,,,
548,Jim Root,,,,,,,,,,,,,,,,,
549,Jim Sorgi,00-0022744,Jim Sorgi,,James,Sorgi,,RET,1980-12-03,Wisconsin,77.0,196.0,2004.0,2004.0,193.0,6.0,IND,"https://static.www.nfl.com/image/private/f_auto,q_auto/league/c2hmwoyznphqbttskycf"
550,Jim Zorn,ZOR622935,Jim Zorn,,James,Zorn,,RET,1953-05-10,Pomona State,74.0,200.0,,1976.0,,,,"https://static.www.nfl.com/image/private/f_auto,q_auto/league/xburzguemvvfk9okdp9e"
551,Jimmy Clausen,00-0027659,Jimmy Clausen,Jimmy,James,Clausen,,RET,1987-09-21,Notre Dame,74.0,210.0,2010.0,2010.0,48.0,2.0,CAR,"https://static.www.nfl.com/image/private/f_auto,q_auto/league/n5lf1tlpkvtck2j24krd"
552,Jimmy Garoppolo,00-0031345,Jimmy Garoppolo,Jimmy,James,Garoppolo,J.Garoppolo,ACT,1991-11-02,Eastern Illinois,74.0,225.0,2014.0,2014.0,62.0,2.0,NE,"https://static.www.nfl.com/image/upload/f_auto,q_auto/league/ivz3zwvjxvgcu4dzabur"
553,Joe Barnes,BAR318845,Joe Barnes,,Joseph,Barnes,,RET,1951-12-08,Texas Tech,71.0,205.0,1974.0,1974.0,316.0,13.0,CHI,"https://static.www.nfl.com/image/private/f_auto,q_auto/league/jqldycn8aqrzapfrvlmy"
554,Joe Burrow,00-0036442,Joe Burrow,Joe,Joseph,Burrow,J.Burrow,ACT,1996-12-10,LSU; Ohio State,76.0,215.0,2020.0,2020.0,1.0,1.0,CIN,"https://static.www.nfl.com/image/upload/f_auto,q_auto/league/gnnvcgui1cijybukk2w7"
555,Joe Callahan,00-0032630,Joe Callahan,Joe,Francis,Callahan,J.Callahan,RET,1993-06-04,Wesley,73.0,216.0,,2016.0,,,,"https://static.www.nfl.com/image/private/f_auto,q_auto/league/n9nahsdhocngttt7hmdy"
556,Joe Dufek,DUF276861,Joe Dufek,,Joseph,Dufek,,RET,1961-08-23,Yale,76.0,215.0,,1983.0,,,,"https://static.www.nfl.com/image/private/f_auto,q_auto/league/sjuxbk59eybn8plek9yc"
557,Joe Fagnano,00-0040981,Joe Fagnano,Joe,Joseph,Fagnano,J.Fagnano,RET,2001-03-31,Connecticut; Maine,75.0,230.0,,2026.0,,,,"https://static.www.nfl.com/image/upload/f_auto,q_auto/league/p8uqfsnpx153mn3gjtd3"
558,Joe Ferguson,FER184572,Joe Ferguson,,Joe,Ferguson,,RET,1950-04-23,Arkansas,73.0,195.0,,1974.0,,,,"https://static.www.nfl.com/image/private/f_auto,q_auto/league/i76emcealpcn4gpsawpp"
559,Joe Flacco,00-0026158,Joe Flacco,Joe,Joseph,Flacco,J.Flacco,ACT,1985-01-16,Delaware; Pittsburgh,78.0,245.0,2008.0,2008.0,18.0,1.0,BAL,"https://static.www.nfl.com/image/upload/f_auto,q_auto/league/dre1d2f2d6dxqohzn5l2"
560,Joe Francis,,,,,,,,,,,,,,,,,
561,Joe Gasparella,,,,,,,,,,,,,,,,,
562,Joe Geri,,,,,,,,,,,,,,,,,
563,Joe Germaine,00-0005902,Joe Germaine,,Joe,Germaine,,RET,1975-11-16,Ohio State; Scottsdale CC,74.0,220.0,1999.0,1999.0,101.0,4.0,LAR,"https://static.www.nfl.com/image/private/f_auto,q_auto/league/sp0m6qzk19n968zmj5as"
564,Joe Gilliam,GIL561200,Joe Gilliam,,Joseph,Gilliam,,RET,1950-12-29,Tennessee State,74.0,187.0,,1974.0,,,,"https://static.www.nfl.com/image/private/f_auto,q_auto/league/mjgagifzl0q75sdnngk7"
565,Joe Hamilton,00-0019579,Joe Hamilton,,Joseph,Hamilton,,RET,1977-03-13,Georgia Tech,70.0,190.0,2000.0,2000.0,234.0,7.0,TB,"https://static.www.nfl.com/image/private/f_auto,q_auto/league/inw4wydp4n9ttrxw1rrz"
566,Joe Kapp,,,,,,,,,,,,,,,,,
567,Joe Milton III,00-0039398,Joe Milton III,Joe,Joe,Milton,J.Milton,ACT,2000-03-06,Tennessee; Michigan,77.0,236.0,2024.0,2024.0,193.0,6.0,NE,"https://static.www.nfl.com/image/upload/f_auto,q_auto/league/tsj9lobse1gxzanf39dt"
568,Joe Montana,00-0011493,Joe Montana,,Joseph,Montana,,RET,1956-06-11,Notre Dame,74.0,205.0,1979.0,1979.0,82.0,3.0,SF,"https://static.www.nfl.com/image/private/f_auto,q_auto/league/ueq3x4ldeixk2h5wq3n7"
569,Joe Namath,NAM415291,Joe Namath,,Joseph,Namath,,RET,1943-05-31,Alabama,74.0,200.0,,1974.0,,,,"https://static.www.nfl.com/image/private/f_auto,q_auto/league/ssg1rcnvw9sdqcr6wz2f"
570,Joe Pisarcik,PIS276861,Joe Pisarcik,,Joseph,Pisarcik,,RET,1952-07-02,New Mexico State,76.0,220.0,,1977.0,,,,"https://static.www.nfl.com/image/private/f_auto,q_auto/league/pbwswfziizv3njt5ouqd"
571,Joe Reed,REE303870,Joe Reed,,Joseph,Reed,,RET,1948-01-08,Mississippi State; Baylor,73.0,195.0,,1974.0,,,,"https://static.www.nfl.com/image/private/f_auto,q_auto/league/czbi3vrohphgdjt28ilh"
572,Joe Shield,SHI075506,Joe Shield,,Joseph,Shield,,RET,1962-06-26,Trinity College Conn.,73.0,185.0,1985.0,1985.0,294.0,11.0,GB,"https://static.www.nfl.com/image/private/f_auto,q_auto/league/ueiq4pf1agruyopqxfdt"
573,Joe Theismann,THE276861,Joe Theismann,,Joseph,Theismann,,RET,1949-09-09,Notre Dame,72.0,192.0,,1974.0,,,,"https://static.www.nfl.com/image/private/f_auto,q_auto/league/eota6vsxtdaefkrs0oie"
574,Joe Webb,00-0027796,Joe Webb,Joe,Joseph,Webb,J.Webb,RET,1986-11-14,UAB,76.0,231.0,2010.0,2010.0,199.0,6.0,MIN,"https://static.www.nfl.com/image/private/f_auto,q_auto/league/hjieero9ugbyu7n1629h"
575,Joel Stave,00-0032614,Joel Stave,Joel,Joel,Stave,J.Stave,RET,1992-05-16,Wisconsin,76.0,230.0,,2016.0,,,,"https://static.www.nfl.com/image/private/f_auto,q_auto/league/fnq6tckrmt6ijt1wxuxz"
576,Joey Aguilar,00-0041203,Joey Aguilar,Joey,Jose,Aguilar,J.Aguilar,RET,2001-06-16,Tennessee; Appalachian State; Diablo Valley College,75.0,225.0,,2026.0,,,,"https://static.www.nfl.com/image/upload/f_auto,q_auto/league/ftafwh4qrzhpxp8kq0ca"
577,Joey Harrington,00-0021141,Joey Harrington,,John,Harrington,,RET,1978-10-21,Oregon,76.0,210.0,2002.0,2002.0,3.0,1.0,DET,"https://static.www.nfl.com/image/private/f_auto,q_auto/league/ybpvxm22vuwjhooyrpja"
578,John Beck,00-0025427,John Beck,,John,Beck,,RET,1981-08-21,BYU,74.0,217.0,2007.0,2007.0,40.0,2.0,MIA,"https://static.www.nfl.com/image/private/f_auto,q_auto/league/bqodmof3pebek3cb1qx6"
579,John Brodie,,,,,,,,,,,,,,,,,
580,John David Booty,00-0026277,John David Booty,,John,Booty,,RET,1985-01-03,USC,75.0,213.0,2008.0,2008.0,137.0,5.0,MIN,"https://static.www.nfl.com/image/private/f_auto,q_auto/league/nv2fuxk0ccwekxtek13w"
581,John Elway,00-0004884,John Elway,,John,Elway,,RET,1960-06-28,Stanford,75.0,215.0,1983.0,1983.0,1.0,1.0,BAL,"https://static.www.nfl.com/image/private/f_auto,q_auto/league/qt8ysjlaemnfczfe9ffl"
582,John Fourcade,FOU276860,John Fourcade,,John,Fourcade,,RET,1960-10-11,Mississippi,73.0,208.0,,1987.0,,,,"https://static.www.nfl.com/image/private/f_auto,q_auto/league/wmhcd7u3ihipmkkfv0xh"
583,John Friesz,00-0005600,John Friesz,,John,Friesz,,RET,1967-05-19,Idaho,76.0,220.0,1990.0,1990.0,138.0,6.0,LAC,"https://static.www.nfl.com/image/private/f_auto,q_auto/league/ckh8mav1rdt0khwbufyj"
584,John Hadl,HAD553720,John Hadl,,John,Hadl,,RET,1940-02-15,Kansas,73.0,214.0,,1974.0,,,,"https://static.www.nfl.com/image/private/f_auto,q_auto/league/jdjvuqku5r79js0b3p4p"
585,John Huarte,,,,,,,,,,,,,,,,,
586,John Hufnagel,HUF778665,John Hufnagel,,John,Hufnagel,,RET,1951-09-13,Penn State,73.0,194.0,,1974.0,,,,"https://static.www.nfl.com/image/private/f_auto,q_auto/league/ggvbus7rjko0rnov9xoh"
587,John Jones,JON485012,John Jones,,John,Jones,,RET,1952-04-16,Fisk University,73.0,190.0,,1975.0,,,,"https://static.www.nfl.com/image/private/f_auto,q_auto/league/nuk8bqxt62thgstmq99a"
588,John McCarthy,MCC199320,John McCarthy,,John,McCarthy,,RET,1961-01-31,Williams College,76.0,212.0,,1987.0,,,,"https://static.www.nfl.com/image/private/f_auto,q_auto/league/bpsx1ldcgmqkvu6t65i9"
589,John McCormick,,,,,,,,,,,,,,,,,
590,John Navarre,00-0022827,John Navarre,,John,Navarre,,RET,1980-09-09,Michigan,78.0,243.0,2004.0,2004.0,202.0,7.0,ARI,"https://static.www.nfl.com/image/private/f_auto,q_auto/league/oljtjodnockl7qiiznxf"
591,John Paci,00-0012489,John Paci,,John,Paci,,RET,1972-07-19,Indiana,75.0,218.0,,1996.0,,,,"https://static.www.nfl.com/image/private/f_auto,q_auto/league/lqgq5lgb1bsytpnl2ww9"
592,John Parker Wilson,00-0026505,John Parker Wilson,,John,Wilson,,RET,1985-10-17,Alabama,74.0,215.0,,2009.0,,,,"https://static.www.nfl.com/image/private/f_auto,q_auto/league/wehosdqmgramlgbhnlos"
593,John Paye,PAY092287,John Paye,,John,Paye,,RET,1965-03-30,Stanford,75.0,205.0,,1988.0,,,,"https://static.www.nfl.com/image/private/f_auto,q_auto/league/vq4obsxsjcbeujilblvr"
594,John Rauch,,,,,,,,,,,,,,,,,
595,John Reaves,REA705993,John Reaves,,Thomas,Reaves,,RET,1950-03-02,Florida,75.0,210.0,,1974.0,,,,"https://static.www.nfl.com/image/private/f_auto,q_auto/league/khvbuolo5tskkp7tfvn9"
596,John Roach,,,,,,,,,,,,,,,,,
597,John Skelton,00-0027754,John Skelton,,John,Skelton,,RET,1988-03-17,Fordham,78.0,250.0,2010.0,2010.0,155.0,5.0,ARI,"https://static.www.nfl.com/image/private/f_auto,q_auto/league/g3hlqbn08gzx7cneob5i"
598,John Stofa,,,,,,,,,,,,,,,,,
599,John Walsh,00-0017115,John Walsh,,John,Walsh,,RET,1972-12-12,BYU,76.0,215.0,,1995.0,,,,"https://static.www.nfl.com/image/private/f_auto,q_auto/league/l2g526oc92tngbfsrrrc"
600,John Walton,WAL790614,John Walton,,Johnnie,Walton,,RET,1947-10-04,Elizabeth City State Univ,74.0,210.0,,1976.0,,,,"https://static.www.nfl.com/image/private/f_auto,q_auto/league/nz4oswpo3rjdrzv250jf"
601,John Witkowski,WIT259555,John Witkowski,,John,Witkowski,,RET,1962-06-18,Columbia; Nassau CC,73.0,200.0,1984.0,1984.0,160.0,6.0,DET,"https://static.www.nfl.com/image/private/f_auto,q_auto/league/kms4wif6ieei9jbddlxg"
602,John Wolford,00-0034899,John Wolford,John,John,Wolford,J.Wolford,INA,1995-10-16,Wake Forest,73.0,218.0,,2019.0,,,,"https://static.www.nfl.com/image/upload/f_auto,q_auto/league/rx1z0on3krils5gvkgj4"
603,Johnny Green,,,,,,,,,,,,,,,,,
604,Johnny Johnson,00-0008547,Johnny Johnson,,Johnny,Johnson,,RET,1973-01-21,Illinois,73.0,202.0,,1996.0,,,,"https://static.www.nfl.com/image/private/f_auto,q_auto/league/mw6wl5wneloyz4u874ak"
605,Johnny Lujack,,,,,,,,,,,,,,,,,
606,Johnny Manziel,00-0031409,Johnny Manziel,Johnny,Johnathan,Manziel,,RET,1992-12-06,Texas A&M,72.0,210.0,2014.0,2014.0,22.0,1.0,CLE,"https://static.www.nfl.com/image/private/f_auto,q_auto/league/a0ql3eziqinxvo0szfhk"
607,Johnny Unitas,,,,,,,,,,,,,,,,,
608,Jon Kitna,00-0009311,Jon Kitna,,Jon,Kitna,,RET,1972-09-21,Central Washington University,74.0,220.0,,1997.0,,,,"https://static.www.nfl.com/image/private/f_auto,q_auto/league/rxrfxfbom7grkpnv94cp"
609,Jon Stark,00-0015571,Jon Stark,,Jon,Stark,,RET,1973-02-22,"Trinity College, Deerfield; Florida State; Liberty",75.0,222.0,,1996.0,,,,"https://static.www.nfl.com/image/private/f_auto,q_auto/league/uxznwulo4tlr2xlhdwyy"
610,Jonathan Crompton,00-0027767,Jonathan Crompton,,Jonathan,Crompton,,RET,1987-07-25,Tennessee,75.0,222.0,2010.0,2010.0,168.0,5.0,LAC,"https://static.www.nfl.com/image/private/f_auto,q_auto/league/f1budabnztg4jkan4jxv"
611,Jonathan Quinn,00-0013338,Jonathan Quinn,,Jonathan,Quinn,,RET,1975-02-27,Middle Tennessee State; Tulane,78.0,240.0,1998.0,1998.0,86.0,3.0,JAX,"https://static.www.nfl.com/image/private/f_auto,q_auto/league/si9khqodmgm8fhdemxku"
612,Jordan Love,00-0036264,Jordan Love,Jordan,Jordan,Love,J.Love,ACT,1998-11-02,Utah State,76.0,219.0,2020.0,2020.0,26.0,1.0,GB,"https://static.www.nfl.com/image/upload/f_auto,q_auto/league/thz8stjkbjwddxqnozi5"
613,Jordan Palmer,00-0025592,Jordan Palmer,,Jordan,Palmer,,RET,1984-05-30,Texas-El Paso,77.0,230.0,2007.0,2008.0,205.0,6.0,WAS,"https://static.www.nfl.com/image/private/f_auto,q_auto/league/edcnnk7pxvygycziwfoh"
614,Jordan Rodgers,00-0029956,Jordan Rodgers,,Jordan,Rodgers,,RET,1988-08-30,Vanderbilt,73.0,212.0,,2013.0,,,,"https://static.www.nfl.com/image/private/f_auto,q_auto/league/dpjkja49n35ilhv4cmyz"
615,Jordan Ta'amu,00-0035735,Jordan Ta'amu,Jordan,Jordan,Ta'amu-Perifanos,J.Ta'amu,RET,1997-12-10,Mississippi; New Mexico Military Institute,75.0,214.0,,2020.0,,,,"https://static.www.nfl.com/image/private/f_auto,q_auto/league/ygqbbs2dtzidaezfdfy7"
616,Jordan Travis,00-0039797,Jordan Travis,Jordan,Jordan,Travis,J.Travis,RET,2000-05-02,Florida State; Louisville,73.0,200.0,2024.0,2024.0,171.0,5.0,NYJ,"https://static.www.nfl.com/image/upload/f_auto,q_auto/league/vmx75tdqnnncihvcxksg"
617,Josh Allen,00-0034857,Josh Allen,Josh,Joshua,Allen,J.Allen,ACT,1996-05-21,Wyoming; Reedley,77.0,237.0,2018.0,2018.0,7.0,1.0,BUF,"https://static.www.nfl.com/image/upload/f_auto,q_auto/league/mjwbioajzldkq1vzoz2d"
618,Josh Betts,00-0023923,Josh Betts,,Josh,Betts,,RET,1982-08-25,Miami (Ohio),74.0,217.0,,2006.0,,,,"https://static.www.nfl.com/image/private/f_auto,q_auto/league/vrtaecwlrhqbcafsf5yj"
619,Josh Booty,00-0020486,Josh Booty,,Joshua,Booty,,RET,1975-04-29,LSU,74.0,221.0,,2001.0,,,,"https://static.www.nfl.com/image/private/f_auto,q_auto/league/vjt2tqnj0wjhz0cl12is"
620,Josh Freeman,00-0026993,Josh Freeman,Josh,Josh,Freeman,,RET,1988-01-13,Kansas State,78.0,240.0,2009.0,2009.0,17.0,1.0,TB,"https://static.www.nfl.com/image/private/f_auto,q_auto/league/cwcasm6m73fx1mjpjk3n"
621,Josh Harris,00-0022800,Josh Harris,,Josh,Harris,,RET,1982-09-09,Bowling Green,73.0,238.0,,2004.0,,,,"https://static.www.nfl.com/image/private/f_auto,q_auto/league/v4vavuzgdi8b6e92xuym"
622,Josh Heupel,00-0020436,Josh Heupel,,Josh,Heupel,,RET,1978-03-22,Oklahoma,73.0,215.0,,2001.0,,,,"https://static.www.nfl.com/image/private/f_auto,q_auto/league/xvzejl0fi7swsiwg1rvo"
623,Josh Johnson,00-0026300,Josh Johnson,Josh,Joshua,Johnson,J.Johnson,ACT,1986-05-15,San Diego,75.0,219.0,2008.0,2008.0,160.0,5.0,TB,"https://static.www.nfl.com/image/upload/f_auto,q_auto/league/sijqkai2yy1cbw3rwndh"
624,Josh Love,LOV131275,Josh Love,,Josh,Love,,RET,1996-11-28,San Jose State,74.0,205.0,,2021.0,,,,"https://static.www.nfl.com/image/private/f_auto,q_auto/league/mrqidqcmqdzscjcfs88e"
625,Josh McCown,00-0021206,Josh McCown,Josh,Joshua,McCown,J.McCown,RET,1979-07-04,Sam Houston State; SMU,76.0,218.0,2002.0,2002.0,81.0,3.0,ARI,"https://static.www.nfl.com/image/private/f_auto,q_auto/league/qcauc37wqjdaxdbq1evu"
626,Josh Portis,00-0028446,Josh Portis,,Joshua,Portis,,RET,1987-07-14,California (PA),75.0,211.0,,2011.0,,,,"https://static.www.nfl.com/image/private/f_auto,q_auto/league/rqv1waqkosiqpkqlqvml"
627,Josh Rosen,00-0034343,Josh Rosen,Josh,Joshua,Rosen,J.Rosen,RET,1997-02-10,UCLA,76.0,215.0,2018.0,2018.0,10.0,1.0,ARI,"https://static.www.nfl.com/image/private/f_auto,q_auto/league/nqycxzi8tkcyauk55mj8"
628,Josh Woodrum,00-0032658,Josh Woodrum,Josh,Joshua,Woodrum,J.Woodrum,RET,1992-11-07,Liberty,75.0,230.0,,2016.0,,,,"https://static.www.nfl.com/image/private/f_auto,q_auto/league/kwb1tbij9zck2cvoh7h1"
629,Joshua Dobbs,00-0033949,Joshua Dobbs,Joshua,Robert,Dobbs,J.Dobbs,ACT,1995-01-26,Tennessee,75.0,216.0,2017.0,2017.0,135.0,4.0,PIT,"https://static.www.nfl.com/image/upload/f_auto,q_auto/league/twaqqjexyi0vgyfbvzis"
630,Joshua Nesbitt,00-0028508,Joshua Nesbitt,,Joshua,Nesbitt,,RET,1988-04-15,Georgia Tech,73.0,222.0,,2011.0,,,,"https://static.www.nfl.com/image/private/f_auto,q_auto/league/j4uxtaigs3t3zcefoxj0"
631,June Jones,JON518232,June Jones,,June,Jones,,RET,1953-02-19,Portland State; Hawaii; Oregon,76.0,200.0,,1977.0,,,,"https://static.www.nfl.com/image/private/f_auto,q_auto/league/nqrnjdizdygpzwma5bub"
632,Justin Fields,00-0036945,Justin Fields,Justin,Justin,Fields,J.Fields,RES,1999-03-05,Ohio State,75.0,227.0,2021.0,2021.0,11.0,1.0,CHI,"https://static.www.nfl.com/image/upload/f_auto,q_auto/league/npjrombgxkc5vjkctcgy"
633,Justin Herbert,00-0036355,Justin Herbert,Justin,Justin,Herbert,J.Herbert,ACT,1998-03-10,Oregon,78.0,236.0,2020.0,2020.0,6.0,1.0,LAC,"https://static.www.nfl.com/image/upload/f_auto,q_auto/league/jnkspnntgebegzp4ghve"
634,Justin Worley,WOR632160,Justin Worley,,Justin,Worley,,RET,1992-11-20,Tennessee,76.0,222.0,,2015.0,,,,"https://static.www.nfl.com/image/private/f_auto,q_auto/league/r2llocuvdl8bwifo7bas"
635,Karl Sweetan,,,,,,,,,,,,,,,,,
636,Kay Stephenson,,,,,,,,,,,,,,,,,
637,Kedon Slovis,00-0039577,Kedon Slovis,Kedon,Kedon,Slovis,K.Slovis,ACT,2001-04-11,BYU; Pittsburgh; USC,74.0,223.0,,2024.0,,,,"https://static.www.nfl.com/image/upload/f_auto,q_auto/league/hkvrcpwl9tm41jr3b0x3"
638,Keith Bishop,BIS415290,Keith Bishop,,Keith,Bishop,,RET,1963-05-29,Baylor,76.0,190.0,,1987.0,,,,"https://static.www.nfl.com/image/private/f_auto,q_auto/league/fopvmcyfvau0xboe4h0k"
639,Keith Null,00-0027131,Keith Null,,Keith,Null,,RET,1985-09-24,West Texas State,76.0,219.0,2009.0,2009.0,196.0,6.0,LAR,"https://static.www.nfl.com/image/private/f_auto,q_auto/league/socfjpxnipwjx6sucd9z"
640,Keith Wenning,00-0030998,Keith Wenning,Keith,Keith,Wenning,K.Wenning,RET,1991-02-14,Ball State,75.0,225.0,2014.0,2014.0,194.0,6.0,BAL,"https://static.www.nfl.com/image/private/f_auto,q_auto/league/di5olxixsq7i5phnfkj6"
641,Kellen Clemens,00-0024264,Kellen Clemens,Kellen,Kellen,Clemens,K.Clemens,RET,1983-06-06,Oregon,74.0,220.0,2006.0,2006.0,49.0,2.0,NYJ,"https://static.www.nfl.com/image/private/f_auto,q_auto/league/pxungqbhh61ov73tzaxk"
642,Kellen Mond,00-0036946,Kellen Mond,Kellen,Kellen,Mond,K.Mond,RET,1999-06-22,Texas A&M,75.0,217.0,2021.0,2021.0,66.0,3.0,MIN,"https://static.www.nfl.com/image/private/f_auto,q_auto/league/gkyy94nwpf2z7eecwvbw"
643,Kellen Moore,00-0029234,Kellen Moore,Kellen,Kellen,Moore,K.Moore,RET,1988-07-05,Boise State,72.0,200.0,,2012.0,,,,"https://static.www.nfl.com/image/private/f_auto,q_auto/league/cgppx5hltvlebgm5ywor"
644,Kelly Holcomb,00-0007576,Kelly Holcomb,,Bryan,Holcomb,,RET,1973-07-09,Middle Tennessee State,74.0,216.0,,1996.0,,,,"https://static.www.nfl.com/image/private/f_auto,q_auto/league/twyprbkmfzcmsnmyuh90"
645,Kelly Stouffer,00-0015778,Kelly Stouffer,,Kelly,Stouffer,,RET,1964-07-06,Colorado State; Garden City CC,75.0,210.0,1987.0,1988.0,6.0,1.0,LAR,"https://static.www.nfl.com/image/private/f_auto,q_auto/league/dzvcp9b7v93qbnup0qtj"
646,Ken Anderson,AND324128,Ken Anderson,,Kenneth,Anderson,,RET,1949-02-15,Augustana College (Ill.),74.0,212.0,,1974.0,,,,"https://static.www.nfl.com/image/private/f_auto,q_auto/league/qlilbvrc2y7gvr35lr9c"
647,Ken Dorsey,00-0022039,Ken Dorsey,,Kenneth,Dorsey,,RET,1981-04-22,Miami,76.0,215.0,2003.0,2003.0,241.0,7.0,SF,"https://static.www.nfl.com/image/private/f_auto,q_auto/league/wdcxbnp85r8yplbmkwk3"
648,Ken Johnson,JOH399016,Ken Johnson,,Kenneth,Johnson,,RET,1951-01-05,Colorado,74.0,205.0,,1977.0,,,,"https://static.www.nfl.com/image/private/f_auto,q_auto/league/moxs546ggi9xun9iyiwh"
649,Ken Karcher,KAR197755,Ken Karcher,,Kenneth,Karcher,,RET,1963-07-01,Tulane; Notre Dame; Delgado Community College,75.0,205.0,,1987.0,,,,"https://static.www.nfl.com/image/private/f_auto,q_auto/league/s71fviboope2mhinztof"
650,Ken O'Brien,00-0012246,Ken O'Brien,,Kenneth,O'Brien,,RET,1960-11-27,UC Davis; Sacramento State,76.0,210.0,1983.0,1983.0,24.0,1.0,NYJ,"https://static.www.nfl.com/image/private/f_auto,q_auto/league/uvy0opr8dz2irype6l8l"
651,Ken Stabler,STA013616,Ken Stabler,,Kenneth,Stabler,,RET,1945-12-25,Alabama,75.0,215.0,,1974.0,,,,"https://static.www.nfl.com/image/private/f_auto,q_auto/league/anwcmgpsprhjrkrwwklo"
652,Kendall Hinton,00-0035864,Kendall Hinton,Kendall,Kendall,Hinton,K.Hinton,RET,1997-02-19,Wake Forest,72.0,195.0,,2020.0,,,,"https://static.www.nfl.com/image/private/f_auto,q_auto/league/emvbhstqosvayr6dm2jp"
653,Kenji Bahar,00-0036549,Kenji Bahar,Kenji,Kenji,Bahar,K.Bahar,RET,1997-09-21,Monmouth,75.0,190.0,,2021.0,,,,
654,Kenny Pickett,00-0038102,Kenny Pickett,Kenny,Kenneth,Pickett,K.Pickett,ACT,1998-06-06,Pittsburgh,75.0,220.0,2022.0,2022.0,20.0,1.0,PIT,"https://static.www.nfl.com/image/upload/f_auto,q_auto/league/gw6lyiuevyuspfkglnmj"
655,Kent Austin,AUS622932,Kent Austin,,Richard,Austin,,RET,1963-06-25,Mississippi,73.0,195.0,1986.0,1986.0,312.0,12.0,LAR,"https://static.www.nfl.com/image/private/f_auto,q_auto/league/vjy37txtjrrhn6h9cnwm"
656,Kent Graham,00-0006212,Kent Graham,,Kent,Graham,,RET,1968-11-01,Ohio State; Notre Dame,78.0,248.0,1992.0,1992.0,211.0,8.0,NYG,"https://static.www.nfl.com/image/private/f_auto,q_auto/league/vz3a1vly64t07tpjtqx0"
657,Kent Nix,,,,,,,,,,,,,,,,,
658,Kent Smith,00-0023946,Kent Smith,,Kent,Smith,,RET,1983-09-05,Central Michigan,77.0,215.0,,2006.0,,,,"https://static.www.nfl.com/image/private/f_auto,q_auto/league/thd8wizd3sgqixutx3ss"
659,Kerry Collins,00-0003292,Kerry Collins,,Kerry,Collins,,RET,1972-12-30,Penn State,77.0,247.0,1995.0,1995.0,5.0,1.0,CAR,"https://static.www.nfl.com/image/private/f_auto,q_auto/league/jse9o88qf7weuicc1wwz"
660,Kerwin Bell,00-0001034,Kerwin Bell,,Kerwin,Bell,,RET,1965-06-15,Florida,75.0,210.0,1988.0,1988.0,180.0,7.0,MIA,"https://static.www.nfl.com/image/private/f_auto,q_auto/league/kcjxovs2imdqohzyqky4"
661,Kevin Daft,00-0003819,Kevin Daft,,Kevin,Daft,,RET,1975-11-19,UC Davis,73.0,207.0,,1999.0,,,,"https://static.www.nfl.com/image/private/f_auto,q_auto/league/grasxide783a7h7ltify"
662,Kevin Eakin,00-0023431,Kevin Eakin,,Kevin,Eakin,,RET,1981-06-22,Fordham,73.0,225.0,,2007.0,,,,"https://static.www.nfl.com/image/private/f_auto,q_auto/league/dohqvm0a3gndiuuv7ujz"
663,Kevin Hogan,00-0032784,Kevin Hogan,Kevin,Kevin,Hogan,K.Hogan,RET,1992-10-20,Stanford,75.0,218.0,2016.0,2016.0,162.0,5.0,KC,"https://static.www.nfl.com/image/private/f_auto,q_auto/league/cuyxl0uprwddruvea1ma"
664,Kevin Ingram,ING581406,Kevin Ingram,,Kevin,Ingram,,RET,1962-04-26,East Carolina,72.0,178.0,,1987.0,,,,"https://static.www.nfl.com/image/private/f_auto,q_auto/league/nfd5dtq3b5h7rr3dtyhd"
665,Kevin Kolb,00-0025423,Kevin Kolb,,Kevin,Kolb,,RET,1984-08-24,Houston,75.0,218.0,2007.0,2007.0,36.0,2.0,PHI,"https://static.www.nfl.com/image/private/f_auto,q_auto/league/ebtp5o1rj5hosmncg7iz"
666,Kevin O'Connell,00-0026234,Kevin O'Connell,,Kevin,O'Connell,,RET,1985-05-25,San Diego State,77.0,225.0,2008.0,2008.0,94.0,3.0,NE,"https://static.www.nfl.com/image/private/f_auto,q_auto/league/rb0iwjhoall6wtvcuhdn"
667,Kevin Sweeney,SWE237308,Kevin Sweeney,,Kevin,Sweeney,,RET,1963-11-16,Fresno State,72.0,191.0,1987.0,1987.0,180.0,7.0,DAL,"https://static.www.nfl.com/image/private/f_auto,q_auto/league/tof2heqnhwmhbehzdunb"
668,Kevin Thompson,00-0019278,Kevin Thompson,,Kevin,Thompson,,RET,1977-07-27,Penn State,77.0,236.0,,2000.0,,,,"https://static.www.nfl.com/image/private/f_auto,q_auto/league/wo57a35vrbif1af5merf"
669,Kim McQuilken,MCQ692150,Kim McQuilken,,Kim,McQuilken,,RET,1951-02-26,Lehigh University,74.0,203.0,1974.0,1974.0,69.0,3.0,ATL,"https://static.www.nfl.com/image/private/f_auto,q_auto/league/p9k4eo8gaa4wsxoxmo0r"
670,King Hill,,,,,,,,,,,,,,,,,
671,Kirk Cousins,00-0029604,Kirk Cousins,Kirk,Kirk,Cousins,K.Cousins,ACT,1988-08-19,Michigan State,75.0,209.0,2012.0,2012.0,102.0,4.0,WAS,"https://static.www.nfl.com/image/upload/f_auto,q_auto/league/za7cynvpwlsro1tsaijk"
672,Kirk Farmer,00-0021822,Kirk Farmer,,Michael,Farmer,,RET,1979-08-27,Missouri,77.0,218.0,,2003.0,,,,"https://static.www.nfl.com/image/private/f_auto,q_auto/league/tvzlha69fdhifzrkorrf"
673,Kliff Kingsbury,00-0022027,Kliff Kingsbury,,Kliff,Kingsbury,,RET,1979-08-09,Texas Tech,75.0,220.0,2003.0,2003.0,201.0,6.0,NE,"https://static.www.nfl.com/image/private/f_auto,q_auto/league/qxp04umqlreollm2gocy"
674,Kordell Stewart,00-0015700,Kordell Stewart,,Kordell,Stewart,,RET,1972-10-16,Colorado,73.0,218.0,1995.0,1995.0,60.0,2.0,PIT,"https://static.www.nfl.com/image/private/f_auto,q_auto/league/wyel70n1iopggkgtup2x"
675,Koy Detmer,00-0004229,Koy Detmer,,Koy,Detmer,,RET,1973-07-05,Colorado,73.0,195.0,1997.0,1997.0,207.0,7.0,PHI,"https://static.www.nfl.com/image/private/f_auto,q_auto/league/pelabyebeegnjnhnmv3n"
676,Kurt Benkert,00-0034131,Kurt Benkert,Kurt,Kurt,Benkert,K.Benkert,RET,1995-07-17,Virginia; East Carolina,75.0,218.0,,2018.0,,,,"https://static.www.nfl.com/image/private/f_auto,q_auto/league/lq7drrswvcbnkyghztab"
677,Kurt Kittner,00-0021271,Kurt Kittner,,Kurt,Kittner,,RET,1980-01-23,Illinois,74.0,211.0,2002.0,2002.0,158.0,5.0,ATL,"https://static.www.nfl.com/image/private/f_auto,q_auto/league/vi0ondemk9x71uj5ho5t"
678,Kurt Warner,00-0017200,Kurt Warner,,Kurtis,Warner,,RET,1971-06-22,Northern Iowa,74.0,214.0,,1998.0,,,,"https://static.www.nfl.com/image/private/f_auto,q_auto/league/xlgzhoozvi1agd8hn4kk"
679,Kurtis Rourke,00-0040589,Kurtis Rourke,Kurtis,Kurtis,Rourke,K.Rourke,RES,2000-10-25,Indiana,76.0,221.0,2025.0,2025.0,227.0,7.0,SF,"https://static.www.nfl.com/image/upload/f_auto,q_auto/league/rq4swf5c2ar45ljuc0w2"
680,Kyle Allen,00-0034577,Kyle Allen,Kyle,Kyle,Allen,K.Allen,ACT,1996-03-08,Houston; Texas A&M,75.0,210.0,,2018.0,,,,"https://static.www.nfl.com/image/upload/f_auto,q_auto/league/s3vbqdcoc6oc6yh460v9"
681,Kyle Boller,00-0022164,Kyle Boller,,Kyle,Boller,,RET,1981-06-17,California,75.0,220.0,2003.0,2003.0,19.0,1.0,BAL,"https://static.www.nfl.com/image/private/f_auto,q_auto/league/olhzjv0wts7mf0yzw9vw"
682,Kyle Grossart,GRO427867,Kyle Grossart,,Kyle,Grossart,,RET,1955-01-19,Oregon State,76.0,215.0,,1980.0,,,,"https://static.www.nfl.com/image/private/f_auto,q_auto/league/scnlz4khigpiw7ewgoll"
683,Kyle Lauletta,00-0034369,Kyle Lauletta,Kyle,Kyle,Lauletta,K.Lauletta,RET,1995-03-17,Richmond,75.0,222.0,2018.0,2018.0,108.0,4.0,NYG,"https://static.www.nfl.com/image/private/f_auto,q_auto/league/pp8tdknrv8r1cmq1rgkf"
684,Kyle Mackey,MAC546425,Kyle Mackey,,Kyle,Mackey,,RET,1962-03-02,Texas A&M-Commerce,75.0,220.0,1984.0,1984.0,296.0,11.0,LAR,"https://static.www.nfl.com/image/private/f_auto,q_auto/league/fxqckdmlnhhnjnlymmwo"
685,Kyle McCord,00-0040014,Kyle McCord,Kyle,Kyle,McCord,K.McCord,DEV,2002-09-19,Syracuse; Ohio State,75.0,218.0,2025.0,2025.0,181.0,6.0,PHI,"https://static.www.nfl.com/image/upload/f_auto,q_auto/league/smdh2mmu457aammcblth"
686,Kyle Orton,00-0023541,Kyle Orton,,Kyle,Orton,,RET,1982-11-14,Purdue,76.0,228.0,2005.0,2005.0,106.0,4.0,CHI,"https://static.www.nfl.com/image/private/f_auto,q_auto/league/tp8xryc1hpbldyjolsdc"
687,Kyle Shurmur,00-0035163,Kyle Shurmur,Kyle,Kyle,Shurmur,K.Shurmur,RET,1996-11-06,Vanderbilt,76.0,225.0,,2019.0,,,,"https://static.www.nfl.com/image/private/f_auto,q_auto/league/g1smqpjhrqvgbto7layh"
688,Kyle Sloter,00-0033672,Kyle Sloter,Kyle,Kyle,Sloter,K.Sloter,RET,1994-02-07,Northern Colorado,77.0,218.0,,2017.0,,,,"https://static.www.nfl.com/image/private/f_auto,q_auto/league/cwovj6np7arfxvsxmoeu"
689,Kyle Trask,00-0036928,Kyle Trask,Kyle,Kyle,Trask,K.Trask,DEV,1998-03-06,Florida,77.0,236.0,2021.0,2021.0,64.0,2.0,TB,"https://static.www.nfl.com/image/upload/f_auto,q_auto/league/xd0hbsqzz2xhh392woow"
690,Kyler Murray,00-0035228,Kyler Murray,Kyler,Kyler,Murray,K.Murray,RES,1997-08-07,Oklahoma; Texas A&M,70.0,207.0,2019.0,2019.0,1.0,1.0,ARI,"https://static.www.nfl.com/image/upload/f_auto,q_auto/league/btfruyf33adgnjzpcuen"
691,Lamar Jackson,00-0034796,Lamar Jackson,Lamar,Lamar,Jackson,L.Jackson,ACT,1997-01-07,Louisville,74.0,205.0,2018.0,2018.0,32.0,1.0,BAL,"https://static.www.nfl.com/image/upload/f_auto,q_auto/league/eno6s5qzl9grbfbfwhoa"
692,Lamar McHan,,,,,,,,,,,,,,,,,
693,Landry Jones,00-0030524,Landry Jones,Landry,Matthew,Jones,L.Jones,RET,1989-04-04,Oklahoma,76.0,225.0,2013.0,2013.0,115.0,4.0,PIT,"https://static.www.nfl.com/image/private/f_auto,q_auto/league/rxewfnskdqvfmsui48ta"
694,Lang Campbell,00-0023306,Lang Campbell,,Lang,Campbell,,RET,1981-09-25,William & Mary,73.0,199.0,,2006.0,,,,"https://static.www.nfl.com/image/private/f_auto,q_auto/league/vpqx8tp8w4uesweiueto"
695,Larry Cipa,CIP415291,Larry Cipa,,Lawrence,Cipa,,RET,1951-10-05,Michigan,75.0,209.0,1974.0,1974.0,373.0,15.0,NO,"https://static.www.nfl.com/image/private/f_auto,q_auto/league/alykpce5uigfmzsbw1uo"
696,Larry Fortner,FOR707878,Larry Fortner,,Lawrence,Fortner,,RET,1955-12-24,Miami,76.0,209.0,,1979.0,,,,"https://static.www.nfl.com/image/private/f_auto,q_auto/league/ivxm9hxkddkdz3pzkbut"
697,Larry Lawrence,LAW433344,Larry Lawrence,,Larry,Lawrence,,RET,1949-04-11,Miami; Iowa,73.0,208.0,,1974.0,,,,"https://static.www.nfl.com/image/private/f_auto,q_auto/league/ym0wxxanfqybwgbqetc2"
698,Larry Miller,MIL378258,Larry Miller,,Lawrence,Miller,,RET,1962-02-08,Northern Iowa,76.0,220.0,,1987.0,,,,"https://static.www.nfl.com/image/private/f_auto,q_auto/league/mf3tgxfeuji7mpji5dih"
699,Larry Rakestraw,,,,,,,,,,,,,,,,,
700,Lee Grosscup,,,,,,,,,,,,,,,,,
701,Lee Saltz,00-0014282,Lee Saltz,,Lee,Saltz,,RET,1963-09-25,Temple,73.0,200.0,,1992.0,,,,"https://static.www.nfl.com/image/private/f_auto,q_auto/league/gm78ca4qws0cwyhnjbqb"
702,Lee Williamson,WIL592204,Lee Williamson,,Lee,Williamson,,RET,1968-08-10,Presbyterian College,76.0,206.0,,1994.0,,,,"https://static.www.nfl.com/image/private/f_auto,q_auto/league/spo3e5sed4my0cehocgd"
703,Len Dawson,DAW622932,Len Dawson,,Leonard,Dawson,,RET,1935-06-20,Purdue,72.0,190.0,,1974.0,,,,"https://static.www.nfl.com/image/private/f_auto,q_auto/league/wjhfcfla4n2g59oax8od"
704,Leo Hart,,,,,,,,,,,,,,,,,
705,Lester Ricard,00-0025664,Lester Ricard,,Lester,Ricard,,RET,1983-12-11,Tulane,77.0,222.0,,2007.0,,,,"https://static.www.nfl.com/image/private/f_auto,q_auto/league/mrkzarfpkjq6y6e59a2k"
706,Levi Brown,00-0027804,Levi Brown,,Jacob,Brown,,RET,1987-03-11,Troy; Richmond,76.0,225.0,2010.0,2010.0,209.0,7.0,BUF,"https://static.www.nfl.com/image/private/f_auto,q_auto/league/t8thon2evvfywspr3uuv"
707,Logan Woodside,00-0034438,Logan Woodside,Logan,Logan,Woodside,L.Woodside,DEV,1995-01-27,Toledo,73.0,210.0,2018.0,2018.0,249.0,7.0,CIN,"https://static.www.nfl.com/image/upload/f_auto,q_auto/league/hf5rgpjctslpwjzl0er9"
708,Loren Snyder,SNY461435,Loren Snyder,,Loren,Snyder,,RET,1963-11-28,Northern Colorado,76.0,207.0,,1987.0,,,,"https://static.www.nfl.com/image/private/f_auto,q_auto/league/o3yu1yujq1qu84erwynw"
709,Luis Perez,00-0034737,Luis Perez,Luis,Luis,Perez,L.Perez,RET,1994-08-26,Texas A&M-Commerce,75.0,218.0,,2018.0,,,,"https://static.www.nfl.com/image/private/f_auto,q_auto/league/elbfiuz2jv1dz5lnq2pw"
710,Luke Altmyer,00-0041453,Luke Altmyer,Luke,Luke,Altmyer,L.Altmyer,RET,2002-10-22,Illinois; Mississippi,73.0,213.0,,2026.0,,,,"https://static.www.nfl.com/image/upload/f_auto,q_auto/league/eriopmdwcfjude1cptvi"
711,Luke Falk,00-0034412,Luke Falk,Luke,Luke,Falk,L.Falk,RET,1994-12-28,Washington State,76.0,215.0,2018.0,2018.0,199.0,6.0,TEN,"https://static.www.nfl.com/image/private/f_auto,q_auto/league/caeic48dkstqkisxvs0x"
712,Luke McCown,00-0022864,Luke McCown,Luke,Luke,McCown,L.McCown,RET,1981-07-12,Louisiana Tech,76.0,217.0,2004.0,2004.0,106.0,4.0,CLE,"https://static.www.nfl.com/image/private/f_auto,q_auto/league/pj2lbdhplppzlywlzsbr"
713,Lynn Dickey,DIC387604,Lynn Dickey,,Clifford,Dickey,,RET,1949-10-19,Kansas State,75.0,214.0,,1974.0,,,,"https://static.www.nfl.com/image/private/f_auto,q_auto/league/gwlwkc0uggwu94p260y5"
714,M.C. Reynolds,,,,,,,,,,,,,,,,,
715,Mac Jones,00-0036972,Mac Jones,Mac,Michael,Jones,M.Jones,ACT,1998-09-05,Alabama,75.0,220.0,2021.0,2021.0,15.0,1.0,NE,"https://static.www.nfl.com/image/upload/f_auto,q_auto/league/mbdwfwiuhl0ib5ajtmzq"
716,Malik Willis,00-0038128,Malik Willis,Malik,Malik,Willis,M.Willis,ACT,1999-05-25,Liberty; Auburn,73.0,225.0,2022.0,2022.0,86.0,3.0,TEN,"https://static.www.nfl.com/image/upload/f_auto,q_auto/league/txvgdbwbryzyyqq6gfet"
717,Manny Wilkins,00-0035077,Manny Wilkins,Manny,Manny,Wilkins,M.Wilkins,RET,1995-11-05,Arizona State,74.0,193.0,,2019.0,,,,"https://static.www.nfl.com/image/private/f_auto,q_auto/league/di0picl4uc2ft6jx6hv4"
718,Marc Bulger,00-0019599,Marc Bulger,,Marc,Bulger,,RET,1977-04-05,West Virginia,75.0,208.0,2000.0,2001.0,168.0,6.0,NO,"https://static.www.nfl.com/image/private/f_auto,q_auto/league/vww6hwhkqzevfn6nsnhw"
719,Marc Wilson,WIL749592,Marc Wilson,,Marc,Wilson,,RET,1957-02-15,BYU,78.0,205.0,1980.0,1980.0,15.0,1.0,OAK,"https://static.www.nfl.com/image/private/f_auto,q_auto/league/ockryga7mbp25q7qpooc"
720,Marcus Mariota,00-0032268,Marcus Mariota,Marcus,Marcus,Mariota,M.Mariota,INA,1993-10-30,Oregon,76.0,222.0,2015.0,2015.0,2.0,1.0,TEN,"https://static.www.nfl.com/image/upload/f_auto,q_auto/league/grx6m1fmu1odltjo3y31"
721,Marcus Randall,00-0023145,Marcus Randall,,Marcus,Randall,,RET,1982-03-14,LSU,74.0,221.0,,2005.0,,,,"https://static.www.nfl.com/image/private/f_auto,q_auto/league/smdfcyrmws1vtpnutt93"
722,Mark Brunell,00-0002110,Mark Brunell,,Mark,Brunell,,RET,1970-09-17,Washington,73.0,215.0,1993.0,1993.0,118.0,5.0,GB,"https://static.www.nfl.com/image/private/f_auto,q_auto/league/p91vbvdb7ik4fcjuo7ym"
723,Mark Butterfield,00-0002435,Mark Butterfield,,Mark,Butterfield,,RET,1973-07-14,Stanford,76.0,215.0,,1996.0,,,,"https://static.www.nfl.com/image/private/f_auto,q_auto/league/q6ofspkel0moa73180b7"
724,Mark Gronowski,00-0041156,Mark Gronowski,Mark,Mark,Gronowski,M.Gronowski,RET,2001-10-05,Iowa; South Dakota,74.0,226.0,,2026.0,,,,"https://static.www.nfl.com/image/upload/f_auto,q_auto/league/yqbrulccgmwxaboyy3dx"
725,Mark Hartsell,00-0007059,Mark Hartsell,,Mark,Hartsell,,RET,1973-12-07,Boston College,76.0,225.0,,2000.0,,,,"https://static.www.nfl.com/image/private/f_auto,q_auto/league/i6rcwfoph7iy7cwwsy5g"
726,Mark Herrmann,00-0007340,Mark Herrmann,,Mark,Herrmann,,RET,1959-01-08,Purdue,76.0,184.0,1981.0,1981.0,98.0,4.0,DEN,"https://static.www.nfl.com/image/private/f_auto,q_auto/league/e9dkru9lgdil7s65rqpi"
727,Mark Malone,MAL711918,Mark Malone,,Mark,Malone,,RET,1958-11-22,Arizona State,76.0,223.0,1980.0,1980.0,28.0,1.0,PIT,"https://static.www.nfl.com/image/private/f_auto,q_auto/league/ey0kryydkdjgkhv1qnaq"
728,Mark Manges,MAN207636,Mark Manges,,Mark,Manges,,RET,1956-01-10,Maryland,74.0,210.0,1978.0,1978.0,105.0,4.0,LAR,"https://static.www.nfl.com/image/private/f_auto,q_auto/league/zb8bwhidu3yzv8j9evtu"
729,Mark Miller,MIL419373,Mark Miller,,Mark,Miller,,RET,1956-08-13,Bowling Green,74.0,176.0,1978.0,1978.0,68.0,3.0,CLE,"https://static.www.nfl.com/image/private/f_auto,q_auto/league/olzy3tobiiqjrl8g1anf"
730,Mark Miller,MIL411150,Mark Miller,,Mark,Miller,,RET,1962-11-06,Mesa State College; Colorado State,74.0,210.0,,1987.0,,,,"https://static.www.nfl.com/image/private/f_auto,q_auto/league/tvlisdpy7ifvxarrqnq2"
731,Mark Reed,REE344386,Mark Reed,,Mark,Reed,,RET,1959-02-21,Morehead State University,75.0,201.0,1981.0,1982.0,207.0,8.0,NYG,"https://static.www.nfl.com/image/private/f_auto,q_auto/league/w9mgimdar0qgpqto3mia"
732,Mark Rypien,00-0014234,Mark Rypien,,Mark,Rypien,,RET,1962-10-02,Washington State,76.0,225.0,1986.0,1987.0,146.0,6.0,WAS,"https://static.www.nfl.com/image/private/f_auto,q_auto/league/ecuua46m2ktij2lyxfzd"
733,Mark Sanchez,00-0026898,Mark Sanchez,Mark,Mark,Sanchez,M.Sanchez,RET,1986-11-11,USC,74.0,232.0,2009.0,2009.0,5.0,1.0,NYJ,"https://static.www.nfl.com/image/private/f_auto,q_auto/league/e12qugcuc1cpgkf0crfn"
734,Mark Stevens,STE622908,Mark Stevens,,Mark,Stevens,,RET,1962-02-19,Utah; Purdue; College of Eastern Utah,73.0,190.0,,1987.0,,,,"https://static.www.nfl.com/image/private/f_auto,q_auto/league/btokn8gusodcbilw0ybi"
735,Mark Vlasic,00-0016942,Mark Vlasic,,Mark,Vlasic,,RET,1963-10-25,Iowa,75.0,206.0,1987.0,1987.0,88.0,4.0,LAC,"https://static.www.nfl.com/image/private/f_auto,q_auto/league/mj0jk5py5nh6qprw01no"
736,Marlin Briscoe,,,,,,,,,,,,,,,,,
737,Marquel Blackwell,00-0021720,Marquel Blackwell,,Marquel,Blackwell,,RET,1979-07-29,University of South Florida,71.0,207.0,,2003.0,,,,"https://static.www.nfl.com/image/private/f_auto,q_auto/league/rcmhu7a0kh2yj3hsjhoy"
738,Marques Tuiasosopo,00-0020405,Marques Tuiasosopo,,Marques,Tuiasosopo,,RET,1979-03-22,Washington,73.0,220.0,2001.0,2001.0,59.0,2.0,OAK,"https://static.www.nfl.com/image/private/f_auto,q_auto/league/hshczxf0zgoimgibwd6w"
739,Marty Domres,DOM593270,Marty Domres,,Martin,Domres,,RET,1947-04-17,Columbia,76.0,220.0,,1974.0,,,,"https://static.www.nfl.com/image/private/f_auto,q_auto/league/nzrmbng6rrl4sobcvcpo"
740,Marty Horn,HOR148315,Marty Horn,,Martin,Horn,,RET,1963-03-27,Lehigh University,74.0,206.0,,1987.0,,,,"https://static.www.nfl.com/image/private/f_auto,q_auto/league/q60pfp71bwimkm5kx42v"
741,Mason Rudolph,00-0034771,Mason Rudolph,Mason,Brett,Rudolph,M.Rudolph,ACT,1995-07-17,Oklahoma State,77.0,235.0,2018.0,2018.0,76.0,3.0,PIT,"https://static.www.nfl.com/image/upload/f_auto,q_auto/league/oadtxde6hxz1jgrs618o"
742,Matt Baker,00-0023838,Matt Baker,,Matthew,Baker,,RET,1983-05-11,North Carolina,74.0,217.0,,2006.0,,,,"https://static.www.nfl.com/image/private/f_auto,q_auto/league/wep7lvuvzxw26ncflpsu"
743,Matt Barkley,00-0030533,Matt Barkley,Matt,Matthew,Barkley,M.Barkley,RET,1990-09-08,USC,74.0,227.0,2013.0,2013.0,98.0,4.0,PHI,"https://static.www.nfl.com/image/private/f_auto,q_auto/league/ejvscebj0ufugx5vrouq"
744,Matt Blanchard,00-0029495,Matt Blanchard,,Matt,Blanchard,,RET,1989-03-21,Wisconsin-Whitewater,75.0,225.0,,2012.0,,,,"https://static.www.nfl.com/image/private/f_auto,q_auto/league/zl66ixasz1il3ndcrtxi"
745,Matt Blundin,00-0001387,Matt Blundin,,Matthew,Blundin,,RET,1969-03-07,Virginia,75.0,233.0,1992.0,1992.0,40.0,2.0,KC,"https://static.www.nfl.com/image/private/f_auto,q_auto/league/btpgotmqyae8krjofjac"
746,Matt Cassel,00-0023662,Matt Cassel,Matt,Matthew,Cassel,M.Cassel,RET,1982-05-17,USC,76.0,225.0,2005.0,2005.0,230.0,7.0,NE,"https://static.www.nfl.com/image/private/f_auto,q_auto/league/n1ucqggyu5hlsqzuv5gj"
747,Matt Cavanaugh,00-0002828,Matt Cavanaugh,,Matthew,Cavanaugh,,RET,1956-10-27,Pittsburgh,74.0,212.0,1978.0,1978.0,50.0,2.0,NE,"https://static.www.nfl.com/image/private/f_auto,q_auto/league/bl3tbkdqwye0kvjp7dwm"
748,Matt Corral,00-0038132,Matt Corral,Matt,Matthew,Corral,M.Corral,RET,1999-01-31,Mississippi,74.0,205.0,2022.0,2022.0,94.0,3.0,CAR,"https://static.www.nfl.com/image/private/f_auto,q_auto/league/idekdcxkpymz5exvnkc6"
749,Matt Flynn,00-0026349,Matt Flynn,Matt,Matthew,Flynn,,RET,1985-06-20,LSU,74.0,225.0,2008.0,2008.0,209.0,7.0,GB,"https://static.www.nfl.com/image/private/f_auto,q_auto/league/goh8anyqhyvmkfmfbejp"
750,Matt Gutierrez,00-0024824,Matt Gutierrez,,Matthew,Gutierrez,,RET,1984-06-09,Idaho State; Michigan,76.0,230.0,,2007.0,,,,"https://static.www.nfl.com/image/private/f_auto,q_auto/league/vuoaozig4v78bxqzkjaw"
751,Matt Hasselbeck,00-0007091,Matt Hasselbeck,,Matthew,Hasselbeck,,RET,1975-09-25,Boston College,76.0,235.0,1998.0,1999.0,187.0,6.0,GB,"https://static.www.nfl.com/image/private/f_auto,q_auto/league/t1nf9avoy2kauqwrvzza"
752,Matt Kofler,KOF415291,Matt Kofler,,Matthew,Kofler,,RET,1959-08-30,San Diego State; San Diego Mesa College,75.0,192.0,1982.0,1982.0,48.0,2.0,BUF,"https://static.www.nfl.com/image/private/f_auto,q_auto/league/d0aftpzypgypu47d5pgi"
753,Matt Leinart,00-0024225,Matt Leinart,,Matthew,Leinart,,RET,1983-05-11,USC,77.0,225.0,2006.0,2006.0,10.0,1.0,ARI,"https://static.www.nfl.com/image/private/f_auto,q_auto/league/y1vcveczcmnterc5qphn"
754,Matt Lytle,00-0010206,Matt Lytle,,Matthew,Lytle,,RET,1975-09-04,Pittsburgh,76.0,225.0,,2000.0,,,,"https://static.www.nfl.com/image/private/f_auto,q_auto/league/wvvg8iq93gqd1exfbyvl"
755,Matt Mauck,00-0022768,Matt Mauck,,Matthew,Mauck,,RET,1979-02-12,LSU,74.0,220.0,2004.0,2004.0,225.0,7.0,DEN,"https://static.www.nfl.com/image/private/f_auto,q_auto/league/pljheww872q9g0zegshd"
756,Matt McGloin,00-0030419,Matt McGloin,Matt,Matthew,McGloin,M.McGloin,RET,1989-12-02,Penn State,73.0,210.0,,2013.0,,,,"https://static.www.nfl.com/image/private/f_auto,q_auto/league/zwrox2g1yauaa1csdhrw"
757,Matt Moore,00-0025708,Matt Moore,Matt,Matthew,Moore,M.Moore,RET,1984-08-09,Oregon State; UCLA; College of the Canyons,75.0,219.0,,2007.0,,,,"https://static.www.nfl.com/image/private/f_auto,q_auto/league/h04zarfikqlgerdftbgp"
758,Matt Robinson,ROB640988,Matt Robinson,,Matthew,Robinson,,RET,1955-06-28,Georgia,74.0,196.0,1977.0,1977.0,227.0,9.0,NYJ,"https://static.www.nfl.com/image/private/f_auto,q_auto/league/cyylhz3zlyomcyokkovh"
759,Matt Ryan,00-0026143,Matt Ryan,Matt,Matthew,Ryan,M.Ryan,RET,1985-05-17,Boston College,76.0,220.0,2008.0,2008.0,3.0,1.0,ATL,"https://static.www.nfl.com/image/private/f_auto,q_auto/league/s6zam4ekrrnonsck6vak"
760,Matt Schaub,00-0022787,Matt Schaub,Matt,Matthew,Schaub,M.Schaub,RET,1981-06-25,Virginia,78.0,245.0,2004.0,2004.0,90.0,3.0,ATL,"https://static.www.nfl.com/image/private/f_auto,q_auto/league/mj2kh2nddxnw04ludcx0"
761,Matt Scott,00-0029957,Matt Scott,,Matt,Scott,,RET,1990-11-09,Arizona,75.0,212.0,,2013.0,,,,"https://static.www.nfl.com/image/private/f_auto,q_auto/league/bc1o2ag7dnikcaw1ka5l"
762,Matt Simms,00-0029151,Matt Simms,Matt,Matthew,Simms,M.Simms,RET,1988-09-27,Tennessee; Louisville; El Camino,75.0,210.0,,2013.0,,,,"https://static.www.nfl.com/image/private/f_auto,q_auto/league/cp7lmyzswrpku14vurnj"
763,Matt Stevens,STE632346,Matt Stevens,,Matthew,Stevens,,RET,1964-07-30,UCLA,72.0,190.0,,1987.0,,,,"https://static.www.nfl.com/image/private/f_auto,q_auto/league/pitscuagvjqgbjia3i5r"
764,Matthew Caldwell,00-0041414,Matthew Caldwell,Matthew,Matthew,Caldwell,M.Caldwell,RET,2003-05-23,Texas; Troy; Gardner-Webb; Jacksonville State,76.0,209.0,,2026.0,,,,
765,Matthew Stafford,00-0026498,Matthew Stafford,Matthew,John,Stafford,M.Stafford,ACT,1988-02-07,Georgia,75.0,214.0,2009.0,2009.0,1.0,1.0,DET,"https://static.www.nfl.com/image/upload/f_auto,q_auto/league/jwpkjfrkzufdyh8u1mg7"
766,Max Brosmer,00-0040494,Max Brosmer,Max,Max,Brosmer,M.Brosmer,ACT,2001-03-28,Minnesota; New Hampshire,74.0,217.0,,2025.0,,,,"https://static.www.nfl.com/image/upload/f_auto,q_auto/league/fpveluufmy7buwrhpiny"
767,Max Choboian,,,,,,,,,,,,,,,,,
768,Max Duggan,00-0038637,Max Duggan,Max,Max,Duggan,M.Duggan,RET,2001-03-12,TCU,73.0,207.0,2023.0,2023.0,239.0,7.0,LAC,"https://static.www.nfl.com/image/upload/f_auto,q_auto/league/r5vyt6wcoy1esbviyohi"
769,Max Hall,00-0027347,Max Hall,,Max,Hall,,RET,1985-10-01,BYU; Arizona State,73.0,205.0,,2010.0,,,,"https://static.www.nfl.com/image/private/f_auto,q_auto/league/haavtffaxl2j37h8liuw"
770,McLeod Bethel-Thompson,00-0028359,McLeod Bethel-Thompson,McLeod,McLeod,Bethel-Thompson,M.Bethel-Thompson,RET,1988-07-03,Sacramento State,75.0,236.0,,2011.0,,,,"https://static.www.nfl.com/image/private/f_auto,q_auto/league/wcd9kmlrv8eknnvnmvjq"
771,Michael Bishop,00-0001272,Michael Bishop,,Michael,Bishop,,RET,1976-05-15,Kansas State,74.0,215.0,1999.0,1999.0,227.0,7.0,NE,"https://static.www.nfl.com/image/private/f_auto,q_auto/league/jqru5gtcuipgln8gutfl"
772,Michael Penix Jr.,00-0039917,Michael Penix Jr.,Michael,Michael,Penix,M.Penix,RES,2000-05-08,Washington; Indiana,75.0,220.0,2024.0,2024.0,8.0,1.0,ATL,"https://static.www.nfl.com/image/upload/f_auto,q_auto/league/mip4kogkqxwkkya6mvmh"
773,Michael Pratt,00-0039238,Michael Pratt,Michael,Michael,Pratt,M.Pratt,RET,2001-09-30,Tulane,75.0,220.0,2024.0,2024.0,245.0,7.0,GB,"https://static.www.nfl.com/image/upload/f_auto,q_auto/league/b6yukfgbqhdmfcjzewpy"
774,Michael Vick,00-0020245,Michael Vick,Michael,Michael,Vick,,RET,1980-06-26,Virginia Tech,72.0,210.0,2001.0,2001.0,1.0,1.0,ATL,"https://static.www.nfl.com/image/private/f_auto,q_auto/league/hrg4riwhpjbijfovsjrk"
775,Mickey Slaughter,,,,,,,,,,,,,,,,,
776,Mike Bercovici,00-0032901,Mike Bercovici,Mike,Michael,Bercovici,M.Bercovici,RET,1993-02-09,Arizona State,72.0,204.0,,2017.0,,,,"https://static.www.nfl.com/image/private/f_auto,q_auto/league/tqsp8fsnbijqd7yms0wb"
777,Mike Boryla,BOR775208,Mike Boryla,,Michael,Boryla,,RET,1951-03-06,Stanford,75.0,200.0,1974.0,1974.0,87.0,4.0,CIN,"https://static.www.nfl.com/image/private/f_auto,q_auto/league/hfhbfly6nb1v3rswrvjb"
778,Mike Buck,00-0002174,Mike Buck,,Michael,Buck,,RET,1967-04-22,Maine,75.0,227.0,1990.0,1990.0,156.0,6.0,NO,"https://static.www.nfl.com/image/private/f_auto,q_auto/league/mldwvf4klqbdj2ctvt2y"
779,Mike Busch,BUS146571,Mike Busch,,Michael,Busch,,RET,1962-02-08,South Dakota State; Idaho State,76.0,214.0,,1987.0,,,,"https://static.www.nfl.com/image/private/f_auto,q_auto/league/ngvuev9ewszuieuvaakd"
780,Mike Cherry,00-0002930,Mike Cherry,,Michael,Cherry,,RET,1973-12-15,Murray State; Arkansas,76.0,225.0,1997.0,1997.0,171.0,6.0,NYG,"https://static.www.nfl.com/image/private/f_auto,q_auto/league/qlnmakuweeoxuafube7i"
781,Mike Elkins,00-0004828,Mike Elkins,,Michael,Elkins,,RET,1966-07-20,Wake Forest,75.0,221.0,1989.0,1989.0,32.0,2.0,KC,"https://static.www.nfl.com/image/private/f_auto,q_auto/league/efyncx3vtuqqxdzehqio"
782,Mike Ernst,ERN553722,Mike Ernst,,Michael,Ernst,,RET,1950-10-12,California State-Fullerton; Cerritos College,73.0,190.0,,1974.0,,,,"https://static.www.nfl.com/image/private/f_auto,q_auto/league/yrr1xg66l8sb3rcenxdn"
783,Mike Ford,FOR290028,Mike Ford,,Michael,Ford,,RET,1959-01-30,SMU,75.0,220.0,,1981.0,,,,"https://static.www.nfl.com/image/private/f_auto,q_auto/league/bgt5wlodyqzzk5kauckz"
784,Mike Glennon,00-0030520,Mike Glennon,Mike,Michael,Glennon,M.Glennon,RET,1989-12-12,N.C. State,79.0,225.0,2013.0,2013.0,73.0,3.0,TB,"https://static.www.nfl.com/image/private/f_auto,q_auto/league/mubobrjbeudtezxv0t0p"
785,Mike Hartline,00-0028647,Mike Hartline,,Michael,Hartline,,RET,1988-06-13,Kentucky,78.0,210.0,,2011.0,,,,"https://static.www.nfl.com/image/private/f_auto,q_auto/league/ezkcqq18bquqtbiouoov"
786,Mike Hohensee,HOH207645,Mike Hohensee,,Michael,Hohensee,,RET,1961-02-22,Minnesota; Mt. San Antonio,72.0,205.0,,1987.0,,,,"https://static.www.nfl.com/image/private/f_auto,q_auto/league/u4rdevmeggoetss4zqjp"
787,Mike Hold,HOL024792,Mike Hold,,James,Hold,,RET,1963-03-16,South Carolina; Mesa CC,72.0,190.0,,1987.0,,,,"https://static.www.nfl.com/image/private/f_auto,q_auto/league/b0puu3zlv1duhlfqeyen"
788,Mike Kafka,00-0027722,Mike Kafka,,Michael,Kafka,,RET,1987-07-25,Northwestern,75.0,230.0,2010.0,2010.0,122.0,4.0,PHI,"https://static.www.nfl.com/image/private/f_auto,q_auto/league/jbpqdkzygpdgouw6h5ds"
789,Mike Kelley,KEL298998,Mike Kelley,,Michael,Kelley,,RET,1959-12-31,Georgia Tech,75.0,195.0,1982.0,1987.0,149.0,6.0,ATL,"https://static.www.nfl.com/image/private/f_auto,q_auto/league/hn2siteaw5fhlmx6uvd1"
790,Mike Kerrigan,KER611996,Mike Kerrigan,,Michael,Kerrigan,,RET,1960-04-27,Northwestern,75.0,205.0,,1983.0,,,,"https://static.www.nfl.com/image/private/f_auto,q_auto/league/pjwz46qvzv5ejwvwkv8f"
791,Mike Kirkland,KIR524568,Mike Kirkland,,Michael,Kirkland,,RET,1954-06-29,Arkansas,73.0,195.0,1976.0,1976.0,143.0,5.0,BAL,"https://static.www.nfl.com/image/private/f_auto,q_auto/league/a6tkfvx4lz9sbjk4me0j"
792,Mike Kruczek,KRU063891,Mike Kruczek,,Michael,Kruczek,,RET,1953-03-15,Boston College,73.0,202.0,1976.0,1976.0,47.0,2.0,PIT,"https://static.www.nfl.com/image/private/f_auto,q_auto/league/ak7rowm9lqybljnw065s"
793,Mike Livingston,LIV484505,Mike Livingston,,Michael,Livingston,,RET,1945-11-14,SMU,76.0,212.0,,1974.0,,,,"https://static.www.nfl.com/image/private/f_auto,q_auto/league/g3pykcenr6kpi8nxl9r4"
794,Mike Loyd,LOY276861,Mike Loyd,,Charles,Loyd,,RET,1956-05-06,Missouri Southern; Tulsa; Kansas,74.0,216.0,,1979.0,,,,"https://static.www.nfl.com/image/private/f_auto,q_auto/league/mm00kympqzunqkdnlshe"
795,Mike Machurek,MAC240427,Mike Machurek,,Michael,Machurek,,RET,1960-07-22,Idaho State; San Diego City College,73.0,205.0,1982.0,1982.0,154.0,6.0,DET,"https://static.www.nfl.com/image/private/f_auto,q_auto/league/a6zvpvml0khzpziwgfsv"
796,Mike McCoy,00-0010743,Mike McCoy,,Mike,McCoy,,RET,1972-04-01,Utah; California State - Long Beach,74.0,204.0,,1997.0,,,,"https://static.www.nfl.com/image/private/f_auto,q_auto/league/clc9rydjiimks3pmb0wp"
797,Mike McMahon,00-0020308,Mike McMahon,,Michael,McMahon,,RET,1979-02-08,Rutgers,74.0,215.0,2001.0,2001.0,149.0,5.0,DET,"https://static.www.nfl.com/image/private/f_auto,q_auto/league/oqk3auohiba0d6blhboc"
798,Mike Moroski,MOR296625,Mike Moroski,,Michael,Moroski,,RET,1957-09-04,UC Davis,76.0,200.0,1979.0,1979.0,154.0,6.0,ATL,"https://static.www.nfl.com/image/private/f_auto,q_auto/league/ilrc9rsovxara03fog9o"
799,Mike Norseth,00-0012188,Mike Norseth,,Michael,Norseth,,RET,1964-08-22,Kansas; Snow,74.0,200.0,1986.0,1987.0,174.0,7.0,CLE,"https://static.www.nfl.com/image/private/f_auto,q_auto/league/dr44mwd5ladt3sdhc8ug"
800,Mike Nott,NOT415290,Mike Nott,,Wesley,Nott,,RET,1952-05-19,Santa Clara University,75.0,203.0,,1976.0,,,,"https://static.www.nfl.com/image/private/f_auto,q_auto/league/hmnlm1q6xhk6pfuhy7dz"
801,Mike Pagel,PAG498348,Mike Pagel,,Michael,Pagel,,RET,1960-09-13,Arizona State,74.0,201.0,1982.0,1982.0,84.0,4.0,BAL,"https://static.www.nfl.com/image/private/f_auto,q_auto/league/sjcjnlxuxwllgtthxkwm"
802,Mike Pawlawski,00-0012682,Mike Pawlawski,,Michael,Pawlawski,,RET,1969-07-18,California,73.0,205.0,,1992.0,,,,"https://static.www.nfl.com/image/private/f_auto,q_auto/league/fbeavz0xiwughslpjotv"
803,Mike Perez,PER042375,Mike Perez,,Michael,Perez,,RET,1965-03-07,San Jose State,73.0,210.0,,1991.0,,,,"https://static.www.nfl.com/image/private/f_auto,q_auto/league/varskz5bigzlpy1xbxix"
804,Mike Phipps,PHI798625,Mike Phipps,,Michael,Phipps,,RET,1947-11-19,Purdue,75.0,208.0,,1974.0,,,,"https://static.www.nfl.com/image/private/f_auto,q_auto/league/qfibjhkwworzac3b5ibo"
805,Mike Quinn,00-0013341,Mike Quinn,,Michael,Quinn,,RET,1974-04-15,Stephen F. Austin State,76.0,216.0,,1997.0,,,,"https://static.www.nfl.com/image/private/f_auto,q_auto/league/kuyy3jx1kxkpuyfkgkby"
806,Mike Rae,RAE276861,Mike Rae,,Michael,Rae,,RET,1951-07-26,USC,72.0,193.0,,1976.0,,,,"https://static.www.nfl.com/image/private/f_auto,q_auto/league/iogizfndddfpz7jwznaw"
807,Mike Reilly,00-0026567,Mike Reilly,,Michael,Reilly,,RET,1985-01-01,Central Washington University; Washington State,75.0,212.0,,2009.0,,,,"https://static.www.nfl.com/image/private/f_auto,q_auto/league/trns98ax2xir3nm69abd"
808,Mike Shula,SHU276860,Mike Shula,,Michael,Shula,,RET,1965-06-03,Alabama,74.0,200.0,,1987.0,,,,"https://static.www.nfl.com/image/private/f_auto,q_auto/league/dngltvgofxeyrs7ocgjd"
809,Mike Taliaferro,,,,,,,,,,,,,,,,,
810,Mike Teel,00-0026927,Mike Teel,,Mike,Teel,,RET,1986-01-06,Rutgers,75.0,230.0,2009.0,2009.0,178.0,6.0,SEA,"https://static.www.nfl.com/image/private/f_auto,q_auto/league/qef9jvu1pbldrrjqdhsd"
811,Mike Tomczak,00-0016538,Mike Tomczak,,Michael,Tomczak,,RET,1962-10-23,Ohio State,73.0,210.0,,1985.0,,,,"https://static.www.nfl.com/image/private/f_auto,q_auto/league/bjdgcglvb0wufq0kujfl"
812,Mike Wells,WEL498348,Mike Wells,,Michael,Wells,,RET,1951-06-18,Illinois,77.0,225.0,,1975.0,,,,"https://static.www.nfl.com/image/private/f_auto,q_auto/league/dejc4hoivpklmp2sf2go"
813,Mike White,00-0034401,Mike White,Mike,Michael,White,M.White,DEV,1995-03-25,Western Kentucky; University of South Florida,77.0,216.0,2018.0,2018.0,171.0,5.0,DAL,"https://static.www.nfl.com/image/upload/f_auto,q_auto/league/ctdcazjooi8u5iyf82vr"
814,Milt Plum,,,,,,,,,,,,,,,,,
815,Mitchell Trubisky,00-0033869,Mitchell Trubisky,Mitchell,Mitchell,Trubisky,M.Trubisky,ACT,1994-08-20,North Carolina,74.0,222.0,2017.0,2017.0,2.0,1.0,CHI,"https://static.www.nfl.com/image/upload/f_auto,q_auto/league/yxs7ix2pmcfv5k1qn1sk"
816,Monte McGuire,MCG798600,Monte McGuire,,Monte,McGuire,,RET,1964-05-07,Texas Tech,76.0,202.0,,1987.0,,,,"https://static.www.nfl.com/image/private/f_auto,q_auto/league/rquydg4b91gvgd3mt0ef"
817,Moses Moreno,00-0011640,Moses Moreno,,Moses,Moreno,,RET,1975-09-05,Colorado State,73.0,205.0,1998.0,1998.0,232.0,7.0,CHI,"https://static.www.nfl.com/image/private/f_auto,q_auto/league/ylhk1idc4vc0pie8qrno"
818,Nate Davis,00-0027118,Nate Davis,,Nate,Davis,,RET,1987-05-25,Ball State,73.0,226.0,2009.0,2009.0,171.0,5.0,SF,"https://static.www.nfl.com/image/private/f_auto,q_auto/league/g3fquwemxzjqrzngmvqf"
819,Nate Hybl,00-0021592,Nate Hybl,,Nate,Hybl,,RET,1980-05-01,Oklahoma,76.0,222.0,,2003.0,,,,"https://static.www.nfl.com/image/private/f_auto,q_auto/league/qo7lcdbzixsiylrtinq0"
820,Nate Stanley,00-0036279,Nate Stanley,Nate,Nathan,Stanley,N.Stanley,RET,1997-08-26,Iowa,76.0,235.0,2020.0,2020.0,244.0,7.0,MIN,"https://static.www.nfl.com/image/private/f_auto,q_auto/league/cfnx019zc9k9w3ensr2d"
821,Nate Sudfeld,00-0032792,Nate Sudfeld,Nate,Nathan,Sudfeld,N.Sudfeld,RET,1993-10-07,Indiana,78.0,230.0,2016.0,2016.0,187.0,6.0,WAS,"https://static.www.nfl.com/image/upload/f_auto,q_auto/league/l1acxbghxcms27qi59nq"
822,Nathan Enderle,00-0028098,Nathan Enderle,,Nathan,Enderle,,RET,1988-01-12,Idaho,76.0,240.0,2011.0,2011.0,160.0,5.0,CHI,"https://static.www.nfl.com/image/private/f_auto,q_auto/league/khbsjg8octwpqudjkjgl"
823,Nathan Peterman,00-0033958,Nathan Peterman,Nathan,Nathan,Peterman,N.Peterman,RET,1994-05-04,Pittsburgh; Tennessee,74.0,225.0,2017.0,2017.0,171.0,5.0,BUF,"https://static.www.nfl.com/image/private/f_auto,q_auto/league/owifll49p0mmsjgf7rhn"
824,Nathan Rourke,00-0038150,Nathan Rourke,Nathan,Nathan,Rourke,N.Rourke,RET,1998-05-24,Ohio,73.0,210.0,,2023.0,,,,"https://static.www.nfl.com/image/upload/f_auto,q_auto/league/rlghigxqeyfm50t0b8oa"
825,Neal Jeffrey,JEF622932,Neal Jeffrey,,James,Jeffrey,,RET,1953-07-23,Baylor,73.0,180.0,1975.0,1976.0,423.0,17.0,LAC,"https://static.www.nfl.com/image/private/f_auto,q_auto/league/tmlsyimxfbvtexd0bfo0"
826,Neil Graff,GRA105006,Neil Graff,,Neil,Graff,,RET,1950-01-12,Wisconsin,75.0,205.0,,1974.0,,,,"https://static.www.nfl.com/image/private/f_auto,q_auto/league/bwtyslswqehsvnd9tl74"
827,Neil Lomax,LOM692150,Neil Lomax,,Neil,Lomax,,RET,1959-02-17,Portland State,75.0,215.0,1981.0,1981.0,33.0,2.0,LAR,"https://static.www.nfl.com/image/private/f_auto,q_auto/league/hicme3xr4rub1jc6ixsr"
828,Neil O'Donnell,00-0012261,Neil O'Donnell,,Neil,O'Donnell,,RET,1966-07-03,Maryland,75.0,228.0,1990.0,1990.0,70.0,3.0,PIT,"https://static.www.nfl.com/image/private/f_auto,q_auto/league/eljm5vck5j6fltkfftxd"
829,Nick Fitzgerald,00-0035471,Nick Fitzgerald,Nick,Nicholas,Fitzgerald,N.Fitzgerald,RET,1996-01-14,Mississippi State,77.0,226.0,,2019.0,,,,"https://static.www.nfl.com/image/private/f_auto,q_auto/league/dhb10eaz9lza43lnjjn6"
830,Nick Foles,00-0029567,Nick Foles,Nick,Nicholas,Foles,N.Foles,RET,1989-01-20,Arizona; Michigan State,78.0,243.0,2012.0,2012.0,88.0,3.0,PHI,"https://static.www.nfl.com/image/private/f_auto,q_auto/league/dxuz2ir773wylutxo7zs"
831,Nick Mullens,00-0033319,Nick Mullens,Nick,Nicholas,Mullens,N.Mullens,ACT,1995-03-21,Southern Mississippi,73.0,210.0,,2017.0,,,,"https://static.www.nfl.com/image/upload/f_auto,q_auto/league/haxwyajgngz6quuyqg19"
832,Nick Stephens,00-0029133,Nick Stephens,,Nick,Stephens,,RET,1987-05-19,Tarleton State,75.0,221.0,,2013.0,,,,"https://static.www.nfl.com/image/private/f_auto,q_auto/league/sp4tos1i96qidxvhnz1x"
833,Norm Snead,SNE103822,Norm Snead,,Norman,Snead,,RET,1939-07-31,Wake Forest,76.0,215.0,,1974.0,,,,"https://static.www.nfl.com/image/private/f_auto,q_auto/league/ck0qwuqolqzuzhjh3j0x"
834,Norm Van Brocklin,,,,,,,,,,,,,,,,,
835,Norris Weese,WEE664464,Norris Weese,,Norris,Weese,,RET,1951-08-12,Mississippi,73.0,195.0,1974.0,1976.0,99.0,4.0,LAR,"https://static.www.nfl.com/image/private/f_auto,q_auto/league/c9ytxl2em3wz3fotlvdg"
836,Ogden Compton,,,,,,,,,,,,,,,,,
837,Oliver Luck,LUC533943,Oliver Luck,,Oliver,Luck,,RET,1960-04-05,West Virginia,74.0,196.0,1982.0,1982.0,44.0,2.0,HOU,"https://static.www.nfl.com/image/private/f_auto,q_auto/league/sgzxt8fimu3heizcx4mc"
838,Omar Jacobs,00-0024378,Omar Jacobs,,Omar,Jacobs,,RET,1984-03-03,Bowling Green,76.0,224.0,,2006.0,,,,"https://static.www.nfl.com/image/private/f_auto,q_auto/league/htqqjf3rr1t53egzb1ig"
839,Otto Graham,,,,,,,,,,,,,,,,,
840,P.J. Walker,,,,,,,,,,,,,,,,,
841,PJ Walker,00-0033275,PJ Walker,P.J.,Phillip,Walker,P.Walker,RET,1995-02-26,Temple,71.0,210.0,,2017.0,,,,"https://static.www.nfl.com/image/upload/f_auto,q_auto/league/rfbfapksdwh1o4othraq"
842,Parnell Dickinson,DIC609092,Parnell Dickinson,,Parnell,Dickinson,,RET,1953-03-14,Mississippi Valley State University,74.0,185.0,1976.0,1976.0,183.0,7.0,TB,"https://static.www.nfl.com/image/private/f_auto,q_auto/league/q5dyecwrfcjmnk5klp65"
843,Pat Barnes,00-0000785,Pat Barnes,,Patrick,Barnes,,RET,1975-02-23,California,75.0,215.0,1997.0,1997.0,110.0,4.0,KC,"https://static.www.nfl.com/image/private/f_auto,q_auto/league/n860jkugygnljzef6pnh"
844,Pat Devlin,00-0028453,Pat Devlin,Pat,Patrick,Devlin,,RET,1988-04-12,Delaware,75.0,220.0,,2011.0,,,,"https://static.www.nfl.com/image/private/f_auto,q_auto/league/ugbqvszfqekyxmsr71vh"
845,Pat Haden,HAD484505,Pat Haden,,Patrick,Haden,,RET,1953-01-23,USC,71.0,182.0,1975.0,1976.0,176.0,7.0,LAR,"https://static.www.nfl.com/image/private/f_auto,q_auto/league/yhmy6rtjgynoxuwayxh8"
846,Pat O'Hara,00-0012264,Pat O'Hara,,Patrick,O'Hara,,RET,1968-09-27,USC,75.0,205.0,,1991.0,,,,"https://static.www.nfl.com/image/private/f_auto,q_auto/league/mihad6z1d4xyqpdy7rxf"
847,Pat Ryan,00-0014225,Pat Ryan,,Patrick,Ryan,,RET,1955-09-16,Tennessee,75.0,210.0,1978.0,1978.0,281.0,11.0,NYJ,"https://static.www.nfl.com/image/private/f_auto,q_auto/league/ew5hmxj34sp3hdqpj8zw"
848,Pat Sullivan,SUL593265,Pat Sullivan,,Patrick,Sullivan,,RET,1950-01-18,Auburn,72.0,198.0,,1974.0,,,,"https://static.www.nfl.com/image/private/f_auto,q_auto/league/uecwpfenaprusqxvyawh"
849,Pat White,00-0027020,Pat White,,Patrick,White,,RET,1986-02-25,West Virginia,72.0,190.0,2009.0,2009.0,44.0,2.0,MIA,"https://static.www.nfl.com/image/private/f_auto,q_auto/league/tgfpwighanolqztrq5yh"
850,Patrick Mahomes,00-0033873,Patrick Mahomes,Patrick,Patrick,Mahomes,P.Mahomes,RES,1995-09-17,Texas Tech,74.0,225.0,2017.0,2017.0,10.0,1.0,KC,"https://static.www.nfl.com/image/upload/f_auto,q_auto/league/wdckwtob1lybvkmxnf7p"
851,Patrick Ramsey,00-0021379,Patrick Ramsey,,Patrick,Ramsey,,RET,1979-02-14,Tulane,74.0,225.0,2002.0,2002.0,32.0,1.0,WAS,"https://static.www.nfl.com/image/private/f_auto,q_auto/league/ugr5kzjaamcg0ybwgfo6"
852,Paul Justin,00-0008970,Paul Justin,,Paul,Justin,,RET,1968-05-19,Arizona State,76.0,211.0,1991.0,1995.0,190.0,7.0,CHI,"https://static.www.nfl.com/image/private/f_auto,q_auto/league/wagwpbdf4lfhf4qjwke8"
853,Paul Kelly,KEL730884,Paul Kelly,,Paul,Kelly,,RET,1964-03-20,University of New Haven,73.0,205.0,,1987.0,,,,"https://static.www.nfl.com/image/private/f_auto,q_auto/league/looimplvagrw0rrppf8s"
854,Paul McDonald,MCD494375,Paul McDonald,,Paul,McDonald,,RET,1958-02-23,USC,74.0,185.0,1980.0,1980.0,109.0,4.0,CLE,"https://static.www.nfl.com/image/private/f_auto,q_auto/league/blqpdzbxui2hijbeqex5"
855,Paul Smith,00-0026443,Paul Smith,,Paul,Smith,,RET,1984-07-02,Tulsa,73.0,198.0,,2008.0,,,,"https://static.www.nfl.com/image/private/f_auto,q_auto/league/l1zmavl1zgclljhcz1m7"
856,Paul Thompson,00-0025766,Paul Thompson,,Paul,Thompson,,RET,1983-11-23,Oklahoma,76.0,215.0,,2007.0,,,,"https://static.www.nfl.com/image/private/f_auto,q_auto/league/u2eibwkqsryyeoxhw1vy"
857,Paxton Lynch,00-0033108,Paxton Lynch,Paxton,Paxton,Lynch,P.Lynch,RET,1994-02-12,Memphis,79.0,244.0,2016.0,2016.0,26.0,1.0,DEN,"https://static.www.nfl.com/image/private/f_auto,q_auto/league/no5luyrz446ildiztu6t"
858,Perry Klein,00-0009321,Perry Klein,,Perry,Klein,,RET,1971-03-25,C.W. Post Center; California,74.0,218.0,1994.0,1994.0,111.0,4.0,ATL,"https://static.www.nfl.com/image/private/f_auto,q_auto/league/wbu2u5m4b5ws09ftuafa"
859,Pete Beathard,BEA553720,Pete Beathard,,Peter,Beathard,,RET,1942-03-07,USC,73.0,200.0,,1975.0,,,,"https://static.www.nfl.com/image/private/f_auto,q_auto/league/mmbuixascoqfgpsal6qk"
860,Pete Gonzalez,00-0006100,Pete Gonzalez,,Pete,Gonzalez,,RET,1974-07-04,Pittsburgh,73.0,216.0,,1998.0,,,,"https://static.www.nfl.com/image/private/f_auto,q_auto/league/lvrxlnzahzawkrn3cazi"
861,Pete Liske,,,,,,,,,,,,,,,,,
862,Pete Woods,WOO547869,Pete Woods,,Peter,Woods,,RET,1955-11-29,Missouri,75.0,214.0,,1980.0,,,,"https://static.www.nfl.com/image/private/f_auto,q_auto/league/snsufdjfzmgcorft2mv7"
863,Peter Tom Willis,00-0017984,Peter Tom Willis,,Peter,Willis,,RET,1967-01-04,Florida State,74.0,188.0,1990.0,1990.0,63.0,3.0,CHI,"https://static.www.nfl.com/image/private/f_auto,q_auto/league/ggadsawf4yhixhew2eei"
864,Peyton Manning,00-0010346,Peyton Manning,Peyton,Peyton,Manning,,RET,1976-03-24,Tennessee,77.0,230.0,1998.0,1998.0,1.0,1.0,IND,"https://static.www.nfl.com/image/private/f_auto,q_auto/league/xpcd6auodk3w0vda6jal"
865,Phil Simms,00-0014922,Phil Simms,,Phillip,Simms,,RET,1954-11-03,Morehead State University,75.0,216.0,1979.0,1979.0,7.0,1.0,NYG,"https://static.www.nfl.com/image/private/f_auto,q_auto/league/lhzj6vxddl0epe3sj0h8"
866,Phil Stambaugh,00-0019359,Phil Stambaugh,,Philip,Stambaugh,,RET,1978-08-10,Lehigh University,75.0,217.0,,2001.0,,,,"https://static.www.nfl.com/image/private/f_auto,q_auto/league/upkmny3jyv9ejwezsr2g"
867,Philip Rivers,00-0022942,Philip Rivers,Philip,Philip,Rivers,P.Rivers,INA,1981-12-08,N.C. State,77.0,228.0,2004.0,2004.0,4.0,1.0,NYG,"https://static.www.nfl.com/image/private/f_auto,q_auto/league/voakyrtj34sghkwxaxxf"
868,Preston Jones,00-0008839,Preston Jones,,Preston,Jones,,RET,1970-07-03,Georgia,75.0,,,1993.0,,,,"https://static.www.nfl.com/image/private/f_auto,q_auto/league/fpbe2qam4sc5gedybtup"
869,Preston Parsons,00-0021062,Preston Parsons,,Preston,Parsons,,RET,1979-02-19,Northern Arizona,76.0,235.0,,2002.0,,,,"https://static.www.nfl.com/image/private/f_auto,q_auto/league/mvawpauxwi3ngog1jzdb"
870,Quincy Carter,00-0020404,Quincy Carter,,Lavonya,Carter,,RET,1977-10-13,Georgia,74.0,217.0,2001.0,2001.0,53.0,2.0,DAL,"https://static.www.nfl.com/image/private/f_auto,q_auto/league/u05ibf4mtu9ov0gferzv"
871,Quinn Ewers,00-0040234,Quinn Ewers,Quinn,Quinn,Ewers,Q.Ewers,ACT,2003-03-15,Texas; Ohio State,74.0,209.0,2025.0,2025.0,231.0,7.0,MIA,"https://static.www.nfl.com/image/upload/f_auto,q_auto/league/bbcwyjuhyijtqe7jo274"
872,Quinn Gray,00-0020613,Quinn Gray,,Quinn,Gray,,RET,1979-05-21,Florida A&M,75.0,254.0,,2003.0,,,,"https://static.www.nfl.com/image/private/f_auto,q_auto/league/bac2ksuicgt4lm9pcm35"
873,Quinton Porter,00-0024059,Quinton Porter,,Quinton,Porter,,RET,1982-12-28,Boston College,77.0,228.0,,2006.0,,,,"https://static.www.nfl.com/image/private/f_auto,q_auto/league/iktmey0jbk4jpwiqmguj"
874,R.J. Archer,00-0027384,R.J. Archer,,Rush,Archer,,RET,1987-08-05,William & Mary,74.0,220.0,,2010.0,,,,"https://static.www.nfl.com/image/private/f_auto,q_auto/league/drrr1mbgzc7krtkuygz4"
875,Ralph Guglielmi,,,,,,,,,,,,,,,,,
876,Randall Cunningham,00-0003761,Randall Cunningham,,Randall,Cunningham,,RET,1963-03-27,UNLV,76.0,215.0,1985.0,1985.0,37.0,2.0,PHI,"https://static.www.nfl.com/image/private/f_auto,q_auto/league/gwa0zs48uxqe3xto4ofx"
877,Randy Dean,DEA474616,Randy Dean,,Randolph,Dean,,RET,1955-06-10,Northwestern,75.0,195.0,1977.0,1977.0,117.0,5.0,NYG,"https://static.www.nfl.com/image/private/f_auto,q_auto/league/wjb5jc6wivjnihogvbah"
878,Randy Duncan,,,,,,,,,,,,,,,,,
879,Randy Fasani,00-0021254,Randy Fasani,,Randy,Fasani,,RET,1978-09-18,Stanford,75.0,234.0,2002.0,2002.0,137.0,5.0,CAR,"https://static.www.nfl.com/image/private/f_auto,q_auto/league/qzwki9ouzl1vcb2xy9tz"
880,Randy Hedberg,HED415291,Randy Hedberg,,Randy,Hedberg,,RET,1954-12-27,Minot State University,75.0,200.0,1977.0,1977.0,196.0,8.0,TB,"https://static.www.nfl.com/image/private/f_auto,q_auto/league/cw2jljifjmmhu4akf2be"
881,Randy Johnson,JOH588817,Randy Johnson,,Randolph,Johnson,,RET,1944-06-17,Texas A&M University-Kingsville,75.0,205.0,,1975.0,,,,"https://static.www.nfl.com/image/private/f_auto,q_auto/league/yfdq4thuxhxcezen6iey"
882,Randy Wright,WRI629225,Randy Wright,,Randall,Wright,,RET,1961-01-12,Wisconsin,74.0,200.0,1984.0,1984.0,153.0,6.0,GB,"https://static.www.nfl.com/image/private/f_auto,q_auto/league/i683zerheglgdirtjx0q"
883,Ray Lucas,00-0010137,Ray Lucas,,Ray,Lucas,,RET,1972-08-06,Rutgers,75.0,215.0,,1996.0,,,,"https://static.www.nfl.com/image/private/f_auto,q_auto/league/raes5zwaa0yln2yoegyf"
884,Ray Mathews,,,,,,,,,,,,,,,,,
885,Ray Nagel,,,,,,,,,,,,,,,,,
886,Reggie Collier,COL430668,Reggie Collier,,Reginald,Collier,,RET,1961-05-14,Southern Mississippi,75.0,207.0,1983.0,1986.0,162.0,6.0,DAL,"https://static.www.nfl.com/image/private/f_auto,q_auto/league/gav4wb55ymhmy0qdezux"
887,Reggie Slack,00-0015028,Reggie Slack,,Reginald,Slack,,RET,1968-05-02,Auburn,73.0,217.0,,1990.0,,,,"https://static.www.nfl.com/image/private/f_auto,q_auto/league/rowx1j3rv5vfacpc9zon"
888,Reid Sinnett,00-0036052,Reid Sinnett,Reid,Reid,Sinnett,R.Sinnett,RET,1997-02-05,San Diego,76.0,220.0,,2020.0,,,,"https://static.www.nfl.com/image/private/f_auto,q_auto/league/gmuvybzns0hycbmaxrx2"
889,Rex Grossman,00-0022121,Rex Grossman,,Rex,Grossman,,RET,1980-08-23,Florida,73.0,225.0,2003.0,2003.0,22.0,1.0,CHI,"https://static.www.nfl.com/image/private/f_auto,q_auto/league/vpqfq2k92lb89b6zfjea"
890,Rhett Bomar,00-0026916,Rhett Bomar,,Rhett,Bomar,,RET,1985-07-02,Sam Houston State; Oklahoma,74.0,225.0,2009.0,2009.0,151.0,5.0,NYG,"https://static.www.nfl.com/image/private/f_auto,q_auto/league/tglxupnnsjxxrlxdqf7x"
891,Rich Campbell,CAM579450,Rich Campbell,,Richard,Campbell,,RET,1958-12-22,California,76.0,224.0,1981.0,1981.0,6.0,1.0,GB,"https://static.www.nfl.com/image/private/f_auto,q_auto/league/puqupuogusa4wlbjdd9b"
892,Rich Gannon,00-0005741,Rich Gannon,,Richard,Gannon,,RET,1965-12-20,Delaware,75.0,210.0,1987.0,1987.0,98.0,4.0,NE,"https://static.www.nfl.com/image/private/f_auto,q_auto/league/wy2haknzelfdpaxh0pig"
893,Richard Bartel,00-0025749,Richard Bartel,,Richard,Bartel,,RET,1983-02-03,Tarleton State; SMU,76.0,230.0,,2007.0,,,,"https://static.www.nfl.com/image/private/f_auto,q_auto/league/aztmgjfd7hxssf9py5ra"
894,Richard Todd,TOD166116,Richard Todd,,Carl,Todd,,RET,1953-11-19,Alabama,74.0,207.0,1976.0,1976.0,6.0,1.0,NYJ,"https://static.www.nfl.com/image/private/f_auto,q_auto/league/t4h6eqguru0fe5prcbo7"
895,Richie Lucas,,,,,,,,,,,,,,,,,
896,Rick Arrington,,,,,,,,,,,,,,,,,
897,Rick McIvor,MCI775208,Rick McIvor,,Richard,McIvor,,RET,1960-09-26,Texas,76.0,210.0,1984.0,1984.0,80.0,3.0,LAR,"https://static.www.nfl.com/image/private/f_auto,q_auto/league/omuakrcxp0hi9oelm5h9"
898,Rick Mirer,00-0011378,Rick Mirer,,Rick,Mirer,,RET,1970-03-19,Notre Dame,75.0,210.0,1993.0,1993.0,2.0,1.0,SEA,"https://static.www.nfl.com/image/private/f_auto,q_auto/league/ivjjvb7urzhuannrkruf"
899,Rick Neuheisel,NEU332232,Rick Neuheisel,,Richard,Neuheisel,,RET,1961-02-07,UCLA,73.0,190.0,,1987.0,,,,"https://static.www.nfl.com/image/private/f_auto,q_auto/league/ah5joyi7icl4jacuhvlf"
900,Rick Norton,,,,,,,,,,,,,,,,,
901,Rick Strom,00-0015827,Rick Strom,,Richard,Strom,,RET,1965-03-11,Georgia Tech,74.0,197.0,,1989.0,,,,"https://static.www.nfl.com/image/private/f_auto,q_auto/league/ccgci9wjdeytdkbxikir"
902,Rick Trocano,TRO103822,Rick Trocano,,Richard,Trocano,,RET,1959-04-04,Pittsburgh,72.0,188.0,1981.0,1981.0,292.0,11.0,PIT,"https://static.www.nfl.com/image/private/f_auto,q_auto/league/b4pgzunfav7ii6nrsyoj"
903,Ricky Ray,00-0020511,Ricky Ray,,Ricky,Ray,,RET,1979-10-22,Sacramento State,75.0,208.0,,2001.0,,,,"https://static.www.nfl.com/image/private/f_auto,q_auto/league/pq20k9pidpizghtfvdca"
904,Ricky Stanzi,00-0028073,Ricky Stanzi,,Richard,Stanzi,,RET,1987-09-03,Iowa,76.0,228.0,2011.0,2011.0,135.0,5.0,KC,"https://static.www.nfl.com/image/private/f_auto,q_auto/league/qdm8txbrwple7lcczuwc"
905,Ricky Turner,TUR659016,Ricky Turner,,Ricky,Turner,,RET,1962-05-14,Washington State,72.0,190.0,,1988.0,,,,"https://static.www.nfl.com/image/private/f_auto,q_auto/league/lsoglonu6mjzwc5clgli"
906,Riley Leonard,00-0040206,Riley Leonard,Riley,Riley,Leonard,R.Leonard,ACT,2002-09-13,Notre Dame; Duke,76.0,213.0,2025.0,2025.0,189.0,6.0,IND,"https://static.www.nfl.com/image/upload/f_auto,q_auto/league/okxcrf19ylc0hwfefmwl"
907,Rob Hertel,HER755070,Rob Hertel,,Robert,Hertel,,RET,1955-02-21,USC,74.0,195.0,1978.0,1978.0,131.0,5.0,CIN,"https://static.www.nfl.com/image/private/f_auto,q_auto/league/adty5odwz7fv9qnr4d2z"
908,Rob Johnson,00-0008612,Rob Johnson,,Rob,Johnson,,RET,1973-03-18,USC,76.0,204.0,1995.0,1995.0,99.0,4.0,JAX,"https://static.www.nfl.com/image/private/f_auto,q_auto/league/uz2yoboeoow7si4hmtds"
909,Robert Griffin III,00-0029665,Robert Griffin III,Robert,Robert,Griffin,R.Griffin,RET,1990-02-12,Baylor,74.0,213.0,2012.0,2012.0,2.0,1.0,WAS,"https://static.www.nfl.com/image/private/f_auto,q_auto/league/k7asgb06pdsilmrb378b"
910,Rod Robinson,00-0013901,Rod Robinson,,Roderick,Robinson,,RET,1976-05-17,University of Arkansas at Pine Bluff,75.0,235.0,,2001.0,,,,"https://static.www.nfl.com/image/private/f_auto,q_auto/league/me9hvavfteqkwipnxnvj"
911,Rod Rutherford,00-0022373,Rod Rutherford,,Roderick,Rutherford,,RET,1980-12-12,Pittsburgh,74.0,223.0,,2004.0,,,,"https://static.www.nfl.com/image/private/f_auto,q_auto/league/my6jkvtoanepakqkhuos"
912,Rodney Peete,00-0012732,Rodney Peete,,Rodney,Peete,,RET,1966-03-16,USC,72.0,230.0,1989.0,1989.0,141.0,6.0,DET,"https://static.www.nfl.com/image/private/f_auto,q_auto/league/jc5zp43pmkw5qgawmw2v"
913,Roger Staubach,STA762496,Roger Staubach,,Roger,Staubach,,RET,1942-02-05,Navy; New Mexico Military Institute,75.0,197.0,,1974.0,,,,"https://static.www.nfl.com/image/private/f_auto,q_auto/league/vlo98smgqsmva1c82tjl"
914,Rohan Davey,00-0021238,Rohan Davey,,Rohan,Davey,,RET,1979-04-14,LSU,74.0,245.0,2002.0,2002.0,117.0,4.0,NE,"https://static.www.nfl.com/image/private/f_auto,q_auto/league/nuiz1rgisguz9z4jw4xg"
915,Roman Gabriel,GAB616560,Roman Gabriel,,Roman,Gabriel,,RET,1940-08-05,N.C. State,77.0,220.0,,1974.0,,,,"https://static.www.nfl.com/image/private/f_auto,q_auto/league/covm0ylw2noyhqzejuwe"
916,Romaro Miller,00-0020246,Romaro Miller,,Romaro,Miller,,RET,1978-09-12,Mississippi,73.0,195.0,,2001.0,,,,"https://static.www.nfl.com/image/private/f_auto,q_auto/league/itet3by9zfxsqasgaa6h"
917,Ron Jaworski,JAW553722,Ron Jaworski,,Ronald,Jaworski,,RET,1951-03-23,Youngstown State,74.0,196.0,,1974.0,,,,"https://static.www.nfl.com/image/private/f_auto,q_auto/league/aamsifwf5pezavdmdtcr"
918,Ron Miller,,,,,,,,,,,,,,,,,
919,Ron Powlus,00-0013186,Ron Powlus,,Ronald,Powlus,,RET,1974-07-16,Notre Dame,73.0,225.0,,2000.0,,,,"https://static.www.nfl.com/image/private/f_auto,q_auto/league/czlgbdjsi63fpteirmrx"
920,Ron Smith,,,,,,,,,,,,,,,,,
921,Ron Vander Kelen,,,,,,,,,,,,,,,,,
922,Rudy Bukich,,,,,,,,,,,,,,,,,
923,Rudy Carpenter,00-0026775,Rudy Carpenter,,Rudy,Carpenter,,RET,1986-04-15,Arizona State,74.0,212.0,,2009.0,,,,"https://static.www.nfl.com/image/private/f_auto,q_auto/league/naxscd2ixpyfzuhgbj2a"
924,Russ Jensen,JEN778650,Russ Jensen,,Russell,Jensen,,RET,1961-07-13,California Lutheran University,74.0,215.0,,1985.0,,,,"https://static.www.nfl.com/image/private/f_auto,q_auto/league/tbhqd8rfed0hlhmjwind"
925,Russell Wilson,00-0029263,Russell Wilson,Russell,Russell,Wilson,R.Wilson,INA,1988-11-29,Wisconsin; N.C. State,71.0,206.0,2012.0,2012.0,75.0,3.0,SEA,"https://static.www.nfl.com/image/upload/f_auto,q_auto/league/vkstxj0evgkjiycu4glc"
926,Rusty Hilger,00-0007413,Rusty Hilger,,Russell,Hilger,,RET,1962-05-09,Oklahoma State,76.0,200.0,1985.0,1985.0,143.0,6.0,OAK,"https://static.www.nfl.com/image/private/f_auto,q_auto/league/woyb5rnrjm9klblhks1k"
927,Rusty Lisch,LIS237308,Rusty Lisch,,Russell,Lisch,,RET,1956-12-21,Notre Dame,75.0,213.0,1980.0,1980.0,89.0,4.0,LAR,"https://static.www.nfl.com/image/private/f_auto,q_auto/league/tsixqrsmrpmqv5nluo7c"
928,Rusty Smith,00-0027775,Rusty Smith,,Russell,Smith,,RET,1987-01-28,Florida Atlantic,77.0,226.0,2010.0,2010.0,176.0,6.0,TEN,"https://static.www.nfl.com/image/private/f_auto,q_auto/league/ichtfbw1lycoclaofqtf"
929,Ryan Finley,00-0035652,Ryan Finley,Ryan,Ryan,Finley,R.Finley,RET,1994-12-26,N.C. State; Boise State,76.0,207.0,2019.0,2019.0,104.0,4.0,CIN,"https://static.www.nfl.com/image/private/f_auto,q_auto/league/vz8qctzxuap5nxbaw8ql"
930,Ryan Fitzpatrick,00-0023682,Ryan Fitzpatrick,Ryan,Ryan,Fitzpatrick,R.Fitzpatrick,RET,1982-11-24,Harvard,74.0,228.0,2005.0,2005.0,250.0,7.0,LAR,"https://static.www.nfl.com/image/private/f_auto,q_auto/league/pkhhxwplsawnhln9rsun"
931,Ryan Griffin,00-0029857,Ryan Griffin,Ryan,Ryan,Griffin,R.Griffin,RET,1989-11-17,Tulane,76.0,218.0,,2013.0,,,,"https://static.www.nfl.com/image/private/f_auto,q_auto/league/mpwu7c3o2lkxwqn1gras"
932,Ryan Leaf,00-0009715,Ryan Leaf,,Ryan,Leaf,,RET,1976-05-15,Washington State,77.0,235.0,1998.0,1998.0,2.0,1.0,LAC,"https://static.www.nfl.com/image/private/f_auto,q_auto/league/qvnv3syldrnam0y3n4ac"
933,Ryan Lindley,00-0029531,Ryan Lindley,,Ryan,Lindley,,RET,1989-06-22,San Diego State,75.0,232.0,2012.0,2012.0,185.0,6.0,ARI,"https://static.www.nfl.com/image/private/f_auto,q_auto/league/hkcspynbhidpjfs3npao"
934,Ryan Mallett,00-0028012,Ryan Mallett,Ryan,Ryan,Mallett,R.Mallett,RET,1988-06-05,Arkansas; Michigan,78.0,250.0,2011.0,2011.0,74.0,3.0,NE,"https://static.www.nfl.com/image/private/f_auto,q_auto/league/tvn03oot2ttdoog5x0qr"
935,Ryan Nassib,00-0030586,Ryan Nassib,Ryan,Ryan,Nassib,R.Nassib,RET,1990-03-10,Syracuse,74.0,223.0,2013.0,2013.0,110.0,4.0,NYG,"https://static.www.nfl.com/image/private/f_auto,q_auto/league/mwpobkoqx8dcyv4yin6n"
936,Ryan Perrilloux,00-0027931,Ryan Perrilloux,,Ryan,Perrilloux,,RET,1987-01-01,Jacksonville State,75.0,204.0,,2011.0,,,,"https://static.www.nfl.com/image/private/f_auto,q_auto/league/ugjo1jo0c5cdqqkcrmhp"
937,Ryan Tannehill,00-0029701,Ryan Tannehill,Ryan,Ryan,Tannehill,R.Tannehill,RET,1988-07-27,Texas A&M,76.0,217.0,2012.0,2012.0,8.0,1.0,MIA,"https://static.www.nfl.com/image/private/f_auto,q_auto/league/yvwju12dl6haf3r8uzrm"
938,Ryan Willis,00-0037028,Ryan Willis,Ryan,Ryan,Willis,R.Willis,RET,1996-09-28,Virginia Tech,76.0,211.0,,2021.0,,,,
939,Sage Rosenfels,00-0020480,Sage Rosenfels,,Sage,Rosenfels,,RET,1978-03-06,Iowa State,76.0,222.0,2001.0,2001.0,109.0,4.0,WAS,"https://static.www.nfl.com/image/private/f_auto,q_auto/league/hzwobipt3ftcvvhf04x3"
940,Sam Adkins,ADK692150,Sam Adkins,,Samuel,Adkins,,RET,1955-05-21,Wichita State University,74.0,214.0,1977.0,1977.0,254.0,10.0,SEA,"https://static.www.nfl.com/image/private/f_auto,q_auto/league/yrc68elxd1fl4r5cw4od"
941,Sam Bradford,00-0027854,Sam Bradford,Sam,Samuel,Bradford,S.Bradford,RET,1987-11-08,Oklahoma,76.0,224.0,2010.0,2010.0,1.0,1.0,LAR,"https://static.www.nfl.com/image/private/f_auto,q_auto/league/fizwrxzfdaw7v2vzzpn6"
942,Sam Darnold,00-0034869,Sam Darnold,,Sam,Darnold,,ACT,1997-06-05,USC,75.0,225.0,2018.0,2018.0,3.0,1.0,NYJ,"https://static.www.nfl.com/image/upload/f_auto,q_auto/league/fyay8vruj0cqmhopufzk"
943,Sam Ehlinger,00-0036879,Sam Ehlinger,Sam,Samuel,Ehlinger,S.Ehlinger,ACT,1998-09-30,Texas,73.0,222.0,2021.0,2021.0,218.0,6.0,IND,"https://static.www.nfl.com/image/upload/f_auto,q_auto/league/imtb2ia03w2ujrl9dprs"
944,Sam Etcheverry,,,,,,,,,,,,,,,,,
945,Sam Hartman,00-0039677,Sam Hartman,Sam,Sam,Hartman,S.Hartman,INA,1999-07-29,Notre Dame; Wake Forest,73.0,209.0,,2024.0,,,,"https://static.www.nfl.com/image/upload/f_auto,q_auto/league/mvpbrqp3o04zla5lzf7u"
946,Sam Hollenbach,00-0024560,Sam Hollenbach,,Sam,Hollenbach,,RET,1983-09-09,Maryland,76.0,215.0,,2007.0,,,,"https://static.www.nfl.com/image/private/f_auto,q_auto/league/cqak3p7viarwajkelsbj"
947,Sam Howell,00-0037077,Sam Howell,Sam,Sam,Howell,S.Howell,INA,2000-09-16,North Carolina,73.0,225.0,2022.0,2022.0,144.0,5.0,WAS,"https://static.www.nfl.com/image/upload/f_auto,q_auto/league/sx77bippywnl0dx6m8q9"
948,Sam Wyche,WYC166116,Sam Wyche,,Samuel,Wyche,,RET,1945-01-05,Furman,76.0,218.0,,1974.0,,,,"https://static.www.nfl.com/image/private/f_auto,q_auto/league/f66hvmnmtgq1lpiim2vm"
949,Sammy Baugh,,,,,,,,,,,,,,,,,
950,Sammy Garza,GAR799221,Sammy Garza,,Samuel,Garza,,RET,1965-07-10,Texas-El Paso,73.0,184.0,1987.0,1987.0,216.0,8.0,SEA,"https://static.www.nfl.com/image/private/f_auto,q_auto/league/xesnsss1d0nzpdhgd41n"
951,Sandy Osiecki,OSI415291,Sandy Osiecki,,Stanley,Osiecki,,RET,1960-05-18,Arizona State,77.0,202.0,,1984.0,,,,"https://static.www.nfl.com/image/private/f_auto,q_auto/league/zfeavifetvejtmhh3rah"
952,Scott Brunner,BRU683984,Scott Brunner,,Scott,Brunner,,RET,1957-03-24,Delaware,77.0,205.0,1980.0,1980.0,145.0,6.0,NYG,"https://static.www.nfl.com/image/private/f_auto,q_auto/league/ozvipaqr9w5xzlermqga"
953,Scott Bull,BUL226521,Scott Bull,,John,Bull,,RET,1953-06-08,Arkansas,77.0,211.0,1976.0,1976.0,177.0,6.0,SF,"https://static.www.nfl.com/image/private/f_auto,q_auto/league/bycv2hbrzrqdfdwbyorp"
954,Scott Campbell,CAM598765,Scott Campbell,,Robert,Campbell,,RET,1962-04-15,Purdue,72.0,201.0,1984.0,1984.0,191.0,7.0,PIT,"https://static.www.nfl.com/image/private/f_auto,q_auto/league/ltcpr2wxnwcqgq60fm5p"
955,Scott Covington,00-0003557,Scott Covington,,Scott,Covington,,RET,1976-01-17,Miami,75.0,217.0,1999.0,1999.0,245.0,7.0,CIN,"https://static.www.nfl.com/image/private/f_auto,q_auto/league/mfokusuxho5iiwokxp26"
956,Scott Dreisbach,00-0004527,Scott Dreisbach,,Scott,Dreisbach,,RET,1975-12-16,Michigan,75.0,210.0,,1999.0,,,,"https://static.www.nfl.com/image/private/f_auto,q_auto/league/nz8tsefkkajbbhumh9hv"
957,Scott Hunter,HUN668514,Scott Hunter,,James,Hunter,,RET,1947-11-11,Alabama,74.0,205.0,,1974.0,,,,"https://static.www.nfl.com/image/private/f_auto,q_auto/league/jm4vuyn6ey0ldwex3lbv"
958,Scott Milanovich,00-0011210,Scott Milanovich,,Scott,Milanovich,,RET,1973-01-25,Maryland,75.0,220.0,,1996.0,,,,"https://static.www.nfl.com/image/private/f_auto,q_auto/league/c2zxxq36nex9zgb0hmqe"
959,Scott Mitchell,00-0011434,Scott Mitchell,,William,Mitchell,,RET,1968-01-02,Utah,78.0,240.0,1990.0,1991.0,93.0,4.0,MIA,"https://static.www.nfl.com/image/private/f_auto,q_auto/league/fz0nlfjxrivr2uofgv3o"
960,Scott Otis,00-0012443,Scott Otis,,Scott,Otis,,RET,1972-09-28,Glenville State,77.0,230.0,,1996.0,,,,"https://static.www.nfl.com/image/private/f_auto,q_auto/league/pgqqkmepoaw5uf3uhlax"
961,Scott Secules,00-0014630,Scott Secules,,Thomas,Secules,,RET,1964-11-08,Virginia,75.0,220.0,1988.0,1988.0,151.0,6.0,DAL,"https://static.www.nfl.com/image/private/f_auto,q_auto/league/oepezivuhhf43m7q6gum"
962,Scott Stankavage,STA435712,Scott Stankavage,,Leo,Stankavage,,RET,1962-07-05,North Carolina,73.0,194.0,,1984.0,,,,"https://static.www.nfl.com/image/private/f_auto,q_auto/league/yjhnwbgwksygkicwdv0m"
963,Scott Tinsley,TIN646009,Scott Tinsley,,Scott,Tinsley,,RET,1959-11-14,USC,74.0,195.0,,1987.0,,,,"https://static.www.nfl.com/image/private/f_auto,q_auto/league/arncob3az3ompa4rjcqp"
964,Scott Tolzien,00-0028595,Scott Tolzien,Scott,Scott,Tolzien,S.Tolzien,RET,1987-09-04,Wisconsin,74.0,215.0,,2011.0,,,,"https://static.www.nfl.com/image/private/f_auto,q_auto/league/kt8ji3aejylpnpskeqzn"
965,Scott Woolf,WOO713979,Scott Woolf,,Rodney,Woolf,,RET,1961-12-26,Mount Union College; Ohio State,73.0,190.0,,1987.0,,,,"https://static.www.nfl.com/image/private/f_auto,q_auto/league/r7xyk4a4ke6kj7mrym0n"
966,Scott Zolak,00-0018518,Scott Zolak,,Scott,Zolak,,RET,1967-12-13,Maryland,77.0,235.0,1991.0,1991.0,84.0,4.0,NE,"https://static.www.nfl.com/image/private/f_auto,q_auto/league/iiuw5pvofyiqw9dlbbgb"
967,Scotty Glacken,,,,,,,,,,,,,,,,,
968,Sean Canfield,00-0027830,Sean Canfield,,Sean,Canfield,,RET,1986-11-12,Oregon State,76.0,223.0,2010.0,2010.0,239.0,7.0,NO,"https://static.www.nfl.com/image/private/f_auto,q_auto/league/qewelm7mt9edxk6zzeyq"
969,Sean Clifford,00-0038391,Sean Clifford,Sean,Sean,Clifford,S.Clifford,DEV,1998-07-14,Penn State,74.0,212.0,2023.0,2023.0,149.0,5.0,GB,"https://static.www.nfl.com/image/upload/f_auto,q_auto/league/v0tmzl4x5qf2fo2yimqf"
970,Sean Keenan,00-0019295,Sean Keenan,,Sean,Keenan,,RET,1977-01-02,Williams College,75.0,208.0,,2000.0,,,,"https://static.www.nfl.com/image/private/f_auto,q_auto/league/ibygfwdyrkizpztnuenp"
971,Sean Mannion,00-0032245,Sean Mannion,Sean,Sean,Mannion,S.Mannion,RET,1992-04-25,Oregon State,78.0,230.0,2015.0,2015.0,89.0,3.0,LAR,"https://static.www.nfl.com/image/private/f_auto,q_auto/league/lcuc7hhiijmt8xtitm77"
972,Sean Payton,PAY646009,Sean Payton,,Patrick,Payton,,RET,1963-12-29,Eastern Illinois,71.0,200.0,,1987.0,,,,"https://static.www.nfl.com/image/private/f_auto,q_auto/league/o97tkn99gh0gxyqqgw0o"
973,Sean Renfree,00-0030569,Sean Renfree,,Sean,Renfree,,RET,1990-04-28,Duke,77.0,225.0,2013.0,2013.0,249.0,7.0,ATL,"https://static.www.nfl.com/image/private/f_auto,q_auto/league/em0dfm6g2ozrhjejiaet"
974,Sean Salisbury,00-0014270,Sean Salisbury,,Richard,Salisbury,,RET,1963-03-09,USC,77.0,225.0,,1986.0,,,,"https://static.www.nfl.com/image/private/f_auto,q_auto/league/i7r8vxt673kc8dunc5lt"
975,Seneca Wallace,00-0022055,Seneca Wallace,,Seneca,Wallace,,RET,1980-08-06,Iowa State; Sacramento City,71.0,205.0,2003.0,2003.0,110.0,4.0,SEA,"https://static.www.nfl.com/image/private/f_auto,q_auto/league/ytykneqxk0xwqhcrbq9a"
976,Seth Burford,00-0021322,Seth Burford,,Seth,Burford,,RET,1979-03-11,Cal Poly (San Luis Obispo); Idaho State,75.0,241.0,,2002.0,,,,"https://static.www.nfl.com/image/private/f_auto,q_auto/league/bugclsollnzle1ecat1v"
977,Seth Doege,00-0029772,Seth Doege,,Seth,Doege,,RET,1988-12-18,Texas Tech,73.0,197.0,,2013.0,,,,"https://static.www.nfl.com/image/private/f_auto,q_auto/league/ip2cxmlfdq240x9jyp0h"
978,Seth Henigan,00-0040330,Seth Henigan,Seth,Seth,Henigan,S.Henigan,ACT,2003-03-10,Memphis,75.0,215.0,,2025.0,,,,"https://static.www.nfl.com/image/upload/f_auto,q_auto/league/wiwxejmni2scokth3eto"
979,Seth Lobato,00-0030846,Seth Lobato,,Seth,Lobato,,RET,1990-12-05,Northern Colorado,78.0,223.0,,2014.0,,,,"https://static.www.nfl.com/image/private/f_auto,q_auto/league/zydrl4wthytuev4dcn4y"
980,Shane Boyd,00-0023126,Shane Boyd,,Shane,Boyd,,RET,1982-09-18,Kentucky,73.0,232.0,,2006.0,,,,"https://static.www.nfl.com/image/private/f_auto,q_auto/league/tgrikejjijggtdxk0x2f"
981,Shane Buechele,00-0036679,Shane Buechele,Shane,Shane,Buechele,S.Buechele,DEV,1998-01-08,SMU,72.0,210.0,,2021.0,,,,"https://static.www.nfl.com/image/upload/f_auto,q_auto/league/kmbuzxucmmytpuoy8yfc"
982,Shane Matthews,00-0010560,Shane Matthews,,Michael,Matthews,,RET,1970-06-01,Florida; William Rainey Harper College,75.0,199.0,,1993.0,,,,"https://static.www.nfl.com/image/private/f_auto,q_auto/league/pmehfk5wltjokhhzedvn"
983,Shaun Hill,00-0020679,Shaun Hill,Shaun,Shaun,Hill,,RET,1980-01-09,Maryland; Hutchinson CC,75.0,230.0,,2002.0,,,,"https://static.www.nfl.com/image/private/f_auto,q_auto/league/dn42ccbwrshm7uksyphy"
984,Shaun King,00-0009266,Shaun King,,Shaun,King,,RET,1977-05-29,Tulane,73.0,228.0,1999.0,1999.0,50.0,2.0,TB,"https://static.www.nfl.com/image/private/f_auto,q_auto/league/zzxt4aw9qbfahfhixu7v"
985,Shawn Halloran,HAL678000,Shawn Halloran,,Shawn,Halloran,,RET,1964-04-23,Boston College,76.0,217.0,,1987.0,,,,"https://static.www.nfl.com/image/private/f_auto,q_auto/league/mp7aa5lpctnbswhtlbgv"
986,Shawn Moore,00-0011611,Shawn Moore,,Shawn,Moore,,RET,1968-04-04,Virginia,74.0,213.0,1991.0,1991.0,284.0,11.0,DEN,"https://static.www.nfl.com/image/private/f_auto,q_auto/league/msfas2bfns6betxrfpso"
987,Shedeur Sanders,00-0040668,Shedeur Sanders,Shedeur,Shedeur,Sanders,S.Sanders,ACT,2002-02-07,Colorado; Jackson State University,74.0,212.0,2025.0,2025.0,144.0,5.0,CLE,"https://static.www.nfl.com/image/upload/f_auto,q_auto/league/joe08hz6to2madpko8zl"
988,Sherdrick Bonner,00-0001470,Sherdrick Bonner,,Sherdrick,Bonner,,RET,1968-10-19,California State-Northridge,76.0,238.0,,1999.0,,,,"https://static.www.nfl.com/image/private/f_auto,q_auto/league/zffowx5gyv4jre6lqa8k"
989,Skylar Thompson,00-0037327,Skylar Thompson,Skylar,Skylar,Thompson,S.Thompson,RES,1997-06-04,Kansas State,74.0,210.0,2022.0,2022.0,247.0,7.0,MIA,"https://static.www.nfl.com/image/upload/f_auto,q_auto/league/estx7utxpnqif0lto9cq"
990,Sonny Jurgensen,JUR118654,Sonny Jurgensen,,Christian,Jurgensen,,RET,1934-08-23,Duke,71.0,202.0,,1974.0,,,,"https://static.www.nfl.com/image/private/f_auto,q_auto/league/lchsfr6kvo3q1dpnyjes"
991,Spencer Rattler,00-0039376,Spencer Rattler,Spencer,Spencer,Rattler,S.Rattler,INA,2000-09-28,South Carolina; Oklahoma,72.0,211.0,2024.0,2024.0,150.0,5.0,NO,"https://static.www.nfl.com/image/upload/f_auto,q_auto/league/gcgmcf4kex3jsl4rlrng"
992,Spergon Wynn,00-0019553,Spergon Wynn,,Spergon,Wynn,,RET,1978-08-10,Texas State-San Marcos; Minnesota,75.0,226.0,2000.0,2000.0,183.0,6.0,CLE,"https://static.www.nfl.com/image/private/f_auto,q_auto/league/mgu5aq70jj2xbpyriy0f"
993,Stan Gelbaugh,00-0005869,Stan Gelbaugh,,Stanley,Gelbaugh,,RET,1962-12-04,Maryland,75.0,215.0,1986.0,1986.0,150.0,6.0,DAL,"https://static.www.nfl.com/image/private/f_auto,q_auto/league/vrwq2e2pfzkmjrllvi1w"
994,Stan Humphries,00-0007921,Stan Humphries,,William,Humphries,,RET,1965-04-14,Louisiana-Monroe; LSU,74.0,223.0,1988.0,1989.0,159.0,6.0,WAS,"https://static.www.nfl.com/image/private/f_auto,q_auto/league/nbxa7akeappqggeabpbj"
995,Stan White,00-0017575,Stan White,,Stanley,White,,RET,1971-08-14,Auburn,74.0,202.0,,1994.0,,,,"https://static.www.nfl.com/image/private/f_auto,q_auto/league/zwbsmqcuoryl96w3dcmm"
996,Stefan LeFors,00-0023555,Stefan LeFors,,Stefan,LeFors,,RET,1981-06-07,Louisville,72.0,201.0,,2005.0,,,,"https://static.www.nfl.com/image/private/f_auto,q_auto/league/ubspofdzy8zny4aljcrt"
997,Stephen McGee,00-0027071,Stephen McGee,,Stephen,McGee,,RET,1985-09-27,Texas A&M,75.0,225.0,2009.0,2009.0,101.0,4.0,DAL,"https://static.www.nfl.com/image/private/f_auto,q_auto/league/uww4isywytxefrfag7q1"
998,Stephen Morris,00-0030825,Stephen Morris,Stephen,Stephen,Morris,S.Morris,RET,1992-08-27,Miami,74.0,218.0,,2014.0,,,,"https://static.www.nfl.com/image/private/f_auto,q_auto/league/mp8qefshihoqnzkkuhv4"
999,Stetson Bennett,00-0039107,Stetson Bennett,Stetson,Stetson,Bennett,S.Bennett,INA,1997-10-28,Georgia; Jones County JC,71.0,190.0,2023.0,2023.0,128.0,4.0,LAR,"https://static.www.nfl.com/image/upload/f_auto,q_auto/league/s0eo3fstv6rkitzbefzu"
1000,Steve Bartkowski,BAR734085,Steve Bartkowski,,Steven,Bartkowski,,RET,1952-11-12,California,76.0,213.0,1975.0,1975.0,1.0,1.0,ATL,"https://static.www.nfl.com/image/private/f_auto,q_auto/league/vezswr0hfnk222ok87ju"
1001,Steve Beuerlein,00-0001218,Steve Beuerlein,,Stephen,Beuerlein,,RET,1965-03-07,Notre Dame,75.0,220.0,1987.0,1988.0,110.0,4.0,OAK,"https://static.www.nfl.com/image/private/f_auto,q_auto/league/biuxbpl5hymra8j9wg7i"
1002,Steve Bono,00-0001471,Steve Bono,,Steven,Bono,,RET,1962-05-11,UCLA,76.0,215.0,1985.0,1985.0,142.0,6.0,MIN,"https://static.www.nfl.com/image/private/f_auto,q_auto/league/krkjgs7ldvznzpqytyc6"
1003,Steve Bradley,BRA238786,Steve Bradley,,Steven,Bradley,,RET,1963-07-16,Indiana; Valparaiso University,74.0,216.0,1986.0,1987.0,316.0,12.0,CIN,"https://static.www.nfl.com/image/private/f_auto,q_auto/league/otsoekdnoijgw5zrbgst"
1004,Steve DeBerg,00-0004116,Steve DeBerg,,Steven,DeBerg,,RET,1954-01-19,San Jose State; Fullerton,75.0,230.0,1977.0,1977.0,275.0,10.0,DAL,"https://static.www.nfl.com/image/private/f_auto,q_auto/league/v07li1l2otq0hlqdeymd"
1005,Steve Dils,DIL461435,Steve Dils,,Stephen,Dils,,RET,1955-12-08,Stanford,73.0,190.0,1979.0,1979.0,97.0,4.0,MIN,"https://static.www.nfl.com/image/private/f_auto,q_auto/league/ih0z25eoj7ommwssthmv"
1006,Steve Fuller,FUL456819,Steve Fuller,,Stephen,Fuller,,RET,1957-01-05,Clemson,76.0,198.0,1979.0,1979.0,23.0,1.0,KC,"https://static.www.nfl.com/image/private/f_auto,q_auto/league/pwpriz9wpd0epedysmbl"
1007,Steve Grogan,GRO075506,Steve Grogan,,Steven,Grogan,,RET,1953-07-24,Kansas State,76.0,210.0,1975.0,1975.0,116.0,5.0,NE,"https://static.www.nfl.com/image/private/f_auto,q_auto/league/lgtwr9h2e8bey2lyqkco"
1008,Steve Joachim,JOA415291,Steve Joachim,,William,Joachim,,RET,1952-03-27,Temple; Penn State,75.0,215.0,1975.0,1976.0,160.0,7.0,BAL,"https://static.www.nfl.com/image/private/f_auto,q_auto/league/bci7fkqe2lsqaz187kw8"
1009,Steve Matthews,00-0010561,Steve Matthews,,Stephen,Matthews,,RET,1970-10-13,Memphis; Tennessee; William Rainey Harper College,75.0,228.0,1994.0,1994.0,199.0,7.0,KC,"https://static.www.nfl.com/image/private/f_auto,q_auto/league/ss5tzeazyaa0axtq7f1d"
1010,Steve McNair,00-0011024,Steve McNair,,Steve,McNair,,RET,1973-02-14,Alcorn State,74.0,230.0,1995.0,1995.0,3.0,1.0,HOU,"https://static.www.nfl.com/image/private/f_auto,q_auto/league/ywdddxsuykv3cuslv0xo"
1011,Steve Myer,MYE059327,Steve Myer,,Steven,Myer,,RET,1954-07-17,New Mexico; Mt. San Antonio,74.0,191.0,1976.0,1976.0,93.0,4.0,SEA,"https://static.www.nfl.com/image/private/f_auto,q_auto/league/aqdsbchanjaznmvozqpa"
1012,Steve Pelluer,00-0012748,Steve Pelluer,,Steven,Pelluer,,RET,1962-07-29,Washington,76.0,204.0,1984.0,1984.0,113.0,5.0,DAL,"https://static.www.nfl.com/image/private/f_auto,q_auto/league/u8z9jeni8iiwf18kzzju"
1013,Steve Pisarkiewicz,PIS553722,Steve Pisarkiewicz,,Stephen,Pisarkiewicz,,RET,1953-11-10,Missouri,74.0,205.0,1977.0,1977.0,19.0,1.0,LAR,"https://static.www.nfl.com/image/private/f_auto,q_auto/league/i0jmaimc8rksdtwqmius"
1014,Steve Ramsey,RAM674843,Steve Ramsey,,Stephen,Ramsey,,RET,1947-04-22,North Texas,74.0,210.0,,1974.0,,,,"https://static.www.nfl.com/image/private/f_auto,q_auto/league/mlzbxmtkito7mcjdkzqd"
1015,Steve Romanik,,,,,,,,,,,,,,,,,
1016,Steve Slayden,SLA778665,Steve Slayden,,Stephen,Slayden,,RET,1966-01-22,Duke,73.0,185.0,,1988.0,,,,"https://static.www.nfl.com/image/private/f_auto,q_auto/league/qndk6gais19qijogtlty"
1017,Steve Sloan,,,,,,,,,,,,,,,,,
1018,Steve Spurrier,SPU415291,Steve Spurrier,,Steven,Spurrier,,RET,1945-04-20,Florida,74.0,204.0,,1974.0,,,,"https://static.www.nfl.com/image/private/f_auto,q_auto/league/wwncsrabzl0h5xnraaca"
1019,Steve Stenstrom,00-0015627,Steve Stenstrom,,Stephan,Stenstrom,,RET,1971-12-23,Stanford,74.0,202.0,1995.0,1995.0,134.0,4.0,KC,"https://static.www.nfl.com/image/private/f_auto,q_auto/league/ocrooh6d8sdpmrgwsiiu"
1020,Steve Tensi,,,,,,,,,,,,,,,,,
1021,Steve Walsh,00-0017121,Steve Walsh,,Steven,Walsh,,RET,1966-12-01,Miami,75.0,215.0,1989.0,1989.0,1.0,1.0,DAL,"https://static.www.nfl.com/image/private/f_auto,q_auto/league/yt81jzksz5lhcrfjsibt"
1022,Steve Young,00-0018441,Steve Young,,Jon,Young,,RET,1961-10-11,BYU,74.0,215.0,1984.0,1985.0,1.0,1.0,TB,"https://static.www.nfl.com/image/private/f_auto,q_auto/league/kfrm5wzrogcovwymoez8"
1023,Steven Montez,00-0036022,Steven Montez,Steven,Steven,Montez,S.Montez,RET,1997-01-14,Colorado,77.0,235.0,,2020.0,,,,"https://static.www.nfl.com/image/private/f_auto,q_auto/league/tbupgx2dwrivv4xghgik"
1024,Stoney Case,00-0002787,Stoney Case,,Stoney,Case,,RET,1972-07-07,New Mexico,75.0,201.0,1995.0,1995.0,80.0,3.0,ARI,"https://static.www.nfl.com/image/private/f_auto,q_auto/league/xcfymbbw9j5rlg6q4frn"
1025,T.J. Rubley,00-0014129,T.J. Rubley,,Theron,Rubley,,RET,1968-11-29,Tulsa,75.0,212.0,1992.0,1992.0,228.0,9.0,LAR,"https://static.www.nfl.com/image/private/f_auto,q_auto/league/rzjwucyed4lfynsw9b0f"
1026,T.J. Yates,00-0028090,T.J. Yates,T.J.,Taylor,Yates,T.Yates,RET,1987-05-28,North Carolina,76.0,217.0,2011.0,2011.0,152.0,5.0,HOU,"https://static.www.nfl.com/image/private/f_auto,q_auto/league/h8x0pbhc1s5dwjuzipsb"
1027,Tanner Lee,00-0034416,Tanner Lee,Tanner,Tanner,Lee,T.Lee,RET,1995-02-14,Nebraska,76.0,218.0,2018.0,2018.0,203.0,6.0,JAX,"https://static.www.nfl.com/image/private/f_auto,q_auto/league/gijwjhnqkmieyfdh07ry"
1028,Tanner McKee,00-0038400,Tanner McKee,Tanner,Tanner,McKee,T.McKee,ACT,2000-04-27,Stanford,78.0,230.0,2023.0,2023.0,188.0,6.0,PHI,"https://static.www.nfl.com/image/upload/f_auto,q_auto/league/oveivzhzv13jrfvkp8zg"
1029,Tanner Mordecai,00-0039699,Tanner Mordecai,Tanner,Tanner,Mordecai,T.Mordecai,CUT,1999-11-08,Wisconsin; SMU; Oklahoma,74.0,218.0,,2024.0,,,,"https://static.www.nfl.com/image/upload/f_auto,q_auto/league/m9perzblplnzzit1mpzb"
1030,Tanner Morgan,00-0038744,Tanner Morgan,Tanner,Tanner,Morgan,T.Morgan,RET,1999-04-17,Minnesota,74.0,215.0,,2023.0,,,,"https://static.www.nfl.com/image/private/f_auto,q_auto/league/fyovwx8vfxyjx7i9cakj"
1031,Tarvaris Jackson,00-0024279,Tarvaris Jackson,Tarvaris,Tarvaris,Jackson,,RET,1983-04-21,Alabama State; Arkansas,74.0,225.0,2006.0,2006.0,64.0,2.0,MIN,"https://static.www.nfl.com/image/private/f_auto,q_auto/league/bqukmeneztibnhrjko0q"
1032,Taryn Christion,00-0035087,Taryn Christion,Taryn,Taryn,Christion,T.Christion,RET,1997-02-06,South Dakota State,74.0,225.0,,2019.0,,,,"https://static.www.nfl.com/image/private/f_auto,q_auto/league/sxsfdonyuaehsbx4cnhf"
1033,Taylen Green,00-0041092,Taylen Green,Taylen,Taylen,Green,T.Green,RET,2002-10-18,Arkansas; Boise State,78.0,230.0,2026.0,2026.0,182.0,6.0,CLE,"https://static.www.nfl.com/image/upload/f_auto,q_auto/league/ybylky9uitivzresfzt3"
1034,Taylor Heinicke,00-0031800,Taylor Heinicke,Taylor,Taylor,Heinicke,T.Heinicke,CUT,1993-03-15,Old Dominion,73.0,210.0,,2015.0,,,,"https://static.www.nfl.com/image/upload/f_auto,q_auto/league/fz9e0aufjyyo5raclwji"
1035,Taysom Hill,00-0033357,Taysom Hill,Taysom,Taysom,Hill,T.Hill,ACT,1990-08-23,BYU,74.0,221.0,,2017.0,,,,"https://static.www.nfl.com/image/upload/f_auto,q_auto/league/q8itjlocg5do60qat4l3"
1036,Ted Marchibroda,,,,,,,,,,,,,,,,,
1037,Ted White,00-0018589,Ted White,,Theodore,White,,RET,1976-05-29,Howard,74.0,226.0,,1999.0,,,,"https://static.www.nfl.com/image/private/f_auto,q_auto/league/sv0iessgxzyyeciv28lh"
1038,Teddy Bridgewater,00-0031237,Teddy Bridgewater,Teddy,Theodore,Bridgewater,T.Bridgewater,ACT,1992-11-10,Louisville,74.0,210.0,2014.0,2014.0,32.0,1.0,MIN,"https://static.www.nfl.com/image/upload/f_auto,q_auto/league/wggyfg1dgyiwcgxafoen"
1039,Tee Martin,00-0019633,Tee Martin,,Tamaurice,Martin,,RET,1978-07-25,Tennessee,74.0,225.0,2000.0,2000.0,163.0,5.0,PIT,"https://static.www.nfl.com/image/private/f_auto,q_auto/league/l52uxuejljmk4gk0ausk"
1040,Terrelle Pryor,00-0028825,Terrelle Pryor,Terrelle,Terrelle,Pryor,T.Pryor,RET,1989-06-20,Ohio State,76.0,228.0,,2011.0,,,,"https://static.www.nfl.com/image/private/f_auto,q_auto/league/ac6blk5o4ztsr7hvtil9"
1041,Terry Baker,,,,,,,,,,,,,,,,,
1042,Terry Bradshaw,BRA301078,Terry Bradshaw,,Terry,Bradshaw,,RET,1948-09-02,Louisiana Tech,75.0,215.0,,1974.0,,,,"https://static.www.nfl.com/image/private/f_auto,q_auto/league/xmjv8lqrxaspc8joz0v4"
1043,Terry Hanratty,HAN461425,Terry Hanratty,,Terrence,Hanratty,,RET,1948-01-19,Notre Dame,73.0,210.0,,1974.0,,,,"https://static.www.nfl.com/image/private/f_auto,q_auto/league/si5sxjtwhafiqnejrvir"
1044,Terry Luck,LUC593270,Terry Luck,,Terry,Luck,,RET,1952-12-14,Nebraska,75.0,205.0,,1977.0,,,,"https://static.www.nfl.com/image/private/f_auto,q_auto/league/rtlhr99enmtj9iuahiyw"
1045,Terry Nofsinger,,,,,,,,,,,,,,,,,
1046,Terry Nugent,NUG664464,Terry Nugent,,Terence,Nugent,,RET,1961-12-05,Colorado State,76.0,218.0,1984.0,1984.0,158.0,6.0,CLE,"https://static.www.nfl.com/image/private/f_auto,q_auto/league/ztnqksofbwoshsa4sznl"
1047,Thaddeus Lewis,00-0027253,Thaddeus Lewis,Thad,Thaddeus,Lewis,T.Lewis,RET,1987-11-19,Duke,74.0,219.0,,2010.0,,,,"https://static.www.nfl.com/image/private/f_auto,q_auto/league/rvq63xyplycjcoqgkqag"
1048,Tim Boyle,00-0034177,Tim Boyle,Tim,Timothy,Boyle,T.Boyle,RET,1994-10-03,Eastern Kentucky,76.0,232.0,,2018.0,,,,"https://static.www.nfl.com/image/upload/f_auto,q_auto/league/zmfyonfo6ohn5bxqwaxg"
1049,Tim Couch,00-0003535,Tim Couch,,Timothy,Couch,,RET,1977-07-31,Kentucky,76.0,220.0,1999.0,1999.0,1.0,1.0,CLE,"https://static.www.nfl.com/image/private/f_auto,q_auto/league/uwvfr0sckhgi2r583qyg"
1050,Tim Hasselbeck,00-0019816,Tim Hasselbeck,,Timothy,Hasselbeck,,RET,1978-04-06,Boston College,73.0,214.0,,2002.0,,,,"https://static.www.nfl.com/image/private/f_auto,q_auto/league/h2mfvudojfjyl0kduqxi"
1051,Tim Rattay,00-0019623,Tim Rattay,,Timothy,Rattay,,RET,1977-03-15,Louisiana Tech; Scottsdale CC,72.0,200.0,2000.0,2000.0,212.0,7.0,SF,"https://static.www.nfl.com/image/private/f_auto,q_auto/league/sxkzdrtlgxo5khpoar8e"
1052,Tim Riordan,RIO622935,Tim Riordan,,Timothy,Riordan,,RET,1960-07-15,Temple,73.0,185.0,1984.0,1987.0,73.0,3.0,LAR,"https://static.www.nfl.com/image/private/f_auto,q_auto/league/t9dkfeoj9c9c1trpfd5a"
1053,Tim Tebow,00-0027876,Tim Tebow,Tim,Timothy,Tebow,T.Tebow,RET,1987-08-14,Florida,75.0,236.0,2010.0,2010.0,25.0,1.0,DEN,"https://static.www.nfl.com/image/private/f_auto,q_auto/league/s2erlgjztwbsquplostx"
1054,Tim Van Galder,,,,,,,,,,,,,,,,,
1055,Timm Rosenbach,00-0014043,Timm Rosenbach,,Timm,Rosenbach,,RET,1966-10-27,Washington State,74.0,215.0,1989.0,1989.0,2.0,1.0,ARI,"https://static.www.nfl.com/image/private/f_auto,q_auto/league/nrzjfx4vgxd6m1vp8pck"
1056,Tobin Rote,,,,,,,,,,,,,,,,,
1057,Todd Blackledge,BLA224939,Todd Blackledge,,Todd,Blackledge,,RET,1961-02-25,Penn State,75.0,225.0,1983.0,1983.0,7.0,1.0,KC,"https://static.www.nfl.com/image/private/f_auto,q_auto/league/gy3cxtfxetgbeiorhyga"
1058,Todd Bouman,00-0001545,Todd Bouman,,Todd,Bouman,,RET,1972-08-01,St. Cloud State University; South Dakota State,74.0,236.0,,1997.0,,,,"https://static.www.nfl.com/image/private/f_auto,q_auto/league/tm23xzlohyhulzy9pg69"
1059,Todd Collins,00-0003315,Todd Collins,,Todd,Collins,,RET,1971-11-05,Michigan,76.0,223.0,1995.0,1995.0,45.0,2.0,BUF,"https://static.www.nfl.com/image/private/f_auto,q_auto/league/vggpgpp9tb4aoeejafze"
1060,Todd Hons,HON553722,Todd Hons,,Todd,Hons,,RET,1961-09-05,Arizona State; El Camino,73.0,195.0,,1987.0,,,,"https://static.www.nfl.com/image/private/f_auto,q_auto/league/ge0rohvo75fdkqlxq2qr"
1061,Todd Husak,00-0019622,Todd Husak,,Todd,Husak,,RET,1978-07-06,Stanford,75.0,216.0,2000.0,2000.0,202.0,6.0,WAS,"https://static.www.nfl.com/image/private/f_auto,q_auto/league/lon1wdqsqobo6vhjdylb"
1062,Todd Krueger,KRU447237,Todd Krueger,,Todd,Krueger,,RET,1957-09-10,Northern Michigan University,76.0,200.0,,1987.0,,,,"https://static.www.nfl.com/image/private/f_auto,q_auto/league/lgkaoh1wkfbtanrgljxf"
1063,Todd Marinovich,MAR159727,Todd Marinovich,,Todd,Marinovich,,RET,1969-07-04,USC,76.0,220.0,1991.0,1991.0,24.0,1.0,OAK,"https://static.www.nfl.com/image/private/f_auto,q_auto/league/by6urgiqy6z6t8proz5f"
1064,Todd Philcox,00-0012910,Todd Philcox,,Todd,Philcox,,RET,1966-09-25,Syracuse,76.0,218.0,,1990.0,,,,"https://static.www.nfl.com/image/private/f_auto,q_auto/league/fo2dn1qemzmmgditlcvl"
1065,Todd Santos,SAN804030,Todd Santos,,Todd,Santos,,RET,1964-02-12,San Diego State,74.0,207.0,,1988.0,,,,"https://static.www.nfl.com/image/private/f_auto,q_auto/league/levvn1emjihq5zzkc1c4"
1066,Todd Whitten,WHI746560,Todd Whitten,,Phillip,Whitten,,RET,1965-02-16,Stephen F. Austin State,72.0,185.0,,1987.0,,,,"https://static.www.nfl.com/image/private/f_auto,q_auto/league/o4qpidqyuigj2pkgfkra"
1067,Tom Arth,00-0021640,Tom Arth,,Thomas,Arth,,RET,1981-05-11,John Carroll University,76.0,235.0,,2003.0,,,,"https://static.www.nfl.com/image/private/f_auto,q_auto/league/xjxswajlu2svuscv7lme"
1068,Tom Brady,00-0019596,Tom Brady,Tom,Thomas,Brady,T.Brady,RET,1977-08-03,Michigan,76.0,225.0,2000.0,2000.0,199.0,6.0,NE,"https://static.www.nfl.com/image/private/f_auto,q_auto/league/q7dpdlxyu5rs05rgh1le"
1069,Tom Brandstater,00-0027121,Tom Brandstater,,Thomas,Brandstater,,RET,1984-10-21,Fresno State,77.0,223.0,2009.0,2009.0,174.0,6.0,DEN,"https://static.www.nfl.com/image/private/f_auto,q_auto/league/gf0g34aefzt5i22bshlm"
1070,Tom Clements,CLE316408,Tom Clements,,Thomas,Clements,,RET,1953-06-18,Notre Dame,72.0,183.0,,1980.0,,,,"https://static.www.nfl.com/image/private/f_auto,q_auto/league/gh9yqedqunkvvd1fnfat"
1071,Tom Dublinski,,,,,,,,,,,,,,,,,
1072,Tom Duniven,DUN458997,Tom Duniven,,James,Duniven,,RET,1954-05-20,Texas Tech,75.0,210.0,1977.0,1977.0,160.0,6.0,CIN,"https://static.www.nfl.com/image/private/f_auto,q_auto/league/pkypqfzf0ymdxshxukod"
1073,Tom Flick,FLI207645,Tom Flick,,Thomas,Flick,,RET,1958-08-30,Washington,74.0,190.0,1981.0,1981.0,90.0,4.0,WAS,"https://static.www.nfl.com/image/private/f_auto,q_auto/league/hf9sir6osopx21hr4e9m"
1074,Tom Flores,,,,,,,,,,,,,,,,,
1075,Tom Greene,,,,,,,,,,,,,,,,,
1076,Tom Hodson,00-0007547,Tom Hodson,,Thomas,Hodson,,RET,1967-01-28,LSU,75.0,195.0,1990.0,1990.0,59.0,3.0,NE,"https://static.www.nfl.com/image/private/f_auto,q_auto/league/q374mokioypf8wbtmoyf"
1077,Tom Kennedy,,,,,,,,,,,,,,,,,
1078,Tom Landry,,,,,,,,,,,,,,,,,
1079,Tom Matte,,,,,,,,,,,,,,,,,
1080,Tom Owen,OWE132892,Tom Owen,,Willis,Owen,,RET,1952-09-01,Wichita State University,73.0,195.0,1974.0,1974.0,322.0,13.0,SF,"https://static.www.nfl.com/image/private/f_auto,q_auto/league/bhf4giw7dijqfcrgnevs"
1081,Tom Ramsey,RAM726754,Tom Ramsey,,Thomas,Ramsey,,RET,1961-07-09,UCLA,73.0,189.0,1983.0,1985.0,267.0,10.0,NE,"https://static.www.nfl.com/image/private/f_auto,q_auto/league/tfibsn8uzg2p40jzb9fg"
1082,Tom Savage,00-0031064,Tom Savage,Tom,Thomas,Savage,T.Savage,RET,1990-04-26,Pittsburgh; Arizona; Rutgers,76.0,230.0,2014.0,2014.0,135.0,4.0,HOU,"https://static.www.nfl.com/image/private/f_auto,q_auto/league/ovqvn8ei0thwn7si83n8"
1083,Tom Sherman,,,,,,,,,,,,,,,,,
1084,Tom Tupa,,,,,,,,,,,,,,,,,
1085,Tom Yewcic,,,,,,,,,,,,,,,,,
1086,Tommy DeVito,00-0038476,Tommy DeVito,Tommy,Thomas,DeVito,T.DeVito,INA,1998-08-07,Illinois; Syracuse,74.0,210.0,,2023.0,,,,"https://static.www.nfl.com/image/upload/f_auto,q_auto/league/hb3m2zbfb5aprw6vdqx8"
1087,Tommy Kramer,KRA478211,Tommy Kramer,,Thomas,Kramer,,RET,1955-03-07,Rice,74.0,200.0,1977.0,1977.0,27.0,1.0,MIN,"https://static.www.nfl.com/image/private/f_auto,q_auto/league/a6ritwqkenxrqsrtuvfj"
1088,Tommy Maddox,00-0010261,Tommy Maddox,,Thomas,Maddox,,RET,1971-09-02,UCLA,76.0,219.0,1992.0,1992.0,25.0,1.0,DEN,"https://static.www.nfl.com/image/private/f_auto,q_auto/league/fit1hkkp3q9y4ypcezz6"
1089,Tommy O'Connell,,,,,,,,,,,,,,,,,
1090,Tommy Stevens,00-0036433,Tommy Stevens,Tommy,Tommy,Stevens,T.Stevens,RET,1996-12-15,Mississippi State,77.0,235.0,2020.0,2020.0,240.0,7.0,NO,"https://static.www.nfl.com/image/private/f_auto,q_auto/league/d0k0fuhrprnvp1q3p16a"
1091,Tommy Thompson,,,,,,,,,,,,,,,,,
1092,Tommy Wade,,,,,,,,,,,,,,,,,
1093,Tony Adams,ADA110744,Tony Adams,,Anthony,Adams,,RET,1950-03-09,Utah State; Texas,72.0,198.0,,1975.0,,,,"https://static.www.nfl.com/image/private/f_auto,q_auto/league/hg2szmeexh3xuhyotfwf"
1094,Tony Banks,00-0000722,Tony Banks,,Anthony,Banks,,RET,1973-04-05,Michigan State; San Diego Mesa College,76.0,229.0,1996.0,1996.0,42.0,2.0,LAR,"https://static.www.nfl.com/image/private/f_auto,q_auto/league/hqkmwrxcl87hziuhdcdv"
1095,Tony Eason,EAS332232,Tony Eason,,Charles,Eason,,RET,1959-10-08,Illinois; American River,76.0,212.0,1983.0,1983.0,15.0,1.0,NE,"https://static.www.nfl.com/image/private/f_auto,q_auto/league/myvko8qvzooxmjisnkbo"
1096,Tony Graziani,00-0006299,Tony Graziani,,Anthony,Graziani,,RET,1973-12-23,Oregon,74.0,215.0,1997.0,1997.0,204.0,7.0,ATL,"https://static.www.nfl.com/image/private/f_auto,q_auto/league/huodkz48bw6qpl3rgmeb"
1097,Tony Pike,00-0027801,Tony Pike,,Anthony,Pike,,RET,1986-03-10,Cincinnati,78.0,222.0,2010.0,2010.0,204.0,6.0,CAR,"https://static.www.nfl.com/image/private/f_auto,q_auto/league/dkknksa46t1bcfioyirj"
1098,Tony Robinson,ROB595848,Tony Robinson,,Kevin,Robinson,,RET,1964-01-22,Tennessee,75.0,200.0,,1987.0,,,,"https://static.www.nfl.com/image/private/f_auto,q_auto/league/iethfqpn9k6jqnxvafnf"
1099,Tony Romo,00-0021678,Tony Romo,Tony,Antonio,Romo,,RET,1980-04-21,Eastern Illinois,74.0,230.0,,2003.0,,,,"https://static.www.nfl.com/image/private/f_auto,q_auto/league/rdgaxf7djip2ovlkeqjk"
1100,Tony Sacca,SAC090322,Tony Sacca,,Anthony,Sacca,,RET,1970-04-17,Penn State,77.0,234.0,1992.0,1992.0,46.0,2.0,ARI,"https://static.www.nfl.com/image/private/f_auto,q_auto/league/p9mnjdyfclsnec8tl5fd"
1101,Tory Woodbury,00-0020126,Tory Woodbury,,Tory,Woodbury,,RET,1978-07-12,Winston Salem State University,74.0,208.0,,2001.0,,,,"https://static.www.nfl.com/image/private/f_auto,q_auto/league/titxqkw2ixrlodjcqivm"
1102,Trace McSorley,00-0035146,Trace McSorley,Trace,Richard,McSorley,T.McSorley,RET,1995-08-23,Penn State,72.0,202.0,2019.0,2019.0,197.0,6.0,BAL,"https://static.www.nfl.com/image/private/f_auto,q_auto/league/gfl6nhrkzshnhcsxfvqy"
1103,Travis Brown,00-0019192,Travis Brown,,Travis,Brown,,RET,1977-07-17,Northern Arizona,75.0,215.0,,2000.0,,,,"https://static.www.nfl.com/image/private/f_auto,q_auto/league/f1hbul879lhnqs43w6p1"
1104,Travis Lulay,00-0023899,Travis Lulay,,Travis,Lulay,,RET,1983-09-27,Montana State,74.0,216.0,,2007.0,,,,"https://static.www.nfl.com/image/private/f_auto,q_auto/league/isq4mul7olkophomfzkg"
1105,Travis Tidwell,,,,,,,,,,,,,,,,,
1106,Trent Dilfer,00-0004293,Trent Dilfer,,Trent,Dilfer,,RET,1972-03-13,Fresno State,76.0,247.0,1994.0,1994.0,6.0,1.0,TB,"https://static.www.nfl.com/image/private/f_auto,q_auto/league/ssbi0ektdltubjtxsbvv"
1107,Trent Edwards,00-0025479,Trent Edwards,,Trent,Edwards,,RET,1983-10-30,Stanford,76.0,230.0,2007.0,2007.0,92.0,3.0,BUF,"https://static.www.nfl.com/image/private/f_auto,q_auto/league/vfm0tkszemtmfvpstc6j"
1108,Trent Green,00-0006355,Trent Green,,Trent,Green,,RET,1970-07-09,Indiana,75.0,208.0,1993.0,1993.0,222.0,8.0,LAC,"https://static.www.nfl.com/image/private/f_auto,q_auto/league/pwsxlc2rah1aqy1tnbsb"
1109,Trevone Boykin,00-0032462,Trevone Boykin,Trevone,Trevone,Boykin,T.Boykin,RET,1993-08-22,TCU,72.0,213.0,,2016.0,,,,"https://static.www.nfl.com/image/private/f_auto,q_auto/league/nxf2zqb0u0n171qkase5"
1110,Trevor Knight,00-0033607,Trevor Knight,Trevor,Trevor,Knight,T.Knight,RET,1993-10-03,Texas A&M; Oklahoma,73.0,215.0,,2017.0,,,,"https://static.www.nfl.com/image/private/f_auto,q_auto/league/tlcwfajqlfbcxetwjx6t"
1111,Trevor Lawrence,00-0036971,Trevor Lawrence,Trevor,William,Lawrence,T.Lawrence,ACT,1999-10-06,Clemson,78.0,220.0,2021.0,2021.0,1.0,1.0,JAX,"https://static.www.nfl.com/image/upload/f_auto,q_auto/league/k9uzdernqkx7oquy7dkg"
1112,Trevor Siemian,00-0032156,Trevor Siemian,Trevor,Trevor,Siemian,T.Siemian,DEV,1991-12-26,Northwestern,75.0,220.0,2015.0,2015.0,250.0,7.0,DEN,"https://static.www.nfl.com/image/private/f_auto,q_auto/league/vmksfbms9zefxezf39sb"
1113,Trey Lance,00-0037012,Trey Lance,Trey,Trey,Lance,T.Lance,ACT,2000-05-09,North Dakota State,76.0,226.0,2021.0,2021.0,3.0,1.0,SF,"https://static.www.nfl.com/image/upload/f_auto,q_auto/league/j3psmvvxo13kmbgi60ej"
1114,Troy Aikman,00-0000104,Troy Aikman,,Troy,Aikman,,RET,1966-11-21,UCLA; Oklahoma,76.0,220.0,1989.0,1989.0,1.0,1.0,DAL,"https://static.www.nfl.com/image/private/f_auto,q_auto/league/skagdrvhtf6ywlxwlrou"
1115,Troy Smith,00-0025561,Troy Smith,,Troy,Smith,,RET,1984-07-20,Ohio State,72.0,217.0,2007.0,2007.0,174.0,5.0,BAL,"https://static.www.nfl.com/image/private/f_auto,q_auto/league/of29l0d8dptqlagnvmhl"
1116,Troy Taylor,00-0016151,Troy Taylor,,Troy,Taylor,,RET,1968-04-05,California,76.0,200.0,1990.0,1990.0,84.0,4.0,NYJ,"https://static.www.nfl.com/image/private/f_auto,q_auto/league/iudoakbhdiogditzsiwq"
1117,Tua Tagovailoa,00-0036212,Tua Tagovailoa,Tua,Tuanigamanuolepola,Tagovailoa,T.Tagovailoa,INA,1998-03-02,Alabama,73.0,225.0,2020.0,2020.0,5.0,1.0,MIA,"https://static.www.nfl.com/image/upload/f_auto,q_auto/league/tmm4ohds7qci0vqoobhm"
1118,Turk Schonert,SCH469430,Turk Schonert,,Turk,Schonert,,RET,1957-01-15,Stanford,73.0,191.0,1980.0,1980.0,242.0,9.0,CHI,"https://static.www.nfl.com/image/private/f_auto,q_auto/league/oc4pdlwogbmau0yi80fq"
1119,Ty Detmer,00-0004230,Ty Detmer,,Ty,Detmer,,RET,1967-10-30,BYU,72.0,189.0,1992.0,1992.0,230.0,9.0,GB,"https://static.www.nfl.com/image/private/f_auto,q_auto/league/xfjfwb1uf3ubcey7rzwz"
1120,Ty Simpson,00-0041568,Ty Simpson,Ty,Tyler,Simpson,T.Simpson,RET,2002-12-21,Alabama,73.0,211.0,2026.0,2026.0,13.0,1.0,LAR,"https://static.www.nfl.com/image/upload/f_auto,q_auto/league/lbvqgmsidrpxh1jyyey6"
1121,Tyler Bray,00-0030151,Tyler Bray,Tyler,Tyler,Bray,T.Bray,RET,1991-12-27,Tennessee,78.0,223.0,,2013.0,,,,"https://static.www.nfl.com/image/private/f_auto,q_auto/league/hlzuryxbamsj6di3q6ps"
1122,Tyler Ferguson,00-0033799,Tyler Ferguson,Tyler,Tyler,Ferguson,T.Ferguson,RET,1994-01-07,Western Kentucky,74.0,224.0,,2017.0,,,,"https://static.www.nfl.com/image/private/f_auto,q_auto/league/iz0r4h9whnmc3cxokhyt"
1123,Tyler Huntley,00-0035993,Tyler Huntley,Tyler,Tyler,Huntley,T.Huntley,ACT,1998-02-03,Utah,73.0,204.0,,2020.0,,,,"https://static.www.nfl.com/image/upload/f_auto,q_auto/league/fxyjf9d5qkwqjdd8ypvv"
1124,Tyler Palko,00-0024812,Tyler Palko,,Tyler,Palko,,RET,1983-08-09,Pittsburgh,73.0,215.0,,2007.0,,,,"https://static.www.nfl.com/image/private/f_auto,q_auto/league/obcd7rd8hlqkhsiahexa"
1125,Tyler Shough,00-0040743,Tyler Shough,Tyler,Tyler,Shough,T.Shough,ACT,1999-09-28,Louisville; Texas Tech; Oregon,77.0,219.0,2025.0,2025.0,40.0,2.0,NO,"https://static.www.nfl.com/image/upload/f_auto,q_auto/league/toiafc7qighw86geo7jf"
1126,Tyler Thigpen,00-0025604,Tyler Thigpen,,Tyler,Thigpen,,RET,1984-04-14,Coastal Carolina,73.0,216.0,2007.0,2007.0,217.0,7.0,MIN,"https://static.www.nfl.com/image/private/f_auto,q_auto/league/t5hyo9kscmesf9ymrsnd"
1127,Tyler Wilson,00-0030568,Tyler Wilson,,James,Wilson,,RET,1989-08-16,Arkansas,74.0,215.0,2013.0,2013.0,112.0,4.0,OAK,"https://static.www.nfl.com/image/private/f_auto,q_auto/league/tz0e6yxxqmn9gshg9jlu"
1128,Tyrod Taylor,00-0028118,Tyrod Taylor,Tyrod,Tyrod,Taylor,T.Taylor,INA,1989-08-03,Virginia Tech,73.0,217.0,2011.0,2011.0,180.0,6.0,BAL,"https://static.www.nfl.com/image/upload/f_auto,q_auto/league/whpztm9akd7yefplp37r"
1129,Tyson Bagent,00-0038416,Tyson Bagent,Tyson,Tyson,Bagent,T.Bagent,ACT,2000-06-08,Shepherd,75.0,213.0,,2023.0,,,,"https://static.www.nfl.com/image/upload/f_auto,q_auto/league/ymimvligfyrucu0v3p6a"
1130,Vince Evans,00-0005010,Vince Evans,,Vincent,Evans,,RET,1955-06-14,USC; Los Angeles City College,74.0,215.0,1977.0,1977.0,140.0,6.0,CHI,"https://static.www.nfl.com/image/private/f_auto,q_auto/league/zfacengwqw596mxqdxgf"
1131,Vince Ferragamo,FER553716,Vince Ferragamo,,Vincent,Ferragamo,,RET,1954-04-24,Nebraska; California,75.0,212.0,1977.0,1977.0,91.0,4.0,LAR,"https://static.www.nfl.com/image/private/f_auto,q_auto/league/tc2qspexlyzkc3dqreog"
1132,Vince Young,00-0024218,Vince Young,,Vincent,Young,,RET,1983-05-18,Texas,77.0,232.0,2006.0,2006.0,3.0,1.0,TEN,"https://static.www.nfl.com/image/private/f_auto,q_auto/league/wwrmv8nloaoc4pstsm0y"
1133,Vinny Testaverde,00-0016193,Vinny Testaverde,,Vincent,Testaverde,,RET,1963-11-13,Miami,77.0,233.0,1987.0,1987.0,1.0,1.0,TB,"https://static.www.nfl.com/image/private/f_auto,q_auto/league/yebpzovaiscoksnjnq6x"
1134,Virgil Carter,CAR751374,Virgil Carter,,Virgil,Carter,,RET,1945-11-09,BYU,73.0,192.0,,1975.0,,,,"https://static.www.nfl.com/image/private/f_auto,q_auto/league/oqlsr1nq9undobbwgtyi"
1135,Wade Wilson,00-0018073,Wade Wilson,,Charles,Wilson,,RET,1959-02-01,Texas A&M-Commerce,75.0,210.0,1981.0,1981.0,210.0,8.0,MIN,"https://static.www.nfl.com/image/private/f_auto,q_auto/league/jqkevkzjckstueaaha3z"
1136,Wally Richardson,00-0013695,Wally Richardson,,Wallace,Richardson,,RET,1974-02-11,Penn State,76.0,225.0,1997.0,1997.0,234.0,7.0,BAL,"https://static.www.nfl.com/image/private/f_auto,q_auto/league/ktpu3cz37tld72fsvdvp"
1137,Walter Briggs,BRI212465,Walter Briggs,,Walter,Briggs,,RET,1965-08-06,Montclair State College,73.0,205.0,,1987.0,,,,"https://static.www.nfl.com/image/private/f_auto,q_auto/league/tdurxcnf3wt2rsxfw6fl"
1138,Warren Moon,00-0011524,Warren Moon,,Harold,Moon,,RET,1956-11-18,Washington; West Los Angeles College,75.0,221.0,,1984.0,,,,"https://static.www.nfl.com/image/private/f_auto,q_auto/league/nmnwarb1fy1d8xrefvfc"
1139,Warren Rabb,,,,,,,,,,,,,,,,,
1140,Wayne Clark,CLA598734,Wayne Clark,,Wayne,Clark,,RET,1947-05-30,Alliant International University,74.0,203.0,,1974.0,,,,"https://static.www.nfl.com/image/private/f_auto,q_auto/league/smpz2hkezp6tp2qho50v"
1141,Wayne Johnson,JOH747978,Wayne Johnson,,Wayne,Johnson,,RET,1966-04-13,Georgia,76.0,221.0,,1989.0,,,,"https://static.www.nfl.com/image/private/f_auto,q_auto/league/hvkrsx72vaxfpst8owvm"
1142,Wes Pate,00-0021338,Wes Pate,,John,Pate,,RET,1979-03-24,Stephen F. Austin State; Louisiana Tech,74.0,228.0,,2003.0,,,,"https://static.www.nfl.com/image/private/f_auto,q_auto/league/nfa1pjlueks44wgqlxuc"
1143,Will Cureton,CUR127780,Will Cureton,,William,Cureton,,RET,1950-12-02,Texas A&M-Commerce,75.0,200.0,,1974.0,,,,"https://static.www.nfl.com/image/private/f_auto,q_auto/league/en8uabpjqslceitpjrce"
1144,Will Furrer,00-0005656,Will Furrer,,William,Furrer,,RET,1968-02-05,Virginia Tech,75.0,215.0,1992.0,1992.0,107.0,4.0,CHI,"https://static.www.nfl.com/image/private/f_auto,q_auto/league/j6s3wtystta5cogq4r3r"
1145,Will Grier,00-0035251,Will Grier,Will,Will,Grier,W.Grier,DEV,1995-04-03,West Virginia; Florida State,73.0,212.0,2019.0,2019.0,100.0,3.0,CAR,"https://static.www.nfl.com/image/upload/f_auto,q_auto/league/c8cmoyu2wemjpl6ctk9g"
1146,Will Howard,00-0040203,Will Howard,Will,Will,Howard,W.Howard,INA,2001-09-24,Ohio State; Kansas State,76.0,235.0,2025.0,2025.0,185.0,6.0,PIT,"https://static.www.nfl.com/image/upload/f_auto,q_auto/league/wzt7xj9ownxfit5igpcd"
1147,Will Levis,00-0039152,Will Levis,Will,Will,Levis,W.Levis,RES,1999-06-27,Kentucky; Penn State,76.0,229.0,2023.0,2023.0,33.0,2.0,TEN,"https://static.www.nfl.com/image/upload/f_auto,q_auto/league/n7usvaleeuqvwomo68kf"
1148,Willie Gillus,GIL740784,Willie Gillus,,Willie,Gillus,,RET,1963-09-01,Norfolk State,76.0,215.0,,1987.0,,,,"https://static.www.nfl.com/image/private/f_auto,q_auto/league/zgl6opdmwevqw7lffpcb"
1149,Willie Totten,TOT622935,Willie Totten,,Willie,Totten,,RET,1962-07-04,Mississippi Valley State University,74.0,195.0,,1987.0,,,,"https://static.www.nfl.com/image/private/f_auto,q_auto/league/mxckx1ehxcsnmuifl0k1"
1150,Y.A. Tittle,,,,,,,,,,,,,,,,,
1151,Zac Dysert,00-0030394,Zac Dysert,Zac,Zac,Dysert,,RET,1990-02-08,Miami (Ohio),75.0,221.0,2013.0,2013.0,234.0,7.0,DEN,"https://static.www.nfl.com/image/private/f_auto,q_auto/league/fmvdysxxejgh1p0poxzu"
1152,Zac Robinson,00-0027841,Zac Robinson,,Zac,Robinson,,RET,1986-09-29,Oklahoma State,75.0,208.0,2010.0,2010.0,250.0,7.0,NE,"https://static.www.nfl.com/image/private/f_auto,q_auto/league/ray7ktvmkcmlc7kea0um"
1153,Zach Mettenberger,00-0031266,Zach Mettenberger,,Zachary,Mettenberger,,RET,1991-07-16,LSU; Butler County JC; Georgia,77.0,224.0,2014.0,2014.0,178.0,6.0,TEN,"https://static.www.nfl.com/image/private/f_auto,q_auto/league/gzgmz3e71dbcvitge8gs"
1154,Zach Wilson,00-0037013,Zach Wilson,Zach,Zachary,Wilson,Z.Wilson,ACT,1999-08-03,BYU,74.0,214.0,2021.0,2021.0,2.0,1.0,NYJ,"https://static.www.nfl.com/image/upload/f_auto,q_auto/league/i17xpbsar7evcypbhtel"
1155,Zeke Bratkowski,,,,,,,,,,,,,,,,,
